image_path,prediction,confidence,Optimistic,Pessimistic,Hostile,Neutral
Sample_Dataset/Reichel/images_with_faces/1001169_523480_image.jpeg,Hostile,0.9959,0.0015,0.0,0.9959,0.0026
Sample_Dataset/Reichel/images_with_faces/1001183_523496_image.jpeg,Neutral,0.5398,0.4582,0.0012,0.0009,0.5398
Sample_Dataset/Reichel/images_with_faces/1001227_523515_image.jpeg,Neutral,0.8501,0.0354,0.0419,0.0726,0.8501
Sample_Dataset/Reichel/images_with_faces/1001245_523536_image.jpeg,Neutral,0.9528,0.0197,0.0083,0.0193,0.9528
Sample_Dataset/Reichel/images_with_faces/1001338_523635_image.jpeg,Optimistic,0.9782,0.9782,0.0108,0.0038,0.0072
Sample_Dataset/Reichel/images_with_faces/1001342_523639_image.jpeg,Optimistic,0.8542,0.8542,0.0031,0.0013,0.1415
Sample_Dataset/Reichel/images_with_faces/1001345_523642_image.jpeg,Optimistic,0.8958,0.8958,0.0044,0.004,0.0958
Sample_Dataset/Reichel/images_with_faces/1001359_523649_image.jpeg,Pessimistic,0.672,0.082,0.672,0.0799,0.166
Sample_Dataset/Reichel/images_with_faces/1001367_523658_image.jpeg,Optimistic,0.5851,0.5851,0.0235,0.1774,0.2139
Sample_Dataset/Reichel/images_with_faces/1001370_523661_image.jpeg,Optimistic,0.8791,0.8791,0.0007,0.0061,0.1142
Sample_Dataset/Reichel/images_with_faces/1001371_523662_image.jpeg,Hostile,0.8747,0.0856,0.0126,0.8747,0.0271
Sample_Dataset/Reichel/images_with_faces/1001378_523670_image.jpeg,Optimistic,0.7468,0.7468,0.0001,0.0017,0.2515
Sample_Dataset/Reichel/images_with_faces/1001432_523718_image.jpeg,Pessimistic,0.8773,0.0028,0.8773,0.1026,0.0173
Sample_Dataset/Reichel/images_with_faces/1001461_523743_image.jpeg,Optimistic,0.9236,0.9236,0.0007,0.0017,0.074
Sample_Dataset/Reichel/images_with_faces/1001589_523828_image.jpeg,Neutral,0.5375,0.3958,0.0003,0.0663,0.5375
Sample_Dataset/Reichel/images_with_faces/1001616_523847_image.jpeg,Optimistic,0.7224,0.7224,0.0168,0.1678,0.093
Sample_Dataset/Reichel/images_with_faces/1001673_523895_image.jpeg,Neutral,0.9211,0.0675,0.0007,0.0107,0.9211
Sample_Dataset/Reichel/images_with_faces/1001699_523901_image.jpeg,Pessimistic,0.6729,0.0019,0.6729,0.3126,0.0126
Sample_Dataset/Reichel/images_with_faces/1001809_523961_image.jpeg,Hostile,0.4047,0.1023,0.2357,0.4047,0.2573
Sample_Dataset/Reichel/images_with_faces/1002066_524089_image.jpeg,Hostile,0.6562,0.0521,0.104,0.6562,0.1877
Sample_Dataset/Reichel/images_with_faces/1002284_524212_image.jpeg,Pessimistic,0.8384,0.0032,0.8384,0.1078,0.0505
Sample_Dataset/Reichel/images_with_faces/1002425_524303_image.jpeg,Unknown,0.3953,0.2317,0.2354,0.1376,0.3953
Sample_Dataset/Reichel/images_with_faces/1002489_524346_image.jpeg,Optimistic,0.9884,0.9884,0.0,0.0002,0.0114
Sample_Dataset/Reichel/images_with_faces/1002723_524511_image.jpeg,Optimistic,0.955,0.955,0.009,0.0033,0.0327
Sample_Dataset/Reichel/images_with_faces/1008141_528632_image.jpeg,Optimistic,0.881,0.881,0.0006,0.0022,0.1162
Sample_Dataset/Reichel/images_with_faces/1008146_528635_image.jpeg,Optimistic,0.8454,0.8454,0.0008,0.002,0.1518
Sample_Dataset/Reichel/images_with_faces/1008189_528678_image.jpeg,Optimistic,0.9431,0.9431,0.0,0.0001,0.0567
Sample_Dataset/Reichel/images_with_faces/1008193_528680_image.jpeg,Optimistic,0.9639,0.9639,0.0,0.0001,0.036
Sample_Dataset/Reichel/images_with_faces/1008210_528698_image.jpeg,Optimistic,0.9842,0.9842,0.0012,0.0009,0.0137
Sample_Dataset/Reichel/images_with_faces/1008255_528740_image.jpeg,Optimistic,0.6441,0.6441,0.0153,0.1676,0.173
Sample_Dataset/Reichel/images_with_faces/1008260_528743_image.jpeg,Optimistic,0.7073,0.7073,0.0264,0.093,0.1733
Sample_Dataset/Reichel/images_with_faces/1008265_528748_image.jpeg,Neutral,0.8141,0.1801,0.0014,0.0044,0.8141
Sample_Dataset/Reichel/images_with_faces/1008266_528749_image.jpeg,Neutral,0.8639,0.1333,0.0009,0.0019,0.8639
Sample_Dataset/Reichel/images_with_faces/1008268_528752_image.jpeg,Neutral,0.9043,0.0945,0.0004,0.0008,0.9043
Sample_Dataset/Reichel/images_with_faces/1008282_528766_image.jpeg,Optimistic,0.5854,0.5854,0.0001,0.0689,0.3456
Sample_Dataset/Reichel/images_with_faces/1008298_528777_image.jpeg,Hostile,0.5275,0.2769,0.0272,0.5275,0.1684
Sample_Dataset/Reichel/images_with_faces/1008467_528928_image.jpeg,Neutral,0.9428,0.0562,0.0001,0.0009,0.9428
Sample_Dataset/Reichel/images_with_faces/1008489_528947_image.jpeg,Neutral,0.9475,0.0515,0.0001,0.001,0.9475
Sample_Dataset/Reichel/images_with_faces/1008544_528986_image.jpeg,Neutral,0.8542,0.1425,0.0002,0.0031,0.8542
Sample_Dataset/Reichel/images_with_faces/1008596_529035_image.jpeg,Neutral,0.857,0.1414,0.0002,0.0013,0.857
Sample_Dataset/Reichel/images_with_faces/1008599_529037_image.jpeg,Neutral,0.9149,0.0726,0.0031,0.0094,0.9149
Sample_Dataset/Reichel/images_with_faces/1008605_529038_image.jpeg,Optimistic,0.8625,0.8625,0.0512,0.0487,0.0376
Sample_Dataset/Reichel/images_with_faces/1008613_529040_image.jpeg,Neutral,0.9681,0.0297,0.0016,0.0006,0.9681
Sample_Dataset/Reichel/images_with_faces/1008614_529041_image.jpeg,Neutral,0.9637,0.0334,0.002,0.0009,0.9637
Sample_Dataset/Reichel/images_with_faces/1008901_529233_image.jpeg,Neutral,0.8682,0.091,0.0006,0.0402,0.8682
Sample_Dataset/Reichel/images_with_faces/1009288_529479_image.jpeg,Hostile,0.5296,0.4682,0.0001,0.5296,0.0021
Sample_Dataset/Reichel/images_with_faces/1009390_529555_image.jpeg,Optimistic,0.668,0.668,0.0222,0.009,0.3008
Sample_Dataset/Reichel/images_with_faces/1009495_529638_image.jpeg,Neutral,0.9149,0.0726,0.0031,0.0094,0.9149
Sample_Dataset/Reichel/images_with_faces/1009509_529641_image.jpeg,Pessimistic,0.7156,0.1122,0.7156,0.1081,0.064
Sample_Dataset/Reichel/images_with_faces/1009522_529644_image.jpeg,Optimistic,0.9765,0.9765,0.0004,0.0197,0.0034
Sample_Dataset/Reichel/images_with_faces/1009580_529693_image.jpeg,Optimistic,0.9201,0.9201,0.0005,0.0015,0.0779
Sample_Dataset/Reichel/images_with_faces/1009581_529694_image.jpeg,Neutral,0.5113,0.4863,0.0008,0.0016,0.5113
Sample_Dataset/Reichel/images_with_faces/1009596_529701_image.jpeg,Neutral,0.4015,0.2224,0.3242,0.0518,0.4015
Sample_Dataset/Reichel/images_with_faces/1009597_529702_image.jpeg,Optimistic,0.8714,0.8714,0.0141,0.1019,0.0126
Sample_Dataset/Reichel/images_with_faces/1009611_529708_image.jpeg,Hostile,0.5134,0.4439,0.0129,0.5134,0.0297
Sample_Dataset/Reichel/images_with_faces/1013149_532839_image.jpeg,Optimistic,0.991,0.991,0.0009,0.0005,0.0076
Sample_Dataset/Reichel/images_with_faces/1013836_533333_image.jpeg,Optimistic,0.4546,0.4546,0.0001,0.1584,0.387
Sample_Dataset/Reichel/images_with_faces/1013871_533363_image.jpeg,Optimistic,0.9241,0.9241,0.0036,0.0148,0.0575
Sample_Dataset/Reichel/images_with_faces/1013883_533376_image.jpeg,Neutral,0.8499,0.098,0.0363,0.0158,0.8499
Sample_Dataset/Reichel/images_with_faces/1013910_533403_image.jpeg,Neutral,0.693,0.1161,0.1192,0.0718,0.693
Sample_Dataset/Reichel/images_with_faces/1013912_533405_image.jpeg,Neutral,0.8588,0.0119,0.0123,0.1171,0.8588
Sample_Dataset/Reichel/images_with_faces/1013916_533409_image.jpeg,Neutral,0.8493,0.1308,0.0153,0.0046,0.8493
Sample_Dataset/Reichel/images_with_faces/1013922_533415_image.jpeg,Neutral,0.7423,0.1898,0.0319,0.0361,0.7423
Sample_Dataset/Reichel/images_with_faces/1013926_533419_image.jpeg,Neutral,0.7947,0.1923,0.0022,0.0108,0.7947
Sample_Dataset/Reichel/images_with_faces/1013982_533472_image.jpeg,Neutral,0.6309,0.3286,0.0041,0.0364,0.6309
Sample_Dataset/Reichel/images_with_faces/1013987_533477_image.jpeg,Neutral,0.9813,0.0169,0.0005,0.0014,0.9813
Sample_Dataset/Reichel/images_with_faces/1013988_533478_image.jpeg,Neutral,0.763,0.2338,0.0003,0.0029,0.763
Sample_Dataset/Reichel/images_with_faces/1014016_533499_image.jpeg,Hostile,0.4574,0.2942,0.0549,0.4574,0.1935
Sample_Dataset/Reichel/images_with_faces/1014125_533584_image.jpeg,Neutral,0.6735,0.2726,0.0533,0.0006,0.6735
Sample_Dataset/Reichel/images_with_faces/1014216_533686_image.jpeg,Neutral,0.798,0.1134,0.0781,0.0105,0.798
Sample_Dataset/Reichel/images_with_faces/1014356_533749_image.jpeg,Optimistic,0.9636,0.9636,0.0074,0.0016,0.0275
Sample_Dataset/Reichel/images_with_faces/1014632_533947_image.jpeg,Hostile,0.7708,0.087,0.0021,0.7708,0.1402
Sample_Dataset/Reichel/images_with_faces/1014644_533950_image.jpeg,Optimistic,0.9088,0.9088,0.0029,0.004,0.0844
Sample_Dataset/Reichel/images_with_faces/1014659_533957_image.jpeg,Neutral,0.7954,0.1925,0.0099,0.0022,0.7954
Sample_Dataset/Reichel/images_with_faces/1014845_534087_image.jpeg,Optimistic,0.9956,0.9956,0.0038,0.0002,0.0004
Sample_Dataset/Reichel/images_with_faces/1014847_534089_image.jpeg,Optimistic,0.9736,0.9736,0.0134,0.0106,0.0023
Sample_Dataset/Reichel/images_with_faces/1014865_534090_image.jpeg,Unknown,0.3874,0.3874,0.1505,0.3703,0.0917
Sample_Dataset/Reichel/images_with_faces/1014870_534091_image.jpeg,Optimistic,0.4519,0.4519,0.053,0.3397,0.1554
Sample_Dataset/Reichel/images_with_faces/1014989_534200_image.jpeg,Neutral,0.5212,0.1596,0.268,0.0513,0.5212
Sample_Dataset/Reichel/images_with_faces/1014990_534201_image.jpeg,Pessimistic,0.6724,0.3149,0.6724,0.0047,0.0079
Sample_Dataset/Reichel/images_with_faces/1018453_536560_image.jpeg,Neutral,0.5047,0.4883,0.0017,0.0054,0.5047
Sample_Dataset/Reichel/images_with_faces/1018454_536561_image.jpeg,Neutral,0.7781,0.2085,0.0067,0.0067,0.7781
Sample_Dataset/Reichel/images_with_faces/1018471_536575_image.jpeg,Unknown,0.3772,0.2933,0.2848,0.0448,0.3772
Sample_Dataset/Reichel/images_with_faces/1018474_536578_image.jpeg,Optimistic,0.9892,0.9892,0.0007,0.0027,0.0075
Sample_Dataset/Reichel/images_with_faces/1018491_536596_image.jpeg,Optimistic,0.9973,0.9973,0.0,0.0002,0.0025
Sample_Dataset/Reichel/images_with_faces/1018518_536618_image.jpeg,Hostile,0.978,0.0067,0.0029,0.978,0.0124
Sample_Dataset/Reichel/images_with_faces/1018621_536677_image.jpeg,Neutral,0.764,0.0835,0.0018,0.1507,0.764
Sample_Dataset/Reichel/images_with_faces/1018737_536755_image.jpeg,Optimistic,0.9823,0.9823,0.0022,0.004,0.0115
Sample_Dataset/Reichel/images_with_faces/1018874_536864_image.jpeg,Neutral,0.7143,0.1397,0.0428,0.1032,0.7143
Sample_Dataset/Reichel/images_with_faces/1021938_539104_image.jpeg,Optimistic,0.8614,0.8614,0.0066,0.0032,0.1288
Sample_Dataset/Reichel/images_with_faces/1021954_539117_image.jpeg,Optimistic,0.5068,0.5068,0.0437,0.0075,0.442
Sample_Dataset/Reichel/images_with_faces/1022231_539310_image.jpeg,Optimistic,0.9771,0.9771,0.0,0.0001,0.0228
Sample_Dataset/Reichel/images_with_faces/1022273_539331_image.jpeg,Optimistic,0.5947,0.5947,0.0015,0.0002,0.4036
Sample_Dataset/Reichel/images_with_faces/1022337_539369_image.jpeg,Hostile,0.9753,0.0232,0.0005,0.9753,0.001
Sample_Dataset/Reichel/images_with_faces/1022342_539374_image.jpeg,Neutral,0.7082,0.0205,0.2254,0.0459,0.7082
Sample_Dataset/Reichel/images_with_faces/1022586_539467_image.jpeg,Pessimistic,0.9274,0.0029,0.9274,0.022,0.0477
Sample_Dataset/Reichel/images_with_faces/1025202_540946_image.jpeg,Optimistic,0.9159,0.9159,0.0322,0.0071,0.0449
Sample_Dataset/Reichel/images_with_faces/1025226_540964_image.jpeg,Optimistic,0.9995,0.9995,0.0,0.0003,0.0002
Sample_Dataset/Reichel/images_with_faces/1025233_540969_image.jpeg,Optimistic,0.4898,0.4898,0.0019,0.1375,0.3708
Sample_Dataset/Reichel/images_with_faces/1025313_541025_image.jpeg,Neutral,0.4946,0.0421,0.1818,0.2815,0.4946
Sample_Dataset/Reichel/images_with_faces/1025403_541058_image.jpeg,Optimistic,0.9918,0.9918,0.0,0.0031,0.005
Sample_Dataset/Reichel/images_with_faces/1025520_541129_image.jpeg,Optimistic,0.9415,0.9415,0.0149,0.0395,0.0041
Sample_Dataset/Reichel/images_with_faces/1026958_542103_image.jpeg,Neutral,0.999,0.0003,0.0006,0.0002,0.999
Sample_Dataset/Reichel/images_with_faces/1027173_542244_image.jpeg,Neutral,0.7264,0.1033,0.0507,0.1196,0.7264
Sample_Dataset/Reichel/images_with_faces/1027266_542286_image.jpeg,Pessimistic,0.998,0.0009,0.998,0.0003,0.0007
Sample_Dataset/Reichel/images_with_faces/1027267_542287_image.jpeg,Optimistic,0.7438,0.7438,0.0009,0.001,0.2543
Sample_Dataset/Reichel/images_with_faces/1027270_542288_image.jpeg,Neutral,0.9524,0.0389,0.0016,0.0072,0.9524
Sample_Dataset/Reichel/images_with_faces/1028530_543196_image.jpeg,Neutral,0.9876,0.0103,0.0009,0.0013,0.9876
Sample_Dataset/Reichel/images_with_faces/1029912_544030_image.jpeg,Neutral,0.9682,0.0315,0.0001,0.0003,0.9682
Sample_Dataset/Reichel/images_with_faces/1029914_544032_image.jpeg,Hostile,0.5882,0.2703,0.0902,0.5882,0.0512
Sample_Dataset/Reichel/images_with_faces/1029922_544040_image.jpeg,Neutral,0.9795,0.013,0.0008,0.0068,0.9795
Sample_Dataset/Reichel/images_with_faces/1029927_544045_image.jpeg,Neutral,0.784,0.2088,0.0006,0.0067,0.784
Sample_Dataset/Reichel/images_with_faces/1029934_544052_image.jpeg,Neutral,0.6575,0.2483,0.0142,0.08,0.6575
Sample_Dataset/Reichel/images_with_faces/1029936_544055_image.jpeg,Neutral,0.9982,0.0015,0.0002,0.0001,0.9982
Sample_Dataset/Reichel/images_with_faces/1029985_544073_image.jpeg,Pessimistic,0.8585,0.0003,0.8585,0.127,0.0142
Sample_Dataset/Reichel/images_with_faces/1029987_544075_image.jpeg,Optimistic,0.7236,0.7236,0.0441,0.1809,0.0514
Sample_Dataset/Reichel/images_with_faces/1029989_544077_image.jpeg,Neutral,0.9124,0.0641,0.0,0.0235,0.9124
Sample_Dataset/Reichel/images_with_faces/1029994_544079_image.jpeg,Neutral,0.8959,0.1039,0.0,0.0002,0.8959
Sample_Dataset/Reichel/images_with_faces/1030006_544088_image.jpeg,Optimistic,0.8733,0.8733,0.0244,0.0228,0.0794
Sample_Dataset/Reichel/images_with_faces/1030007_544089_image.jpeg,Neutral,0.9582,0.0332,0.0001,0.0085,0.9582
Sample_Dataset/Reichel/images_with_faces/1030015_544096_image.jpeg,Hostile,0.8695,0.0272,0.0225,0.8695,0.0808
Sample_Dataset/Reichel/images_with_faces/1030030_544111_image.jpeg,Neutral,0.5582,0.3937,0.0134,0.0348,0.5582
Sample_Dataset/Reichel/images_with_faces/1030413_544366_image.jpeg,Neutral,0.8547,0.1131,0.0005,0.0317,0.8547
Sample_Dataset/Reichel/images_with_faces/1030488_544413_image.jpeg,Optimistic,0.8445,0.8445,0.003,0.0165,0.136
Sample_Dataset/Reichel/images_with_faces/1031681_545590_image.jpeg,Pessimistic,0.9983,0.0014,0.9983,0.0001,0.0002
Sample_Dataset/Reichel/images_with_faces/1038935_547280_image.jpeg,Neutral,0.8873,0.0597,0.0001,0.0529,0.8873
Sample_Dataset/Reichel/images_with_faces/1038937_547282_image.jpeg,Neutral,0.8374,0.113,0.0058,0.0437,0.8374
Sample_Dataset/Reichel/images_with_faces/1038941_547286_image.jpeg,Optimistic,0.8484,0.8484,0.0005,0.1144,0.0367
Sample_Dataset/Reichel/images_with_faces/1038948_547293_image.jpeg,Optimistic,0.8545,0.8545,0.0043,0.0331,0.1081
Sample_Dataset/Reichel/images_with_faces/1038949_547294_image.jpeg,Neutral,0.8742,0.1251,0.0,0.0007,0.8742
Sample_Dataset/Reichel/images_with_faces/1038951_547296_image.jpeg,Optimistic,0.7891,0.7891,0.0535,0.0195,0.1379
Sample_Dataset/Reichel/images_with_faces/1038953_547298_image.jpeg,Pessimistic,0.8258,0.1261,0.8258,0.0217,0.0264
Sample_Dataset/Reichel/images_with_faces/1038954_547299_image.jpeg,Optimistic,0.4443,0.4443,0.1077,0.0207,0.4273
Sample_Dataset/Reichel/images_with_faces/1038955_547300_image.jpeg,Neutral,0.9178,0.0605,0.0094,0.0122,0.9178
Sample_Dataset/Reichel/images_with_faces/1038956_547301_image.jpeg,Optimistic,0.9093,0.9093,0.0023,0.001,0.0874
Sample_Dataset/Reichel/images_with_faces/1038959_547304_image.jpeg,Optimistic,0.9994,0.9994,0.0,0.0003,0.0003
Sample_Dataset/Reichel/images_with_faces/1038964_547309_image.jpeg,Neutral,0.9502,0.0491,0.0003,0.0005,0.9502
Sample_Dataset/Reichel/images_with_faces/1039000_547341_image.jpeg,Unknown,0.3853,0.269,0.3853,0.1937,0.152
Sample_Dataset/Reichel/images_with_faces/1039005_547345_image.jpeg,Neutral,0.9484,0.0501,0.0,0.0015,0.9484
Sample_Dataset/Reichel/images_with_faces/1039012_547352_image.jpeg,Optimistic,0.983,0.983,0.002,0.0074,0.0076
Sample_Dataset/Reichel/images_with_faces/1039033_547377_image.jpeg,Pessimistic,0.9961,0.0018,0.9961,0.001,0.0012
Sample_Dataset/Reichel/images_with_faces/1039034_547378_image.jpeg,Neutral,0.9531,0.0451,0.0,0.0018,0.9531
Sample_Dataset/Reichel/images_with_faces/1039056_547397_image.jpeg,Optimistic,0.5427,0.5427,0.0393,0.1726,0.2454
Sample_Dataset/Reichel/images_with_faces/1039066_547406_image.jpeg,Optimistic,0.8831,0.8831,0.0002,0.0006,0.1161
Sample_Dataset/Reichel/images_with_faces/1039089_547418_image.jpeg,Optimistic,0.5081,0.5081,0.0002,0.0498,0.4418
Sample_Dataset/Reichel/images_with_faces/1039243_547478_image.jpeg,Optimistic,0.7548,0.7548,0.2196,0.003,0.0226
Sample_Dataset/Reichel/images_with_faces/1039268_547490_image.jpeg,Optimistic,0.9914,0.9914,0.0001,0.0004,0.008
Sample_Dataset/Reichel/images_with_faces/1039301_547504_image.jpeg,Pessimistic,0.5527,0.3734,0.5527,0.0068,0.0671
Sample_Dataset/Reichel/images_with_faces/1039389_547564_image.jpeg,Optimistic,0.9965,0.9965,0.0,0.0001,0.0034
Sample_Dataset/Reichel/images_with_faces/1039390_547565_image.jpeg,Neutral,0.5909,0.4024,0.0053,0.0014,0.5909
Sample_Dataset/Reichel/images_with_faces/1039423_547571_image.jpeg,Optimistic,0.6524,0.6524,0.0003,0.0098,0.3375
Sample_Dataset/Reichel/images_with_faces/1039425_547572_image.jpeg,Unknown,0.3663,0.2752,0.0751,0.2834,0.3663
Sample_Dataset/Reichel/images_with_faces/1039426_547573_image.jpeg,Optimistic,0.5619,0.5619,0.0001,0.0007,0.4373
Sample_Dataset/Reichel/images_with_faces/1039427_547574_image.jpeg,Optimistic,0.9714,0.9714,0.0075,0.012,0.009
Sample_Dataset/Reichel/images_with_faces/1040474_548429_image.jpeg,Optimistic,0.9121,0.9121,0.0001,0.0185,0.0693
Sample_Dataset/Reichel/images_with_faces/1040475_548430_image.jpeg,Optimistic,0.9495,0.9495,0.0006,0.0006,0.0493
Sample_Dataset/Reichel/images_with_faces/1040478_548433_image.jpeg,Neutral,0.9172,0.0824,0.0002,0.0002,0.9172
Sample_Dataset/Reichel/images_with_faces/1040490_548445_image.jpeg,Neutral,0.9864,0.0067,0.0012,0.0056,0.9864
Sample_Dataset/Reichel/images_with_faces/1040494_548449_image.jpeg,Neutral,0.5453,0.2275,0.0678,0.1593,0.5453
Sample_Dataset/Reichel/images_with_faces/1040521_548478_image.jpeg,Optimistic,0.4988,0.4988,0.0017,0.2817,0.2177
Sample_Dataset/Reichel/images_with_faces/1040528_548484_image.jpeg,Optimistic,0.8422,0.8422,0.0034,0.0148,0.1396
Sample_Dataset/Reichel/images_with_faces/1040539_548496_image.jpeg,Neutral,0.5894,0.1973,0.0206,0.1927,0.5894
Sample_Dataset/Reichel/images_with_faces/1040592_548525_image.jpeg,Neutral,0.9236,0.0583,0.0004,0.0177,0.9236
Sample_Dataset/Reichel/images_with_faces/1040599_548530_image.jpeg,Neutral,0.8737,0.1061,0.0001,0.0201,0.8737
Sample_Dataset/Reichel/images_with_faces/1040627_548545_image.jpeg,Hostile,0.554,0.0246,0.3757,0.554,0.0457
Sample_Dataset/Reichel/images_with_faces/1040697_548584_image.jpeg,Hostile,0.9961,0.0002,0.0004,0.9961,0.0033
Sample_Dataset/Reichel/images_with_faces/1040946_548701_image.jpeg,Optimistic,0.6597,0.6597,0.0053,0.1011,0.234
Sample_Dataset/Reichel/images_with_faces/1041111_548796_image.jpeg,Neutral,0.961,0.0274,0.0031,0.0085,0.961
Sample_Dataset/Reichel/images_with_faces/1041191_548853_image.jpeg,Neutral,0.6064,0.3321,0.0041,0.0574,0.6064
Sample_Dataset/Reichel/images_with_faces/1041497_549040_image.jpeg,Optimistic,0.66,0.66,0.0121,0.1369,0.191
Sample_Dataset/Reichel/images_with_faces/1041510_549046_image.jpeg,Optimistic,0.859,0.859,0.0004,0.0003,0.1403
Sample_Dataset/Reichel/images_with_faces/1041512_549048_image.jpeg,Optimistic,0.9996,0.9996,0.0,0.0002,0.0003
Sample_Dataset/Reichel/images_with_faces/1041568_549081_image.jpeg,Optimistic,0.8704,0.8704,0.0161,0.0345,0.079
Sample_Dataset/Reichel/images_with_faces/1041574_549088_image.jpeg,Pessimistic,0.594,0.1025,0.594,0.0199,0.2836
Sample_Dataset/Reichel/images_with_faces/1044342_550969_image.jpeg,Pessimistic,0.9835,0.0009,0.9835,0.0152,0.0004
Sample_Dataset/Reichel/images_with_faces/1044998_551536_image.jpeg,Neutral,0.9809,0.0189,0.0,0.0001,0.9809
Sample_Dataset/Reichel/images_with_faces/1045004_551541_image.jpeg,Neutral,0.9845,0.0139,0.0,0.0017,0.9845
Sample_Dataset/Reichel/images_with_faces/1045011_551547_image.jpeg,Optimistic,0.996,0.996,0.0,0.0023,0.0016
Sample_Dataset/Reichel/images_with_faces/1045023_551559_image.jpeg,Neutral,0.9456,0.0471,0.0001,0.0073,0.9456
Sample_Dataset/Reichel/images_with_faces/1045062_551598_image.jpeg,Neutral,0.9054,0.0912,0.0001,0.0032,0.9054
Sample_Dataset/Reichel/images_with_faces/1045070_551606_image.jpeg,Optimistic,0.9925,0.9925,0.0006,0.004,0.0029
Sample_Dataset/Reichel/images_with_faces/1045104_551638_image.jpeg,Neutral,0.8229,0.1479,0.0002,0.029,0.8229
Sample_Dataset/Reichel/images_with_faces/1045106_551640_image.jpeg,Optimistic,0.5138,0.5138,0.0018,0.0088,0.4755
Sample_Dataset/Reichel/images_with_faces/1045154_551685_image.jpeg,Neutral,0.9886,0.0103,0.0,0.001,0.9886
Sample_Dataset/Reichel/images_with_faces/1045188_551716_image.jpeg,Neutral,0.8484,0.146,0.0011,0.0045,0.8484
Sample_Dataset/Reichel/images_with_faces/1045189_551717_image.jpeg,Neutral,0.6278,0.3563,0.002,0.0139,0.6278
Sample_Dataset/Reichel/images_with_faces/1045193_551721_image.jpeg,Optimistic,0.8894,0.8894,0.0018,0.0006,0.1083
Sample_Dataset/Reichel/images_with_faces/1045200_551729_image.jpeg,Neutral,0.5883,0.3645,0.0195,0.0277,0.5883
Sample_Dataset/Reichel/images_with_faces/1045222_551751_image.jpeg,Pessimistic,0.9663,0.0001,0.9663,0.0044,0.0291
Sample_Dataset/Reichel/images_with_faces/1045230_551758_image.jpeg,Neutral,0.9864,0.0067,0.0012,0.0056,0.9864
Sample_Dataset/Reichel/images_with_faces/1045234_551762_image.jpeg,Neutral,0.9379,0.0615,0.0,0.0006,0.9379
Sample_Dataset/Reichel/images_with_faces/1045263_551777_image.jpeg,Optimistic,0.9997,0.9997,0.0,0.0,0.0002
Sample_Dataset/Reichel/images_with_faces/1045500_551921_image.jpeg,Optimistic,0.8805,0.8805,0.0188,0.0212,0.0795
Sample_Dataset/Reichel/images_with_faces/1045503_551923_image.jpeg,Hostile,0.964,0.0104,0.0011,0.964,0.0244
Sample_Dataset/Reichel/images_with_faces/1046108_552236_image.jpeg,Optimistic,0.5921,0.5921,0.248,0.1171,0.0428
Sample_Dataset/Reichel/images_with_faces/1046240_552332_image.jpeg,Hostile,0.9883,0.0092,0.0,0.9883,0.0025
Sample_Dataset/Reichel/images_with_faces/1046279_552342_image.jpeg,Hostile,0.9984,0.0015,0.0001,0.9984,0.0
Sample_Dataset/Reichel/images_with_faces/1046504_552526_image.jpeg,Hostile,0.5582,0.4133,0.0019,0.5582,0.0266
Sample_Dataset/Reichel/images_with_faces/1046713_552611_image.jpeg,Optimistic,0.6978,0.6978,0.0016,0.0663,0.2343
Sample_Dataset/Reichel/images_with_faces/1046901_552707_image.jpeg,Optimistic,0.8609,0.8609,0.0058,0.0111,0.1222
Sample_Dataset/Reichel/images_with_faces/1046905_552710_image.jpeg,Neutral,0.7722,0.2019,0.0165,0.0094,0.7722
Sample_Dataset/Reichel/images_with_faces/1046923_552719_image.jpeg,Neutral,0.9516,0.0473,0.0001,0.0009,0.9516
Sample_Dataset/Reichel/images_with_faces/1046929_552721_image.jpeg,Neutral,0.9309,0.0684,0.0003,0.0004,0.9309
Sample_Dataset/Reichel/images_with_faces/1046997_552760_image.jpeg,Pessimistic,0.4103,0.3686,0.4103,0.0279,0.1931
Sample_Dataset/Reichel/images_with_faces/1047071_552800_image.jpeg,Hostile,0.9819,0.0028,0.0004,0.9819,0.0149
Sample_Dataset/Reichel/images_with_faces/1047079_552806_image.jpeg,Neutral,0.4556,0.1323,0.3477,0.0644,0.4556
Sample_Dataset/Reichel/images_with_faces/1049199_554363_image.jpeg,Neutral,0.8729,0.099,0.0009,0.0272,0.8729
Sample_Dataset/Reichel/images_with_faces/1049203_554367_image.jpeg,Optimistic,0.9026,0.9026,0.0127,0.0207,0.064
Sample_Dataset/Reichel/images_with_faces/1049204_554368_image.jpeg,Neutral,0.8734,0.0928,0.0025,0.0313,0.8734
Sample_Dataset/Reichel/images_with_faces/1049206_554370_image.jpeg,Neutral,0.6212,0.3244,0.0143,0.0401,0.6212
Sample_Dataset/Reichel/images_with_faces/1049207_554371_image.jpeg,Optimistic,0.4966,0.4966,0.0003,0.0214,0.4817
Sample_Dataset/Reichel/images_with_faces/1049208_554372_image.jpeg,Neutral,0.8265,0.1223,0.0442,0.0071,0.8265
Sample_Dataset/Reichel/images_with_faces/1049209_554373_image.jpeg,Neutral,0.7909,0.1723,0.0142,0.0226,0.7909
Sample_Dataset/Reichel/images_with_faces/1049210_554374_image.jpeg,Neutral,0.8904,0.0634,0.0172,0.029,0.8904
Sample_Dataset/Reichel/images_with_faces/1049211_554375_image.jpeg,Optimistic,0.568,0.568,0.0058,0.0039,0.4223
Sample_Dataset/Reichel/images_with_faces/1049213_554376_image.jpeg,Neutral,0.6345,0.3615,0.0002,0.0038,0.6345
Sample_Dataset/Reichel/images_with_faces/1049214_554377_image.jpeg,Neutral,0.7992,0.1971,0.0004,0.0034,0.7992
Sample_Dataset/Reichel/images_with_faces/1053115_556658_image.jpeg,Neutral,0.7813,0.1443,0.0065,0.0679,0.7813
Sample_Dataset/Reichel/images_with_faces/1053124_556667_image.jpeg,Neutral,0.9087,0.0464,0.0017,0.0433,0.9087
Sample_Dataset/Reichel/images_with_faces/1053128_556671_image.jpeg,Optimistic,0.6028,0.6028,0.0026,0.0187,0.3759
Sample_Dataset/Reichel/images_with_faces/1053142_556685_image.jpeg,Optimistic,0.705,0.705,0.0129,0.01,0.2722
Sample_Dataset/Reichel/images_with_faces/1053163_556706_image.jpeg,Pessimistic,0.8713,0.0027,0.8713,0.1125,0.0135
Sample_Dataset/Reichel/images_with_faces/1053213_556754_image.jpeg,Hostile,0.93,0.0685,0.0011,0.93,0.0004
Sample_Dataset/Reichel/images_with_faces/1053277_556796_image.jpeg,Optimistic,0.6369,0.6369,0.0136,0.0089,0.3405
Sample_Dataset/Reichel/images_with_faces/1053286_556804_image.jpeg,Neutral,0.9841,0.0146,0.0,0.0013,0.9841
Sample_Dataset/Reichel/images_with_faces/1053328_556838_image.jpeg,Optimistic,0.751,0.751,0.0038,0.0063,0.2389
Sample_Dataset/Reichel/images_with_faces/1053659_557059_image.jpeg,Pessimistic,0.8897,0.0511,0.8897,0.0012,0.058
Sample_Dataset/Reichel/images_with_faces/1053942_557257_image.jpeg,Hostile,0.8514,0.1425,0.0051,0.8514,0.0009
Sample_Dataset/Reichel/images_with_faces/1054065_557372_image.jpeg,Neutral,0.6722,0.3028,0.0019,0.0232,0.6722
Sample_Dataset/Reichel/images_with_faces/1054072_557376_image.jpeg,Neutral,0.9446,0.0504,0.0006,0.0044,0.9446
Sample_Dataset/Reichel/images_with_faces/1054089_557380_image.jpeg,Neutral,0.9065,0.0071,0.0026,0.0838,0.9065
Sample_Dataset/Reichel/images_with_faces/1054100_557385_image.jpeg,Optimistic,0.766,0.766,0.0035,0.0036,0.2269
Sample_Dataset/Reichel/images_with_faces/1054165_557425_image.jpeg,Optimistic,0.8312,0.8312,0.0,0.0265,0.1423
Sample_Dataset/Reichel/images_with_faces/1054201_557452_image.jpeg,Neutral,0.8238,0.1659,0.0015,0.0087,0.8238
Sample_Dataset/Reichel/images_with_faces/1106795_561011_image.jpeg,Neutral,0.9752,0.0217,0.0025,0.0006,0.9752
Sample_Dataset/Reichel/images_with_faces/1106814_561013_image.jpeg,Neutral,0.9119,0.0792,0.0037,0.0052,0.9119
Sample_Dataset/Reichel/images_with_faces/1106857_561014_image.jpeg,Neutral,0.7305,0.2251,0.0067,0.0377,0.7305
Sample_Dataset/Reichel/images_with_faces/1106886_561015_image.jpeg,Neutral,0.6291,0.3357,0.0023,0.0329,0.6291
Sample_Dataset/Reichel/images_with_faces/1106887_561017_image.jpeg,Optimistic,0.8911,0.8911,0.0001,0.0183,0.0905
Sample_Dataset/Reichel/images_with_faces/1106893_561019_image.jpeg,Optimistic,0.9209,0.9209,0.0001,0.0187,0.0603
Sample_Dataset/Reichel/images_with_faces/1106988_561027_image.jpeg,Neutral,0.888,0.0863,0.0121,0.0136,0.888
Sample_Dataset/Reichel/images_with_faces/1107105_561038_image.jpeg,Pessimistic,0.8674,0.11,0.8674,0.0117,0.0109
Sample_Dataset/Reichel/images_with_faces/1107135_561039_image.jpeg,Neutral,0.9012,0.0275,0.0101,0.0612,0.9012
Sample_Dataset/Reichel/images_with_faces/1107507_561060_image.jpeg,Pessimistic,0.6312,0.0046,0.6312,0.0381,0.3262
Sample_Dataset/Reichel/images_with_faces/1107637_561066_image.jpeg,Neutral,0.9556,0.0407,0.0007,0.003,0.9556
Sample_Dataset/Reichel/images_with_faces/1107821_561076_image.jpeg,Neutral,0.9212,0.0578,0.0099,0.0111,0.9212
Sample_Dataset/Reichel/images_with_faces/1107857_561077_image.jpeg,Neutral,0.8397,0.1017,0.0135,0.045,0.8397
Sample_Dataset/Reichel/images_with_faces/1107865_561078_image.jpeg,Optimistic,0.6056,0.6056,0.0037,0.0027,0.3881
Sample_Dataset/Reichel/images_with_faces/1107866_561079_image.jpeg,Optimistic,0.6789,0.6789,0.0054,0.0042,0.3115
Sample_Dataset/Reichel/images_with_faces/1107983_561085_image.jpeg,Optimistic,0.9989,0.9989,0.0,0.0003,0.0008
Sample_Dataset/Reichel/images_with_faces/1108053_561088_image.jpeg,Neutral,0.5922,0.3675,0.0074,0.0329,0.5922
Sample_Dataset/Reichel/images_with_faces/1108388_561106_image.jpeg,Neutral,0.9576,0.0155,0.0017,0.0253,0.9576
Sample_Dataset/Reichel/images_with_faces/1108445_561109_image.jpeg,Hostile,0.8133,0.0142,0.0187,0.8133,0.1538
Sample_Dataset/Reichel/images_with_faces/1108746_561119_image.jpeg,Neutral,0.888,0.0863,0.0121,0.0136,0.888
Sample_Dataset/Reichel/images_with_faces/1108849_561126_image.jpeg,Neutral,0.7732,0.2208,0.0043,0.0017,0.7732
Sample_Dataset/Reichel/images_with_faces/1108934_561133_image.jpeg,Neutral,0.6972,0.2917,0.0054,0.0057,0.6972
Sample_Dataset/Reichel/images_with_faces/1108958_561137_image.jpeg,Hostile,0.9636,0.0031,0.0288,0.9636,0.0046
Sample_Dataset/Reichel/images_with_faces/1109030_561145_image.jpeg,Hostile,0.5609,0.1308,0.0044,0.5609,0.304
Sample_Dataset/Reichel/images_with_faces/1109059_561147_image.jpeg,Optimistic,0.8866,0.8866,0.0001,0.0454,0.0679
Sample_Dataset/Reichel/images_with_faces/1109170_561162_image.jpeg,Neutral,0.8586,0.1035,0.0027,0.0351,0.8586
Sample_Dataset/Reichel/images_with_faces/1109373_561186_image.jpeg,Optimistic,0.9615,0.9615,0.0075,0.0034,0.0275
Sample_Dataset/Reichel/images_with_faces/1109769_561208_image.jpeg,Neutral,0.5962,0.402,0.0005,0.0013,0.5962
Sample_Dataset/Reichel/images_with_faces/1110672_561229_image.jpeg,Optimistic,0.8878,0.8878,0.0002,0.0001,0.1119
Sample_Dataset/Reichel/images_with_faces/1112085_561300_image.jpeg,Neutral,0.8924,0.0279,0.0664,0.0132,0.8924
Sample_Dataset/Reichel/images_with_faces/1113479_561361_image.jpeg,Hostile,0.8467,0.0057,0.1475,0.8467,0.0
Sample_Dataset/Reichel/images_with_faces/1113953_561387_image.jpeg,Hostile,0.741,0.2546,0.0034,0.741,0.0011
Sample_Dataset/Reichel/images_with_faces/1115140_561515_image.jpeg,Optimistic,0.6005,0.6005,0.0022,0.182,0.2153
Sample_Dataset/Reichel/images_with_faces/1115300_561543_image.jpeg,Optimistic,0.9953,0.9953,0.0001,0.0006,0.0039
Sample_Dataset/Reichel/images_with_faces/1115760_561621_image.jpeg,Pessimistic,0.7556,0.0943,0.7556,0.0074,0.1428
Sample_Dataset/Reichel/images_with_faces/1118782_563432_image.jpeg,Neutral,0.7025,0.1593,0.0074,0.1308,0.7025
Sample_Dataset/Reichel/images_with_faces/1120074_564363_image.jpeg,Hostile,0.726,0.1644,0.0082,0.726,0.1015
Sample_Dataset/Reichel/images_with_faces/1121120_564668_image.jpeg,Neutral,0.9512,0.0183,0.0219,0.0086,0.9512
Sample_Dataset/Reichel/images_with_faces/1121126_564674_image.jpeg,Neutral,0.9008,0.0528,0.0111,0.0353,0.9008
Sample_Dataset/Reichel/images_with_faces/1121132_564680_image.jpeg,Neutral,0.5727,0.3661,0.0174,0.0437,0.5727
Sample_Dataset/Reichel/images_with_faces/1121134_564682_image.jpeg,Optimistic,0.9981,0.9981,0.0006,0.0002,0.0011
Sample_Dataset/Reichel/images_with_faces/1121192_564721_image.jpeg,Neutral,0.7538,0.1285,0.0672,0.0506,0.7538
Sample_Dataset/Reichel/images_with_faces/1121214_564741_image.jpeg,Pessimistic,0.4894,0.0447,0.4894,0.0364,0.4296
Sample_Dataset/Reichel/images_with_faces/1121267_564797_image.jpeg,Neutral,0.8922,0.0547,0.0065,0.0466,0.8922
Sample_Dataset/Reichel/images_with_faces/1121288_564805_image.jpeg,Optimistic,0.8053,0.8053,0.0005,0.0001,0.1941
Sample_Dataset/Reichel/images_with_faces/1121383_564863_image.jpeg,Optimistic,0.9998,0.9998,0.0001,0.0,0.0002
Sample_Dataset/Reichel/images_with_faces/1121413_564886_image.jpeg,Optimistic,0.8544,0.8544,0.0011,0.0004,0.1442
Sample_Dataset/Reichel/images_with_faces/1121418_564888_image.jpeg,Neutral,0.8981,0.0802,0.0021,0.0197,0.8981
Sample_Dataset/Reichel/images_with_faces/1121425_564889_image.jpeg,Neutral,0.9205,0.0463,0.0101,0.0232,0.9205
Sample_Dataset/Reichel/images_with_faces/1121426_564890_image.jpeg,Neutral,0.5688,0.3561,0.047,0.0281,0.5688
Sample_Dataset/Reichel/images_with_faces/1121427_564891_image.jpeg,Optimistic,0.8897,0.8897,0.0099,0.0186,0.0818
Sample_Dataset/Reichel/images_with_faces/1121429_564892_image.jpeg,Neutral,0.7064,0.0915,0.1612,0.0408,0.7064
Sample_Dataset/Reichel/images_with_faces/1121444_564904_image.jpeg,Neutral,0.7575,0.2364,0.0025,0.0036,0.7575
Sample_Dataset/Reichel/images_with_faces/1121446_564905_image.jpeg,Optimistic,0.8152,0.8152,0.0045,0.0033,0.177
Sample_Dataset/Reichel/images_with_faces/1121452_564908_image.jpeg,Optimistic,0.8529,0.8529,0.0021,0.0187,0.1263
Sample_Dataset/Reichel/images_with_faces/1121456_564910_image.jpeg,Neutral,0.9685,0.0096,0.0077,0.0143,0.9685
Sample_Dataset/Reichel/images_with_faces/1121782_564995_image.jpeg,Optimistic,0.8207,0.8207,0.0007,0.1431,0.0355
Sample_Dataset/Reichel/images_with_faces/1121828_565013_image.jpeg,Neutral,0.9244,0.0623,0.0029,0.0104,0.9244
Sample_Dataset/Reichel/images_with_faces/1122285_565161_image.jpeg,Unknown,0.3752,0.2731,0.3752,0.2802,0.0715
Sample_Dataset/Reichel/images_with_faces/1122345_565188_image.jpeg,Hostile,0.643,0.0786,0.2597,0.643,0.0188
Sample_Dataset/Reichel/images_with_faces/1122347_565190_image.jpeg,Optimistic,0.8737,0.8737,0.0015,0.1188,0.0059
Sample_Dataset/Reichel/images_with_faces/1122350_565192_image.jpeg,Hostile,0.5259,0.1971,0.0009,0.5259,0.2761
Sample_Dataset/Reichel/images_with_faces/1122437_565262_image.jpeg,Neutral,0.6709,0.0726,0.037,0.2195,0.6709
Sample_Dataset/Reichel/images_with_faces/1122439_565263_image.jpeg,Neutral,0.9877,0.0056,0.0012,0.0056,0.9877
Sample_Dataset/Reichel/images_with_faces/1122451_565267_image.jpeg,Neutral,0.8413,0.0243,0.076,0.0584,0.8413
Sample_Dataset/Reichel/images_with_faces/1122454_565269_image.jpeg,Optimistic,0.8898,0.8898,0.0022,0.0004,0.1075
Sample_Dataset/Reichel/images_with_faces/1122459_565271_image.jpeg,Neutral,0.8993,0.0731,0.0025,0.0251,0.8993
Sample_Dataset/Reichel/images_with_faces/1122516_565305_image.jpeg,Neutral,0.8679,0.0707,0.0157,0.0457,0.8679
Sample_Dataset/Reichel/images_with_faces/1122520_565307_image.jpeg,Neutral,0.5101,0.3724,0.0592,0.0583,0.5101
Sample_Dataset/Reichel/images_with_faces/1122523_565309_image.jpeg,Optimistic,0.9637,0.9637,0.0053,0.0093,0.0217
Sample_Dataset/Reichel/images_with_faces/1122527_565311_image.jpeg,Neutral,0.6184,0.1249,0.164,0.0927,0.6184
Sample_Dataset/Reichel/images_with_faces/1122539_565316_image.jpeg,Neutral,0.6481,0.3303,0.0061,0.0155,0.6481
Sample_Dataset/Reichel/images_with_faces/1122540_565317_image.jpeg,Optimistic,0.9151,0.9151,0.0062,0.0781,0.0006
Sample_Dataset/Reichel/images_with_faces/1122545_565319_image.jpeg,Optimistic,0.8581,0.8581,0.0077,0.0066,0.1276
Sample_Dataset/Reichel/images_with_faces/1122553_565321_image.jpeg,Optimistic,0.8278,0.8278,0.0049,0.049,0.1182
Sample_Dataset/Reichel/images_with_faces/1122557_565322_image.jpeg,Neutral,0.9181,0.0187,0.0247,0.0385,0.9181
Sample_Dataset/Reichel/images_with_faces/1122560_565323_image.jpeg,Neutral,0.7627,0.1061,0.0099,0.1213,0.7627
Sample_Dataset/Reichel/images_with_faces/1122565_565325_image.jpeg,Hostile,0.4842,0.4814,0.0151,0.4842,0.0193
Sample_Dataset/Reichel/images_with_faces/1122570_565326_image.jpeg,Optimistic,0.9793,0.9793,0.0033,0.0085,0.0089
Sample_Dataset/Reichel/images_with_faces/1122665_565381_image.jpeg,Pessimistic,0.7473,0.1323,0.7473,0.0013,0.1191
Sample_Dataset/Reichel/images_with_faces/1122675_565385_image.jpeg,Optimistic,0.7336,0.7336,0.0085,0.0336,0.2242
Sample_Dataset/Reichel/images_with_faces/1122680_565388_image.jpeg,Optimistic,0.986,0.986,0.0102,0.0029,0.0009
Sample_Dataset/Reichel/images_with_faces/1122681_565389_image.jpeg,Optimistic,0.4449,0.4449,0.0828,0.065,0.4072
Sample_Dataset/Reichel/images_with_faces/1122756_565440_image.jpeg,Neutral,0.56,0.3317,0.0107,0.0976,0.56
Sample_Dataset/Reichel/images_with_faces/1122795_565474_image.jpeg,Optimistic,0.9685,0.9685,0.0095,0.0096,0.0125
Sample_Dataset/Reichel/images_with_faces/1129089_570277_image.jpeg,Neutral,0.5362,0.417,0.012,0.0348,0.5362
Sample_Dataset/Reichel/images_with_faces/1129419_570494_image.jpeg,Optimistic,0.9545,0.9545,0.0008,0.0057,0.0389
Sample_Dataset/Reichel/images_with_faces/1129431_570499_image.jpeg,Hostile,0.4293,0.3066,0.0673,0.4293,0.1968
Sample_Dataset/Reichel/images_with_faces/1129449_570506_image.jpeg,Neutral,0.6076,0.028,0.3161,0.0484,0.6076
Sample_Dataset/Reichel/images_with_faces/1129527_570568_image.jpeg,Pessimistic,0.6006,0.2842,0.6006,0.0027,0.1125
Sample_Dataset/Reichel/images_with_faces/1129767_570666_image.jpeg,Hostile,0.9061,0.035,0.0496,0.9061,0.0092
Sample_Dataset/Reichel/images_with_faces/1129896_570692_image.jpeg,Optimistic,0.7488,0.7488,0.0218,0.2047,0.0247
Sample_Dataset/Reichel/images_with_faces/1129955_570731_image.jpeg,Optimistic,0.7863,0.7863,0.0031,0.1858,0.0248
Sample_Dataset/Reichel/images_with_faces/1130419_570943_image.jpeg,Neutral,0.516,0.2379,0.0038,0.2423,0.516
Sample_Dataset/Reichel/images_with_faces/1130780_571141_image.jpeg,Neutral,0.652,0.3336,0.0084,0.0059,0.652
Sample_Dataset/Reichel/images_with_faces/1130784_571142_image.jpeg,Neutral,0.5715,0.313,0.0186,0.097,0.5715
Sample_Dataset/Reichel/images_with_faces/1130894_571164_image.jpeg,Neutral,0.5124,0.158,0.2947,0.0349,0.5124
Sample_Dataset/Reichel/images_with_faces/1132480_572184_image.jpeg,Optimistic,0.6315,0.6315,0.0007,0.0282,0.3395
Sample_Dataset/Reichel/images_with_faces/1132481_572185_image.jpeg,Neutral,0.5185,0.4774,0.0001,0.004,0.5185
Sample_Dataset/Reichel/images_with_faces/1132485_572186_image.jpeg,Neutral,0.739,0.2407,0.0085,0.0118,0.739
Sample_Dataset/Reichel/images_with_faces/1135252_573731_image.jpeg,Neutral,0.9414,0.0345,0.0072,0.0168,0.9414
Sample_Dataset/Reichel/images_with_faces/1135354_573810_image.jpeg,Optimistic,0.802,0.802,0.0011,0.0047,0.1922
Sample_Dataset/Reichel/images_with_faces/1135459_573861_image.jpeg,Optimistic,0.9632,0.9632,0.0001,0.0048,0.0319
Sample_Dataset/Reichel/images_with_faces/1135487_573884_image.jpeg,Hostile,0.994,0.0002,0.0029,0.994,0.003
Sample_Dataset/Reichel/images_with_faces/1135492_573887_image.jpeg,Optimistic,0.726,0.726,0.0624,0.1226,0.0891
Sample_Dataset/Reichel/images_with_faces/1135726_573998_image.jpeg,Optimistic,0.9674,0.9674,0.0041,0.0188,0.0096
Sample_Dataset/Reichel/images_with_faces/1138018_575262_image.jpeg,Hostile,0.9909,0.0026,0.0018,0.9909,0.0048
Sample_Dataset/Reichel/images_with_faces/1138028_575269_image.jpeg,Pessimistic,0.8844,0.0012,0.8844,0.0826,0.0318
Sample_Dataset/Reichel/images_with_faces/1138037_575278_image.jpeg,Optimistic,0.9997,0.9997,0.0001,0.0,0.0002
Sample_Dataset/Reichel/images_with_faces/1138078_575298_image.jpeg,Hostile,0.5473,0.3751,0.0006,0.5473,0.077
Sample_Dataset/Reichel/images_with_faces/1138131_575332_image.jpeg,Hostile,0.9483,0.0153,0.0005,0.9483,0.0359
Sample_Dataset/Reichel/images_with_faces/1138585_575644_image.jpeg,Optimistic,0.911,0.911,0.0005,0.0009,0.0877
Sample_Dataset/Reichel/images_with_faces/1140497_576711_image.jpeg,Neutral,0.9948,0.0018,0.0005,0.0029,0.9948
Sample_Dataset/Reichel/images_with_faces/1140529_576739_image.jpeg,Pessimistic,0.6138,0.0174,0.6138,0.0602,0.3086
Sample_Dataset/Reichel/images_with_faces/1140544_576744_image.jpeg,Neutral,0.8329,0.1428,0.0031,0.0212,0.8329
Sample_Dataset/Reichel/images_with_faces/1140545_576745_image.jpeg,Hostile,0.9476,0.0086,0.0305,0.9476,0.0132
Sample_Dataset/Reichel/images_with_faces/1140547_576747_image.jpeg,Hostile,0.6543,0.3115,0.029,0.6543,0.0052
Sample_Dataset/Reichel/images_with_faces/1140613_576787_image.jpeg,Neutral,0.7694,0.1675,0.033,0.0301,0.7694
Sample_Dataset/Reichel/images_with_faces/1140718_576829_image.jpeg,Optimistic,0.9459,0.9459,0.0056,0.0006,0.0479
Sample_Dataset/Reichel/images_with_faces/1142047_577676_image.jpeg,Neutral,0.8389,0.0061,0.1526,0.0024,0.8389
Sample_Dataset/Reichel/images_with_faces/1142080_577695_image.jpeg,Optimistic,0.9914,0.9914,0.0003,0.004,0.0043
Sample_Dataset/Reichel/images_with_faces/1142105_577713_image.jpeg,Pessimistic,0.6974,0.0114,0.6974,0.268,0.0233
Sample_Dataset/Reichel/images_with_faces/1142110_577716_image.jpeg,Hostile,0.9889,0.0064,0.0011,0.9889,0.0036
Sample_Dataset/Reichel/images_with_faces/1142143_577732_image.jpeg,Unknown,0.3916,0.3916,0.256,0.1943,0.1582
Sample_Dataset/Reichel/images_with_faces/1142149_577736_image.jpeg,Optimistic,0.9598,0.9598,0.0001,0.0052,0.035
Sample_Dataset/Reichel/images_with_faces/1142254_577782_image.jpeg,Hostile,0.6873,0.2715,0.0008,0.6873,0.0404
Sample_Dataset/Reichel/images_with_faces/1142257_577783_image.jpeg,Neutral,0.9553,0.0389,0.0052,0.0006,0.9553
Sample_Dataset/Reichel/images_with_faces/1143648_578764_image.jpeg,Neutral,0.5364,0.4479,0.0093,0.0064,0.5364
Sample_Dataset/Reichel/images_with_faces/1143658_578774_image.jpeg,Optimistic,0.9612,0.9612,0.0005,0.0285,0.0099
Sample_Dataset/Reichel/images_with_faces/1143660_578776_image.jpeg,Neutral,0.6269,0.3726,0.0,0.0005,0.6269
Sample_Dataset/Reichel/images_with_faces/1143669_578785_image.jpeg,Hostile,0.7199,0.271,0.0,0.7199,0.0092
Sample_Dataset/Reichel/images_with_faces/1143684_578798_image.jpeg,Optimistic,0.5341,0.5341,0.0003,0.0016,0.464
Sample_Dataset/Reichel/images_with_faces/1143686_578799_image.jpeg,Optimistic,0.8354,0.8354,0.1549,0.0002,0.0096
Sample_Dataset/Reichel/images_with_faces/1143692_578805_image.jpeg,Optimistic,0.6546,0.6546,0.0003,0.006,0.339
Sample_Dataset/Reichel/images_with_faces/1143710_578822_image.jpeg,Neutral,0.9553,0.0243,0.0178,0.0025,0.9553
Sample_Dataset/Reichel/images_with_faces/1143715_578827_image.jpeg,Hostile,0.9956,0.0008,0.0003,0.9956,0.0032
Sample_Dataset/Reichel/images_with_faces/1144041_578993_image.jpeg,Optimistic,0.6597,0.6597,0.0073,0.0002,0.3328
Sample_Dataset/Reichel/images_with_faces/1144043_578994_image.jpeg,Neutral,0.998,0.0017,0.0001,0.0002,0.998
Sample_Dataset/Reichel/images_with_faces/1144072_579005_image.jpeg,Neutral,0.9196,0.0298,0.0008,0.0498,0.9196
Sample_Dataset/Reichel/images_with_faces/1144073_579006_image.jpeg,Hostile,0.8855,0.0123,0.0002,0.8855,0.1019
Sample_Dataset/Reichel/images_with_faces/1144074_579007_image.jpeg,Pessimistic,0.4601,0.0858,0.4601,0.0881,0.366
Sample_Dataset/Reichel/images_with_faces/1144076_579008_image.jpeg,Optimistic,0.5649,0.5649,0.0,0.0026,0.4325
Sample_Dataset/Reichel/images_with_faces/1144079_579010_image.jpeg,Optimistic,0.4983,0.4983,0.1831,0.2356,0.083
Sample_Dataset/Reichel/images_with_faces/1144080_579011_image.jpeg,Neutral,0.7108,0.0228,0.1112,0.1552,0.7108
Sample_Dataset/Reichel/images_with_faces/1148416_582395_image.jpeg,Hostile,0.7531,0.2086,0.0014,0.7531,0.0369
Sample_Dataset/Reichel/images_with_faces/1148417_582396_image.jpeg,Pessimistic,0.4892,0.0569,0.4892,0.2275,0.2264
Sample_Dataset/Reichel/images_with_faces/1148427_582401_image.jpeg,Hostile,0.9928,0.0015,0.0023,0.9928,0.0035
Sample_Dataset/Reichel/images_with_faces/1148466_582438_image.jpeg,Pessimistic,0.9559,0.0146,0.9559,0.0029,0.0265
Sample_Dataset/Reichel/images_with_faces/1148471_582443_image.jpeg,Unknown,0.3638,0.261,0.0259,0.3494,0.3638
Sample_Dataset/Reichel/images_with_faces/1148472_582444_image.jpeg,Neutral,0.7919,0.1853,0.0004,0.0224,0.7919
Sample_Dataset/Reichel/images_with_faces/1148474_582446_image.jpeg,Hostile,0.4708,0.1247,0.0068,0.4708,0.3977
Sample_Dataset/Reichel/images_with_faces/1148475_582447_image.jpeg,Neutral,0.6897,0.047,0.2624,0.0009,0.6897
Sample_Dataset/Reichel/images_with_faces/1148501_582474_image.jpeg,Neutral,0.9412,0.0583,0.0,0.0005,0.9412
Sample_Dataset/Reichel/images_with_faces/1148509_582482_image.jpeg,Neutral,0.89,0.0955,0.008,0.0066,0.89
Sample_Dataset/Reichel/images_with_faces/1148543_582513_image.jpeg,Optimistic,0.8717,0.8717,0.0086,0.0348,0.0849
Sample_Dataset/Reichel/images_with_faces/1148549_582519_image.jpeg,Neutral,0.775,0.1931,0.0256,0.0063,0.775
Sample_Dataset/Reichel/images_with_faces/1148581_582547_image.jpeg,Pessimistic,0.565,0.0433,0.565,0.0847,0.3071
Sample_Dataset/Reichel/images_with_faces/1148592_582559_image.jpeg,Neutral,0.7229,0.2697,0.0001,0.0073,0.7229
Sample_Dataset/Reichel/images_with_faces/1148620_582569_image.jpeg,Optimistic,0.5357,0.5357,0.0054,0.0046,0.4542
Sample_Dataset/Reichel/images_with_faces/1148630_582576_image.jpeg,Neutral,0.9785,0.0134,0.0003,0.0078,0.9785
Sample_Dataset/Reichel/images_with_faces/1148643_582587_image.jpeg,Neutral,0.9411,0.0584,0.0,0.0005,0.9411
Sample_Dataset/Reichel/images_with_faces/1148645_582589_image.jpeg,Neutral,0.9894,0.01,0.0,0.0006,0.9894
Sample_Dataset/Reichel/images_with_faces/1148687_582625_image.jpeg,Neutral,0.692,0.3077,0.0,0.0003,0.692
Sample_Dataset/Reichel/images_with_faces/1148728_582645_image.jpeg,Neutral,0.7686,0.0786,0.0104,0.1423,0.7686
Sample_Dataset/Reichel/images_with_faces/1148910_582760_image.jpeg,Neutral,0.4054,0.3941,0.1795,0.0209,0.4054
Sample_Dataset/Reichel/images_with_faces/1149004_582808_image.jpeg,Neutral,0.5987,0.2961,0.0357,0.0695,0.5987
Sample_Dataset/Reichel/images_with_faces/1149116_582855_image.jpeg,Optimistic,0.9968,0.9968,0.0,0.0002,0.0029
Sample_Dataset/Reichel/images_with_faces/1149198_582879_image.jpeg,Neutral,0.9906,0.0077,0.0001,0.0015,0.9906
Sample_Dataset/Reichel/images_with_faces/1149277_582922_image.jpeg,Optimistic,0.9964,0.9964,0.0001,0.0004,0.0031
Sample_Dataset/Reichel/images_with_faces/1149289_582933_image.jpeg,Neutral,0.9557,0.0056,0.0047,0.034,0.9557
Sample_Dataset/Reichel/images_with_faces/1149291_582935_image.jpeg,Neutral,0.5802,0.408,0.0038,0.008,0.5802
Sample_Dataset/Reichel/images_with_faces/1149302_582947_image.jpeg,Optimistic,0.9323,0.9323,0.0358,0.0292,0.0027
Sample_Dataset/Reichel/images_with_faces/1150252_583795_image.jpeg,Neutral,0.7144,0.2446,0.0144,0.0265,0.7144
Sample_Dataset/Reichel/images_with_faces/1150259_583799_image.jpeg,Neutral,0.7426,0.2494,0.006,0.0019,0.7426
Sample_Dataset/Reichel/images_with_faces/1150261_583802_image.jpeg,Optimistic,0.6046,0.6046,0.0001,0.0031,0.3921
Sample_Dataset/Reichel/images_with_faces/1150264_583804_image.jpeg,Optimistic,0.7528,0.7528,0.0004,0.0369,0.21
Sample_Dataset/Reichel/images_with_faces/1151705_584957_image.jpeg,Hostile,0.9983,0.0002,0.0,0.9983,0.0015
Sample_Dataset/Reichel/images_with_faces/1153251_586016_image.jpeg,Hostile,0.9736,0.0235,0.0003,0.9736,0.0026
Sample_Dataset/Reichel/images_with_faces/1153303_586049_image.jpeg,Neutral,0.9071,0.0619,0.0101,0.021,0.9071
Sample_Dataset/Reichel/images_with_faces/1153333_586068_image.jpeg,Pessimistic,0.9561,0.0067,0.9561,0.0103,0.0269
Sample_Dataset/Reichel/images_with_faces/1153336_586070_image.jpeg,Optimistic,0.5203,0.5203,0.0061,0.0034,0.4702
Sample_Dataset/Reichel/images_with_faces/1153359_586085_image.jpeg,Neutral,0.9744,0.0159,0.0009,0.0088,0.9744
Sample_Dataset/Reichel/images_with_faces/1153381_586095_image.jpeg,Pessimistic,0.8004,0.0145,0.8004,0.0172,0.1678
Sample_Dataset/Reichel/images_with_faces/1153383_586097_image.jpeg,Neutral,0.6207,0.0661,0.2766,0.0366,0.6207
Sample_Dataset/Reichel/images_with_faces/1153403_586115_image.jpeg,Neutral,0.725,0.2508,0.0005,0.0237,0.725
Sample_Dataset/Reichel/images_with_faces/1153423_586128_image.jpeg,Neutral,0.7591,0.0286,0.212,0.0004,0.7591
Sample_Dataset/Reichel/images_with_faces/1153451_586141_image.jpeg,Neutral,0.6789,0.2109,0.0012,0.1089,0.6789
Sample_Dataset/Reichel/images_with_faces/1153465_586153_image.jpeg,Optimistic,0.6844,0.6844,0.0074,0.2828,0.0254
Sample_Dataset/Reichel/images_with_faces/1153493_586171_image.jpeg,Optimistic,0.9925,0.9925,0.0001,0.0068,0.0006
Sample_Dataset/Reichel/images_with_faces/1153497_586173_image.jpeg,Neutral,0.7842,0.2112,0.0001,0.0046,0.7842
Sample_Dataset/Reichel/images_with_faces/1153515_586179_image.jpeg,Hostile,0.5143,0.0857,0.1736,0.5143,0.2264
Sample_Dataset/Reichel/images_with_faces/1153522_586184_image.jpeg,Neutral,0.937,0.0627,0.0,0.0003,0.937
Sample_Dataset/Reichel/images_with_faces/1153556_586197_image.jpeg,Neutral,0.5334,0.4422,0.008,0.0163,0.5334
Sample_Dataset/Reichel/images_with_faces/1153627_586240_image.jpeg,Optimistic,0.5161,0.5161,0.0069,0.0881,0.3888
Sample_Dataset/Reichel/images_with_faces/1153694_586289_image.jpeg,Optimistic,0.9456,0.9456,0.0015,0.0027,0.0502
Sample_Dataset/Reichel/images_with_faces/1153750_586309_image.jpeg,Neutral,0.7075,0.0892,0.1522,0.0511,0.7075
Sample_Dataset/Reichel/images_with_faces/1153756_586310_image.jpeg,Hostile,0.8319,0.0518,0.0022,0.8319,0.114
Sample_Dataset/Reichel/images_with_faces/1153911_586394_image.jpeg,Neutral,0.5168,0.0272,0.4441,0.0119,0.5168
Sample_Dataset/Reichel/images_with_faces/1153921_586397_image.jpeg,Optimistic,0.7323,0.7323,0.0004,0.0086,0.2587
Sample_Dataset/Reichel/images_with_faces/1153967_586420_image.jpeg,Hostile,0.9013,0.034,0.0004,0.9013,0.0643
Sample_Dataset/Reichel/images_with_faces/1153990_586438_image.jpeg,Hostile,0.8123,0.0028,0.1587,0.8123,0.0263
Sample_Dataset/Reichel/images_with_faces/1154245_586597_image.jpeg,Optimistic,0.7861,0.7861,0.0194,0.0781,0.1164
Sample_Dataset/Reichel/images_with_faces/1154246_586598_image.jpeg,Neutral,0.7134,0.0843,0.0512,0.1511,0.7134
Sample_Dataset/Reichel/images_with_faces/1154248_586599_image.jpeg,Neutral,0.5417,0.3682,0.0035,0.0866,0.5417
Sample_Dataset/Reichel/images_with_faces/1154275_586601_image.jpeg,Optimistic,0.6388,0.6388,0.3213,0.0005,0.0394
Sample_Dataset/Reichel/images_with_faces/1154310_586616_image.jpeg,Neutral,0.7005,0.2534,0.0132,0.0328,0.7005
Sample_Dataset/Reichel/images_with_faces/1154312_586617_image.jpeg,Hostile,0.5318,0.0379,0.4162,0.5318,0.0141
Sample_Dataset/Reichel/images_with_faces/1154363_586658_image.jpeg,Optimistic,0.6394,0.6394,0.1308,0.2042,0.0255
Sample_Dataset/Reichel/images_with_faces/1156792_588089_image.jpeg,Neutral,0.5652,0.434,0.0001,0.0008,0.5652
Sample_Dataset/Reichel/images_with_faces/1156793_588090_image.jpeg,Neutral,0.5308,0.1687,0.0358,0.2647,0.5308
Sample_Dataset/Reichel/images_with_faces/1156794_588091_image.jpeg,Optimistic,0.5272,0.5272,0.0012,0.0008,0.4707
Sample_Dataset/Reichel/images_with_faces/1156795_588092_image.jpeg,Neutral,0.9642,0.0335,0.0018,0.0005,0.9642
Sample_Dataset/Reichel/images_with_faces/1157727_588805_image.jpeg,Hostile,0.6396,0.2971,0.0019,0.6396,0.0614
Sample_Dataset/Reichel/images_with_faces/1158106_589001_image.jpeg,Neutral,0.9782,0.0186,0.0005,0.0027,0.9782
Sample_Dataset/Reichel/images_with_faces/1158107_589002_image.jpeg,Hostile,0.7125,0.2866,0.0002,0.7125,0.0006
Sample_Dataset/Reichel/images_with_faces/1158134_589028_image.jpeg,Neutral,0.9433,0.0362,0.0002,0.0203,0.9433
Sample_Dataset/Reichel/images_with_faces/1158147_589039_image.jpeg,Neutral,0.9779,0.0046,0.0005,0.017,0.9779
Sample_Dataset/Reichel/images_with_faces/1158164_589055_image.jpeg,Neutral,0.5633,0.4337,0.0004,0.0026,0.5633
Sample_Dataset/Reichel/images_with_faces/1158168_589059_image.jpeg,Neutral,0.9621,0.0355,0.0022,0.0002,0.9621
Sample_Dataset/Reichel/images_with_faces/1158181_589071_image.jpeg,Optimistic,0.5853,0.5853,0.0005,0.0028,0.4114
Sample_Dataset/Reichel/images_with_faces/1158189_589078_image.jpeg,Optimistic,0.5471,0.5471,0.0068,0.2145,0.2316
Sample_Dataset/Reichel/images_with_faces/1158194_589083_image.jpeg,Neutral,0.6701,0.3124,0.0027,0.0148,0.6701
Sample_Dataset/Reichel/images_with_faces/1158195_589084_image.jpeg,Optimistic,0.9476,0.9476,0.0007,0.01,0.0416
Sample_Dataset/Reichel/images_with_faces/1158201_589090_image.jpeg,Pessimistic,0.9867,0.0103,0.9867,0.0014,0.0016
Sample_Dataset/Reichel/images_with_faces/1158210_589096_image.jpeg,Hostile,0.9711,0.0268,0.0,0.9711,0.002
Sample_Dataset/Reichel/images_with_faces/1158242_589126_image.jpeg,Optimistic,0.6138,0.6138,0.0015,0.0021,0.3826
Sample_Dataset/Reichel/images_with_faces/1158244_589128_image.jpeg,Neutral,0.8889,0.0993,0.0085,0.0033,0.8889
Sample_Dataset/Reichel/images_with_faces/1158246_589130_image.jpeg,Neutral,0.9345,0.024,0.0013,0.0403,0.9345
Sample_Dataset/Reichel/images_with_faces/1158250_589134_image.jpeg,Neutral,0.8909,0.0022,0.0037,0.1031,0.8909
Sample_Dataset/Reichel/images_with_faces/1158252_589138_image.jpeg,Neutral,0.9705,0.0104,0.0001,0.019,0.9705
Sample_Dataset/Reichel/images_with_faces/1158312_589168_image.jpeg,Neutral,0.9658,0.032,0.0003,0.0019,0.9658
Sample_Dataset/Reichel/images_with_faces/1158352_589201_image.jpeg,Neutral,0.8882,0.0615,0.0003,0.0501,0.8882
Sample_Dataset/Reichel/images_with_faces/1158606_589281_image.jpeg,Hostile,0.9127,0.0595,0.0045,0.9127,0.0234
Sample_Dataset/Reichel/images_with_faces/1158611_589282_image.jpeg,Neutral,0.9493,0.0212,0.0161,0.0134,0.9493
Sample_Dataset/Reichel/images_with_faces/1158628_589288_image.jpeg,Neutral,0.6965,0.3014,0.0002,0.0018,0.6965
Sample_Dataset/Reichel/images_with_faces/1158765_589371_image.jpeg,Optimistic,0.9207,0.9207,0.0067,0.0201,0.0526
Sample_Dataset/Reichel/images_with_faces/1158810_589388_image.jpeg,Neutral,0.8661,0.1325,0.0011,0.0004,0.8661
Sample_Dataset/Reichel/images_with_faces/1158926_589431_image.jpeg,Optimistic,0.9794,0.9794,0.014,0.0002,0.0064
Sample_Dataset/Reichel/images_with_faces/1158927_589432_image.jpeg,Optimistic,0.7605,0.7605,0.0066,0.0031,0.2298
Sample_Dataset/Reichel/images_with_faces/1158933_589434_image.jpeg,Optimistic,0.5527,0.5527,0.0051,0.0379,0.4044
Sample_Dataset/Reichel/images_with_faces/1158967_589454_image.jpeg,Hostile,0.7586,0.035,0.0076,0.7586,0.1987
Sample_Dataset/Reichel/images_with_faces/1159056_589507_image.jpeg,Neutral,0.9694,0.0266,0.0028,0.0012,0.9694
Sample_Dataset/Reichel/images_with_faces/1159205_589584_image.jpeg,Unknown,0.3478,0.213,0.3478,0.1761,0.2631
Sample_Dataset/Reichel/images_with_faces/1159224_589587_image.jpeg,Unknown,0.3624,0.233,0.2986,0.3624,0.1061
Sample_Dataset/Reichel/images_with_faces/1159270_589612_image.jpeg,Neutral,0.9969,0.0029,0.0,0.0001,0.9969
Sample_Dataset/Reichel/images_with_faces/1159271_589613_image.jpeg,Neutral,0.9862,0.0135,0.0,0.0003,0.9862
Sample_Dataset/Reichel/images_with_faces/1159272_589614_image.jpeg,Pessimistic,0.8738,0.0037,0.8738,0.035,0.0875
Sample_Dataset/Reichel/images_with_faces/1159273_589615_image.jpeg,Neutral,0.9216,0.0666,0.0038,0.008,0.9216
Sample_Dataset/Reichel/images_with_faces/1159348_589668_image.jpeg,Optimistic,0.9737,0.9737,0.0006,0.0006,0.0252
Sample_Dataset/Reichel/images_with_faces/1159350_589670_image.jpeg,Optimistic,0.9766,0.9766,0.0002,0.001,0.0223
Sample_Dataset/Reichel/images_with_faces/1162522_591730_image.jpeg,Optimistic,0.9238,0.9238,0.0004,0.0031,0.0728
Sample_Dataset/Reichel/images_with_faces/1162523_591731_image.jpeg,Neutral,0.9285,0.059,0.0057,0.0068,0.9285
Sample_Dataset/Reichel/images_with_faces/1162524_591732_image.jpeg,Neutral,0.5308,0.1687,0.0358,0.2647,0.5308
Sample_Dataset/Reichel/images_with_faces/1162525_591733_image.jpeg,Neutral,0.6569,0.245,0.0359,0.0622,0.6569
Sample_Dataset/Reichel/images_with_faces/1163825_592723_image.jpeg,Hostile,0.9936,0.0034,0.0016,0.9936,0.0014
Sample_Dataset/Reichel/images_with_faces/1164608_593301_image.jpeg,Pessimistic,0.5639,0.0163,0.5639,0.2862,0.1336
Sample_Dataset/Reichel/images_with_faces/1164647_593327_image.jpeg,Optimistic,0.8599,0.8599,0.001,0.0071,0.1321
Sample_Dataset/Reichel/images_with_faces/1164671_593351_image.jpeg,Optimistic,0.9621,0.9621,0.0016,0.0013,0.035
Sample_Dataset/Reichel/images_with_faces/1164740_593417_image.jpeg,Neutral,0.8127,0.1842,0.0004,0.0028,0.8127
Sample_Dataset/Reichel/images_with_faces/1164745_593422_image.jpeg,Neutral,0.8348,0.1631,0.0,0.0021,0.8348
Sample_Dataset/Reichel/images_with_faces/1164746_593423_image.jpeg,Optimistic,0.8037,0.8037,0.0569,0.0939,0.0455
Sample_Dataset/Reichel/images_with_faces/1164820_593476_image.jpeg,Hostile,0.9871,0.0126,0.0,0.9871,0.0003
Sample_Dataset/Reichel/images_with_faces/1164827_593483_image.jpeg,Optimistic,0.4759,0.4759,0.3627,0.1128,0.0486
Sample_Dataset/Reichel/images_with_faces/1164920_593563_image.jpeg,Neutral,0.8473,0.1313,0.0061,0.0154,0.8473
Sample_Dataset/Reichel/images_with_faces/1164986_593601_image.jpeg,Neutral,0.7982,0.1132,0.0151,0.0735,0.7982
Sample_Dataset/Reichel/images_with_faces/1164988_593604_image.jpeg,Neutral,0.7349,0.1723,0.01,0.0828,0.7349
Sample_Dataset/Reichel/images_with_faces/1164994_593608_image.jpeg,Optimistic,0.9675,0.9675,0.0001,0.0013,0.0311
Sample_Dataset/Reichel/images_with_faces/1165003_593617_image.jpeg,Optimistic,0.7375,0.7375,0.024,0.019,0.2196
Sample_Dataset/Reichel/images_with_faces/1165016_593629_image.jpeg,Optimistic,0.9938,0.9938,0.0002,0.0003,0.0058
Sample_Dataset/Reichel/images_with_faces/1165028_593641_image.jpeg,Neutral,0.6355,0.3444,0.0083,0.0119,0.6355
Sample_Dataset/Reichel/images_with_faces/1165055_593662_image.jpeg,Neutral,0.6672,0.3324,0.0001,0.0003,0.6672
Sample_Dataset/Reichel/images_with_faces/1165186_593703_image.jpeg,Neutral,0.6843,0.2883,0.004,0.0234,0.6843
Sample_Dataset/Reichel/images_with_faces/1165441_593864_image.jpeg,Neutral,0.9357,0.0064,0.0009,0.0569,0.9357
Sample_Dataset/Reichel/images_with_faces/1165609_593978_image.jpeg,Neutral,0.7871,0.1555,0.0034,0.054,0.7871
Sample_Dataset/Reichel/images_with_faces/1165621_593983_image.jpeg,Optimistic,0.6558,0.6558,0.0028,0.0247,0.3167
Sample_Dataset/Reichel/images_with_faces/1165716_594011_image.jpeg,Optimistic,0.7362,0.7362,0.042,0.0175,0.2044
Sample_Dataset/Reichel/images_with_faces/1166018_594120_image.jpeg,Hostile,0.5457,0.0641,0.1803,0.5457,0.2099
Sample_Dataset/Reichel/images_with_faces/1166308_594268_image.jpeg,Optimistic,0.7926,0.7926,0.0123,0.1279,0.0672
Sample_Dataset/Reichel/images_with_faces/1166315_594271_image.jpeg,Neutral,0.8938,0.0756,0.003,0.0276,0.8938
Sample_Dataset/Reichel/images_with_faces/1166337_594274_image.jpeg,Optimistic,0.4889,0.4889,0.0076,0.2949,0.2086
Sample_Dataset/Reichel/images_with_faces/1166361_594285_image.jpeg,Neutral,0.8213,0.0752,0.0049,0.0987,0.8213
Sample_Dataset/Reichel/images_with_faces/1166385_594305_image.jpeg,Optimistic,0.7977,0.7977,0.1044,0.0215,0.0764
Sample_Dataset/Reichel/images_with_faces/1166390_594309_image.jpeg,Hostile,0.5059,0.0074,0.4404,0.5059,0.0464
Sample_Dataset/Reichel/images_with_faces/1174617_596140_image.jpeg,Neutral,0.8801,0.1105,0.004,0.0054,0.8801
Sample_Dataset/Reichel/images_with_faces/1175807_597132_image.jpeg,Neutral,0.946,0.0027,0.0307,0.0206,0.946
Sample_Dataset/Reichel/images_with_faces/1175936_597214_image.jpeg,Neutral,0.8932,0.0792,0.0034,0.0241,0.8932
Sample_Dataset/Reichel/images_with_faces/1176879_597633_image.jpeg,Optimistic,0.7014,0.7014,0.0014,0.248,0.0492
Sample_Dataset/Reichel/images_with_faces/1176890_597643_image.jpeg,Neutral,0.7115,0.0766,0.0223,0.1896,0.7115
Sample_Dataset/Reichel/images_with_faces/1176895_597649_image.jpeg,Optimistic,0.9986,0.9986,0.0003,0.0002,0.0009
Sample_Dataset/Reichel/images_with_faces/1176901_597654_image.jpeg,Neutral,0.6034,0.376,0.0029,0.0177,0.6034
Sample_Dataset/Reichel/images_with_faces/1176905_597658_image.jpeg,Hostile,0.9859,0.0018,0.003,0.9859,0.0094
Sample_Dataset/Reichel/images_with_faces/1176909_597662_image.jpeg,Hostile,0.9767,0.0189,0.0001,0.9767,0.0043
Sample_Dataset/Reichel/images_with_faces/1176929_597682_image.jpeg,Neutral,0.9514,0.0479,0.0006,0.0001,0.9514
Sample_Dataset/Reichel/images_with_faces/1176930_597683_image.jpeg,Neutral,0.9011,0.0961,0.002,0.0009,0.9011
Sample_Dataset/Reichel/images_with_faces/1176931_597684_image.jpeg,Hostile,0.9919,0.0069,0.0,0.9919,0.0012
Sample_Dataset/Reichel/images_with_faces/1176939_597692_image.jpeg,Hostile,0.9908,0.0057,0.0002,0.9908,0.0033
Sample_Dataset/Reichel/images_with_faces/1176964_597716_image.jpeg,Neutral,0.6911,0.1422,0.0239,0.1428,0.6911
Sample_Dataset/Reichel/images_with_faces/1176969_597721_image.jpeg,Neutral,0.633,0.3034,0.0174,0.0462,0.633
Sample_Dataset/Reichel/images_with_faces/1176971_597723_image.jpeg,Hostile,0.9194,0.078,0.0001,0.9194,0.0025
Sample_Dataset/Reichel/images_with_faces/1176991_597740_image.jpeg,Unknown,0.3401,0.1369,0.2795,0.2434,0.3401
Sample_Dataset/Reichel/images_with_faces/1176998_597743_image.jpeg,Optimistic,0.8392,0.8392,0.1467,0.0003,0.0138
Sample_Dataset/Reichel/images_with_faces/1177000_597745_image.jpeg,Neutral,0.7833,0.2055,0.0053,0.006,0.7833
Sample_Dataset/Reichel/images_with_faces/1177001_597746_image.jpeg,Neutral,0.7354,0.2421,0.0065,0.016,0.7354
Sample_Dataset/Reichel/images_with_faces/1177008_597753_image.jpeg,Pessimistic,0.9981,0.0002,0.9981,0.0012,0.0005
Sample_Dataset/Reichel/images_with_faces/1177083_597797_image.jpeg,Hostile,0.9696,0.0157,0.0,0.9696,0.0147
Sample_Dataset/Reichel/images_with_faces/1177113_597816_image.jpeg,Neutral,0.9271,0.0606,0.005,0.0073,0.9271
Sample_Dataset/Reichel/images_with_faces/1177146_597839_image.jpeg,Optimistic,0.4469,0.4469,0.0083,0.1546,0.3902
Sample_Dataset/Reichel/images_with_faces/1177196_597876_image.jpeg,Optimistic,0.9828,0.9828,0.0001,0.0019,0.0152
Sample_Dataset/Reichel/images_with_faces/1177198_597878_image.jpeg,Optimistic,0.9858,0.9858,0.0001,0.0033,0.0108
Sample_Dataset/Reichel/images_with_faces/1177203_597879_image.jpeg,Neutral,0.722,0.2688,0.0006,0.0086,0.722
Sample_Dataset/Reichel/images_with_faces/1177206_597881_image.jpeg,Pessimistic,0.4554,0.0762,0.4554,0.3366,0.1318
Sample_Dataset/Reichel/images_with_faces/1177372_597911_image.jpeg,Optimistic,0.7523,0.7523,0.0972,0.0198,0.1307
Sample_Dataset/Reichel/images_with_faces/1177392_597925_image.jpeg,Optimistic,0.9757,0.9757,0.0006,0.0173,0.0064
Sample_Dataset/Reichel/images_with_faces/1177405_597931_image.jpeg,Neutral,0.6476,0.0185,0.3007,0.0332,0.6476
Sample_Dataset/Reichel/images_with_faces/1177498_597998_image.jpeg,Neutral,0.8822,0.02,0.0344,0.0634,0.8822
Sample_Dataset/Reichel/images_with_faces/1177552_598037_image.jpeg,Neutral,0.5043,0.4826,0.0056,0.0075,0.5043
Sample_Dataset/Reichel/images_with_faces/1177565_598045_image.jpeg,Optimistic,0.9641,0.9641,0.0008,0.0181,0.0171
Sample_Dataset/Reichel/images_with_faces/1177694_598111_image.jpeg,Neutral,0.7731,0.2214,0.004,0.0015,0.7731
Sample_Dataset/Reichel/images_with_faces/1177991_598235_image.jpeg,Optimistic,0.9554,0.9554,0.0213,0.0221,0.0011
Sample_Dataset/Reichel/images_with_faces/1177995_598237_image.jpeg,Hostile,0.9927,0.0046,0.0,0.9927,0.0026
Sample_Dataset/Reichel/images_with_faces/1177999_598240_image.jpeg,Optimistic,0.9899,0.9899,0.0,0.0002,0.0099
Sample_Dataset/Reichel/images_with_faces/1178057_598276_image.jpeg,Optimistic,0.9816,0.9816,0.0082,0.0086,0.0016
Sample_Dataset/Reichel/images_with_faces/1178087_598295_image.jpeg,Optimistic,0.8637,0.8637,0.0021,0.0748,0.0595
Sample_Dataset/Reichel/images_with_faces/1178331_598496_image.jpeg,Neutral,0.7932,0.1062,0.0414,0.0593,0.7932
Sample_Dataset/Reichel/images_with_faces/1178336_598499_image.jpeg,Optimistic,0.8684,0.8684,0.0003,0.0363,0.095
Sample_Dataset/Reichel/images_with_faces/1178340_598501_image.jpeg,Neutral,0.9782,0.0186,0.0005,0.0027,0.9782
Sample_Dataset/Reichel/images_with_faces/1178342_598503_image.jpeg,Optimistic,0.9271,0.9271,0.0214,0.0026,0.0489
Sample_Dataset/Reichel/images_with_faces/1178371_598507_image.jpeg,Optimistic,0.5175,0.5175,0.0002,0.0158,0.4665
Sample_Dataset/Reichel/images_with_faces/1178522_598631_image.jpeg,Unknown,0.3343,0.3247,0.3343,0.0139,0.3271
Sample_Dataset/Reichel/images_with_faces/1182627_601297_image.jpeg,Neutral,0.4887,0.0261,0.0805,0.4047,0.4887
Sample_Dataset/Reichel/images_with_faces/1183253_601603_image.jpeg,Neutral,0.5677,0.3729,0.0045,0.0549,0.5677
Sample_Dataset/Reichel/images_with_faces/1183255_601605_image.jpeg,Neutral,0.6902,0.1999,0.0382,0.0716,0.6902
Sample_Dataset/Reichel/images_with_faces/1183292_601645_image.jpeg,Optimistic,0.8054,0.8054,0.0014,0.0001,0.1931
Sample_Dataset/Reichel/images_with_faces/1183295_601648_image.jpeg,Neutral,0.793,0.2027,0.0014,0.0028,0.793
Sample_Dataset/Reichel/images_with_faces/1183303_601657_image.jpeg,Neutral,0.9923,0.0055,0.0002,0.0019,0.9923
Sample_Dataset/Reichel/images_with_faces/1183328_601680_image.jpeg,Optimistic,0.4906,0.4906,0.0067,0.0522,0.4505
Sample_Dataset/Reichel/images_with_faces/1183332_601685_image.jpeg,Neutral,0.6103,0.2863,0.0407,0.0626,0.6103
Sample_Dataset/Reichel/images_with_faces/1183334_601687_image.jpeg,Neutral,0.5568,0.3279,0.0536,0.0617,0.5568
Sample_Dataset/Reichel/images_with_faces/1183337_601690_image.jpeg,Neutral,0.4811,0.3724,0.0671,0.0794,0.4811
Sample_Dataset/Reichel/images_with_faces/1183340_601694_image.jpeg,Neutral,0.8062,0.1851,0.0023,0.0064,0.8062
Sample_Dataset/Reichel/images_with_faces/1183358_601711_image.jpeg,Optimistic,0.6759,0.6759,0.0142,0.111,0.1989
Sample_Dataset/Reichel/images_with_faces/1183368_601720_image.jpeg,Hostile,0.9542,0.033,0.0018,0.9542,0.0111
Sample_Dataset/Reichel/images_with_faces/1183409_601752_image.jpeg,Hostile,0.7941,0.1622,0.0184,0.7941,0.0252
Sample_Dataset/Reichel/images_with_faces/1183413_601756_image.jpeg,Neutral,0.9642,0.0298,0.0038,0.0022,0.9642
Sample_Dataset/Reichel/images_with_faces/1183436_601779_image.jpeg,Optimistic,0.9779,0.9779,0.0069,0.0016,0.0136
Sample_Dataset/Reichel/images_with_faces/1183498_601823_image.jpeg,Neutral,0.7367,0.2213,0.0033,0.0387,0.7367
Sample_Dataset/Reichel/images_with_faces/1183506_601827_image.jpeg,Optimistic,0.9985,0.9985,0.0001,0.0,0.0014
Sample_Dataset/Reichel/images_with_faces/1183656_601929_image.jpeg,Neutral,0.517,0.0705,0.0112,0.4014,0.517
Sample_Dataset/Reichel/images_with_faces/1183801_602038_image.jpeg,Pessimistic,0.7369,0.004,0.7369,0.0415,0.2176
Sample_Dataset/Reichel/images_with_faces/1183841_602068_image.jpeg,Optimistic,0.722,0.722,0.0016,0.252,0.0244
Sample_Dataset/Reichel/images_with_faces/1183898_602105_image.jpeg,Optimistic,0.4877,0.4877,0.0053,0.0266,0.4805
Sample_Dataset/Reichel/images_with_faces/1183914_602117_image.jpeg,Hostile,0.4393,0.1135,0.0185,0.4393,0.4287
Sample_Dataset/Reichel/images_with_faces/1184061_602183_image.jpeg,Optimistic,0.9298,0.9298,0.019,0.0264,0.0248
Sample_Dataset/Reichel/images_with_faces/1184144_602256_image.jpeg,Neutral,0.8879,0.1107,0.0,0.0014,0.8879
Sample_Dataset/Reichel/images_with_faces/1184149_602260_image.jpeg,Neutral,0.8951,0.0094,0.073,0.0224,0.8951
Sample_Dataset/Reichel/images_with_faces/1184317_602378_image.jpeg,Hostile,0.9239,0.0489,0.0037,0.9239,0.0236
Sample_Dataset/Reichel/images_with_faces/1184338_602398_image.jpeg,Hostile,0.7213,0.2532,0.0009,0.7213,0.0246
Sample_Dataset/Reichel/images_with_faces/1184343_602400_image.jpeg,Optimistic,0.9944,0.9944,0.0006,0.0008,0.0042
Sample_Dataset/Reichel/images_with_faces/1184363_602402_image.jpeg,Optimistic,0.6418,0.6418,0.0535,0.0145,0.2902
Sample_Dataset/Reichel/images_with_faces/1184367_602405_image.jpeg,Optimistic,0.7132,0.7132,0.0588,0.008,0.22
Sample_Dataset/Reichel/images_with_faces/1184551_602493_image.jpeg,Neutral,0.8915,0.0933,0.0083,0.0069,0.8915
Sample_Dataset/Reichel/images_with_faces/1189788_606829_image.jpeg,Optimistic,0.484,0.484,0.0111,0.1441,0.3608
Sample_Dataset/Reichel/images_with_faces/1190518_607203_image.jpeg,Neutral,0.4664,0.2945,0.1507,0.0884,0.4664
Sample_Dataset/Reichel/images_with_faces/1190551_607232_image.jpeg,Neutral,0.4743,0.4739,0.0249,0.0268,0.4743
Sample_Dataset/Reichel/images_with_faces/1190553_607234_image.jpeg,Neutral,0.8834,0.1076,0.0041,0.0048,0.8834
Sample_Dataset/Reichel/images_with_faces/1190560_607242_image.jpeg,Neutral,0.978,0.0199,0.0012,0.0009,0.978
Sample_Dataset/Reichel/images_with_faces/1190561_607243_image.jpeg,Neutral,0.983,0.0143,0.0014,0.0012,0.983
Sample_Dataset/Reichel/images_with_faces/1190565_607247_image.jpeg,Neutral,0.9731,0.026,0.0,0.0009,0.9731
Sample_Dataset/Reichel/images_with_faces/1190575_607258_image.jpeg,Optimistic,0.7674,0.7674,0.0059,0.0189,0.2079
Sample_Dataset/Reichel/images_with_faces/1190629_607312_image.jpeg,Neutral,0.6499,0.1983,0.0036,0.1482,0.6499
Sample_Dataset/Reichel/images_with_faces/1190640_607320_image.jpeg,Neutral,0.7432,0.2324,0.0053,0.0191,0.7432
Sample_Dataset/Reichel/images_with_faces/1190652_607327_image.jpeg,Optimistic,0.9996,0.9996,0.0,0.0,0.0004
Sample_Dataset/Reichel/images_with_faces/1190667_607337_image.jpeg,Neutral,0.5386,0.3969,0.0132,0.0513,0.5386
Sample_Dataset/Reichel/images_with_faces/1190906_607493_image.jpeg,Unknown,0.3623,0.3282,0.0023,0.3623,0.3072
Sample_Dataset/Reichel/images_with_faces/1191284_607788_image.jpeg,Optimistic,0.702,0.702,0.0806,0.0034,0.214
Sample_Dataset/Reichel/images_with_faces/1192069_608290_image.jpeg,Optimistic,0.9959,0.9959,0.0003,0.0011,0.0027
Sample_Dataset/Reichel/images_with_faces/1195447_610464_image.jpeg,Hostile,0.6019,0.1015,0.0024,0.6019,0.2941
Sample_Dataset/Reichel/images_with_faces/1195474_610490_image.jpeg,Optimistic,0.5773,0.5773,0.0004,0.0066,0.4157
Sample_Dataset/Reichel/images_with_faces/1195496_610511_image.jpeg,Optimistic,0.9315,0.9315,0.0015,0.0337,0.0333
Sample_Dataset/Reichel/images_with_faces/1195507_610523_image.jpeg,Optimistic,0.9568,0.9568,0.0001,0.002,0.041
Sample_Dataset/Reichel/images_with_faces/1195523_610532_image.jpeg,Neutral,0.7037,0.0594,0.04,0.197,0.7037
Sample_Dataset/Reichel/images_with_faces/1195545_610548_image.jpeg,Hostile,0.9438,0.0542,0.0,0.9438,0.002
Sample_Dataset/Reichel/images_with_faces/1195555_610555_image.jpeg,Neutral,0.8178,0.1725,0.0014,0.0082,0.8178
Sample_Dataset/Reichel/images_with_faces/1195575_610568_image.jpeg,Optimistic,0.9982,0.9982,0.0003,0.001,0.0006
Sample_Dataset/Reichel/images_with_faces/1195582_610576_image.jpeg,Optimistic,0.9815,0.9815,0.0003,0.0162,0.002
Sample_Dataset/Reichel/images_with_faces/1195686_610654_image.jpeg,Neutral,0.4896,0.3529,0.0195,0.1381,0.4896
Sample_Dataset/Reichel/images_with_faces/1195848_610756_image.jpeg,Optimistic,0.7214,0.7214,0.0086,0.2349,0.0351
Sample_Dataset/Reichel/images_with_faces/1195927_610812_image.jpeg,Optimistic,0.9908,0.9908,0.0006,0.0085,0.0001
Sample_Dataset/Reichel/images_with_faces/1196566_611042_image.jpeg,Pessimistic,0.4305,0.2547,0.4305,0.0454,0.2694
Sample_Dataset/Reichel/images_with_faces/1196569_611043_image.jpeg,Hostile,0.5994,0.3844,0.0002,0.5994,0.016
Sample_Dataset/Reichel/images_with_faces/1196573_611044_image.jpeg,Optimistic,0.7721,0.7721,0.003,0.2022,0.0227
Sample_Dataset/Reichel/images_with_faces/1196577_611045_image.jpeg,Optimistic,0.6898,0.6898,0.0002,0.0054,0.3046
Sample_Dataset/Reichel/images_with_faces/1196599_611059_image.jpeg,Unknown,0.3486,0.0034,0.3187,0.3486,0.3293
Sample_Dataset/Reichel/images_with_faces/1198676_612558_image.jpeg,Optimistic,0.9957,0.9957,0.0005,0.0028,0.001
Sample_Dataset/Reichel/images_with_faces/1200921_614196_image.jpeg,Hostile,0.9894,0.0097,0.0,0.9894,0.0009
Sample_Dataset/Reichel/images_with_faces/1202719_615340_image.jpeg,Optimistic,0.7413,0.7413,0.0045,0.1989,0.0553
Sample_Dataset/Reichel/images_with_faces/1202726_615346_image.jpeg,Pessimistic,0.9183,0.0024,0.9183,0.075,0.0042
Sample_Dataset/Reichel/images_with_faces/1202737_615355_image.jpeg,Neutral,0.6405,0.2916,0.0201,0.0478,0.6405
Sample_Dataset/Reichel/images_with_faces/1202788_615381_image.jpeg,Optimistic,0.6015,0.6015,0.1789,0.0202,0.1994
Sample_Dataset/Reichel/images_with_faces/1202894_615442_image.jpeg,Hostile,0.805,0.0522,0.0003,0.805,0.1425
Sample_Dataset/Reichel/images_with_faces/1202929_615452_image.jpeg,Neutral,0.4344,0.0938,0.0443,0.4274,0.4344
Sample_Dataset/Reichel/images_with_faces/1202937_615455_image.jpeg,Optimistic,0.8496,0.8496,0.0,0.004,0.1464
Sample_Dataset/Reichel/images_with_faces/1202939_615457_image.jpeg,Hostile,0.9313,0.02,0.0037,0.9313,0.045
Sample_Dataset/Reichel/images_with_faces/1204983_616821_image.jpeg,Unknown,0.3524,0.226,0.288,0.1336,0.3524
Sample_Dataset/Reichel/images_with_faces/1205002_616839_image.jpeg,Pessimistic,0.9154,0.0008,0.9154,0.0021,0.0817
Sample_Dataset/Reichel/images_with_faces/1205016_616851_image.jpeg,Optimistic,0.6447,0.6447,0.0453,0.2508,0.0592
Sample_Dataset/Reichel/images_with_faces/1205025_616861_image.jpeg,Neutral,0.4459,0.0869,0.3507,0.1165,0.4459
Sample_Dataset/Reichel/images_with_faces/1205028_616864_image.jpeg,Neutral,0.8986,0.0838,0.0008,0.0168,0.8986
Sample_Dataset/Reichel/images_with_faces/1205040_616875_image.jpeg,Optimistic,0.4458,0.4458,0.1709,0.084,0.2993
Sample_Dataset/Reichel/images_with_faces/1205054_616888_image.jpeg,Hostile,0.9015,0.098,0.0001,0.9015,0.0004
Sample_Dataset/Reichel/images_with_faces/1205071_616892_image.jpeg,Optimistic,0.9729,0.9729,0.0068,0.0005,0.0198
Sample_Dataset/Reichel/images_with_faces/1205130_616924_image.jpeg,Hostile,0.4502,0.171,0.0052,0.4502,0.3736
Sample_Dataset/Reichel/images_with_faces/1205140_616929_image.jpeg,Neutral,0.6185,0.13,0.2427,0.0089,0.6185
Sample_Dataset/Reichel/images_with_faces/1205253_616978_image.jpeg,Neutral,0.523,0.0272,0.1728,0.277,0.523
Sample_Dataset/Reichel/images_with_faces/1205262_616980_image.jpeg,Unknown,0.3981,0.3981,0.0078,0.358,0.236
Sample_Dataset/Reichel/images_with_faces/1205277_616991_image.jpeg,Neutral,0.7174,0.0979,0.1509,0.0338,0.7174
Sample_Dataset/Reichel/images_with_faces/1209384_620117_image.jpeg,Hostile,0.9838,0.0039,0.0003,0.9838,0.012
Sample_Dataset/Reichel/images_with_faces/1209417_620142_image.jpeg,Optimistic,0.4988,0.4988,0.1207,0.0051,0.3754
Sample_Dataset/Reichel/images_with_faces/1209432_620145_image.jpeg,Optimistic,0.7367,0.7367,0.0333,0.0098,0.2202
Sample_Dataset/Reichel/images_with_faces/1209434_620147_image.jpeg,Hostile,0.9815,0.017,0.0001,0.9815,0.0014
Sample_Dataset/Reichel/images_with_faces/1209461_620164_image.jpeg,Optimistic,0.9737,0.9737,0.0007,0.0211,0.0045
Sample_Dataset/Reichel/images_with_faces/1209468_620168_image.jpeg,Hostile,0.8146,0.0296,0.0343,0.8146,0.1214
Sample_Dataset/Reichel/images_with_faces/1209514_620195_image.jpeg,Neutral,0.4814,0.157,0.12,0.2416,0.4814
Sample_Dataset/Reichel/images_with_faces/1209626_620231_image.jpeg,Neutral,0.9237,0.0392,0.0122,0.0249,0.9237
Sample_Dataset/Reichel/images_with_faces/1209627_620232_image.jpeg,Neutral,0.4671,0.3698,0.0445,0.1186,0.4671
Sample_Dataset/Reichel/images_with_faces/1209648_620246_image.jpeg,Neutral,0.501,0.0965,0.3651,0.0375,0.501
Sample_Dataset/Reichel/images_with_faces/1209650_620248_image.jpeg,Hostile,0.9894,0.0023,0.0056,0.9894,0.0026
Sample_Dataset/Reichel/images_with_faces/1209657_620249_image.jpeg,Hostile,0.7304,0.0841,0.0066,0.7304,0.179
Sample_Dataset/Reichel/images_with_faces/1209848_620349_image.jpeg,Optimistic,0.9306,0.9306,0.0026,0.0066,0.0603
Sample_Dataset/Reichel/images_with_faces/1209996_620434_image.jpeg,Neutral,0.9692,0.0303,0.0003,0.0001,0.9692
Sample_Dataset/Reichel/images_with_faces/1210364_620737_image.jpeg,Neutral,0.5424,0.3809,0.0241,0.0526,0.5424
Sample_Dataset/Reichel/images_with_faces/1211753_621888_image.jpeg,Unknown,0.3502,0.1346,0.2122,0.3502,0.303
Sample_Dataset/Reichel/images_with_faces/1212724_622463_image.jpeg,Neutral,0.939,0.0596,0.0001,0.0014,0.939
Sample_Dataset/Reichel/images_with_faces/1212735_622472_image.jpeg,Neutral,0.9969,0.003,0.0001,0.0001,0.9969
Sample_Dataset/Reichel/images_with_faces/1212749_622488_image.jpeg,Neutral,0.8368,0.1103,0.0081,0.0448,0.8368
Sample_Dataset/Reichel/images_with_faces/1212753_622491_image.jpeg,Neutral,0.9964,0.0034,0.0,0.0002,0.9964
Sample_Dataset/Reichel/images_with_faces/1212767_622506_image.jpeg,Hostile,0.8996,0.0114,0.0868,0.8996,0.0022
Sample_Dataset/Reichel/images_with_faces/1212772_622510_image.jpeg,Optimistic,0.6374,0.6374,0.0035,0.0112,0.3479
Sample_Dataset/Reichel/images_with_faces/1212807_622545_image.jpeg,Neutral,0.7035,0.2943,0.0005,0.0017,0.7035
Sample_Dataset/Reichel/images_with_faces/1212887_622603_image.jpeg,Optimistic,0.9573,0.9573,0.0003,0.0006,0.0418
Sample_Dataset/Reichel/images_with_faces/1213352_622885_image.jpeg,Neutral,0.9729,0.0229,0.0007,0.0035,0.9729
Sample_Dataset/Reichel/images_with_faces/1213624_623040_image.jpeg,Neutral,0.9494,0.043,0.0052,0.0024,0.9494
Sample_Dataset/Reichel/images_with_faces/1213654_623049_image.jpeg,Neutral,0.7943,0.0016,0.1711,0.0329,0.7943
Sample_Dataset/Reichel/images_with_faces/1213700_623071_image.jpeg,Pessimistic,0.635,0.0484,0.635,0.0522,0.2643
Sample_Dataset/Reichel/images_with_faces/1214921_623879_image.jpeg,Neutral,0.9277,0.0648,0.0025,0.005,0.9277
Sample_Dataset/Reichel/images_with_faces/1216803_625057_image.jpeg,Neutral,0.7621,0.0016,0.2356,0.0007,0.7621
Sample_Dataset/Reichel/images_with_faces/1218102_625825_image.jpeg,Neutral,0.6005,0.3255,0.0252,0.0488,0.6005
Sample_Dataset/Reichel/images_with_faces/1218142_625860_image.jpeg,Neutral,0.8864,0.0676,0.0018,0.0442,0.8864
Sample_Dataset/Reichel/images_with_faces/1218143_625861_image.jpeg,Neutral,0.8459,0.1189,0.0086,0.0266,0.8459
Sample_Dataset/Reichel/images_with_faces/1218148_625865_image.jpeg,Neutral,0.4596,0.4574,0.0433,0.0397,0.4596
Sample_Dataset/Reichel/images_with_faces/1218150_625868_image.jpeg,Neutral,0.6864,0.283,0.0231,0.0075,0.6864
Sample_Dataset/Reichel/images_with_faces/1218174_625892_image.jpeg,Optimistic,0.9289,0.9289,0.0134,0.0005,0.0572
Sample_Dataset/Reichel/images_with_faces/1218201_625920_image.jpeg,Optimistic,0.5655,0.5655,0.0067,0.2061,0.2217
Sample_Dataset/Reichel/images_with_faces/1218268_625977_image.jpeg,Neutral,0.9821,0.0171,0.0003,0.0005,0.9821
Sample_Dataset/Reichel/images_with_faces/1218270_625979_image.jpeg,Neutral,0.6217,0.2704,0.0031,0.1048,0.6217
Sample_Dataset/Reichel/images_with_faces/1218274_625983_image.jpeg,Neutral,0.6361,0.0187,0.0379,0.3072,0.6361
Sample_Dataset/Reichel/images_with_faces/1218670_626247_image.jpeg,Optimistic,0.9888,0.9888,0.0006,0.0018,0.0087
Sample_Dataset/Reichel/images_with_faces/1218807_626341_image.jpeg,Pessimistic,0.453,0.236,0.453,0.038,0.2731
Sample_Dataset/Reichel/images_with_faces/1219188_626567_image.jpeg,Hostile,0.947,0.0455,0.0009,0.947,0.0066
Sample_Dataset/Reichel/images_with_faces/1219467_626762_image.jpeg,Optimistic,0.7193,0.7193,0.0118,0.0156,0.2532
Sample_Dataset/Reichel/images_with_faces/1219476_626764_image.jpeg,Neutral,0.5144,0.4232,0.0077,0.0547,0.5144
Sample_Dataset/Reichel/images_with_faces/1223605_629624_image.jpeg,Hostile,0.9883,0.01,0.001,0.9883,0.0007
Sample_Dataset/Reichel/images_with_faces/1223609_629628_image.jpeg,Neutral,0.8571,0.1286,0.004,0.0103,0.8571
Sample_Dataset/Reichel/images_with_faces/1223630_629646_image.jpeg,Neutral,0.6147,0.3462,0.0148,0.0243,0.6147
Sample_Dataset/Reichel/images_with_faces/1223635_629651_image.jpeg,Optimistic,0.9991,0.9991,0.0,0.0,0.0008
Sample_Dataset/Reichel/images_with_faces/1223642_629658_image.jpeg,Optimistic,0.7299,0.7299,0.0036,0.0284,0.2381
Sample_Dataset/Reichel/images_with_faces/1223648_629665_image.jpeg,Neutral,0.5595,0.3939,0.0162,0.0303,0.5595
Sample_Dataset/Reichel/images_with_faces/1223662_629679_image.jpeg,Optimistic,0.7401,0.7401,0.0057,0.0309,0.2233
Sample_Dataset/Reichel/images_with_faces/1223679_629698_image.jpeg,Hostile,0.998,0.0011,0.0001,0.998,0.0008
Sample_Dataset/Reichel/images_with_faces/1223689_629709_image.jpeg,Neutral,0.6379,0.1275,0.043,0.1916,0.6379
Sample_Dataset/Reichel/images_with_faces/1223704_629723_image.jpeg,Neutral,0.7117,0.2806,0.0002,0.0075,0.7117
Sample_Dataset/Reichel/images_with_faces/1223706_629724_image.jpeg,Neutral,0.8116,0.1085,0.0003,0.0796,0.8116
Sample_Dataset/Reichel/images_with_faces/1223725_629737_image.jpeg,Unknown,0.3499,0.3499,0.2645,0.0553,0.3303
Sample_Dataset/Reichel/images_with_faces/1223760_629763_image.jpeg,Neutral,0.9342,0.0435,0.0222,0.0002,0.9342
Sample_Dataset/Reichel/images_with_faces/1223810_629796_image.jpeg,Neutral,0.4506,0.4202,0.0119,0.1173,0.4506
Sample_Dataset/Reichel/images_with_faces/1223863_629822_image.jpeg,Optimistic,0.5247,0.5247,0.0002,0.0051,0.4701
Sample_Dataset/Reichel/images_with_faces/1223912_629861_image.jpeg,Neutral,0.869,0.105,0.0174,0.0087,0.869
Sample_Dataset/Reichel/images_with_faces/1223914_629862_image.jpeg,Optimistic,0.5529,0.5529,0.0136,0.0167,0.4168
Sample_Dataset/Reichel/images_with_faces/1223918_629864_image.jpeg,Neutral,0.6327,0.0179,0.3488,0.0006,0.6327
Sample_Dataset/Reichel/images_with_faces/1224019_629912_image.jpeg,Pessimistic,0.9554,0.0133,0.9554,0.0008,0.0305
Sample_Dataset/Reichel/images_with_faces/1224095_629945_image.jpeg,Optimistic,0.7255,0.7255,0.0018,0.0068,0.266
Sample_Dataset/Reichel/images_with_faces/1224470_630168_image.jpeg,Hostile,0.6419,0.2194,0.0086,0.6419,0.13
Sample_Dataset/Reichel/images_with_faces/1224617_630276_image.jpeg,Neutral,0.5981,0.3244,0.0273,0.0502,0.5981
Sample_Dataset/Reichel/images_with_faces/1231736_631333_image.jpeg,Optimistic,0.7118,0.7118,0.0186,0.0011,0.2685
Sample_Dataset/Reichel/images_with_faces/1233820_632306_image.jpeg,Neutral,0.9273,0.0599,0.0058,0.0071,0.9273
Sample_Dataset/Reichel/images_with_faces/1233825_632311_image.jpeg,Pessimistic,0.977,0.0147,0.977,0.0001,0.0081
Sample_Dataset/Reichel/images_with_faces/1233895_632383_image.jpeg,Optimistic,0.8605,0.8605,0.0422,0.0048,0.0926
Sample_Dataset/Reichel/images_with_faces/1234030_632466_image.jpeg,Neutral,0.7767,0.2212,0.0003,0.0018,0.7767
Sample_Dataset/Reichel/images_with_faces/1234039_632473_image.jpeg,Optimistic,0.9782,0.9782,0.0012,0.0027,0.0179
Sample_Dataset/Reichel/images_with_faces/1234072_632505_image.jpeg,Neutral,0.6027,0.3597,0.0091,0.0285,0.6027
Sample_Dataset/Reichel/images_with_faces/1234131_632553_image.jpeg,Neutral,0.8703,0.1279,0.0002,0.0016,0.8703
Sample_Dataset/Reichel/images_with_faces/1234300_632647_image.jpeg,Hostile,0.9999,0.0001,0.0,0.9999,0.0
Sample_Dataset/Reichel/images_with_faces/1234314_632657_image.jpeg,Neutral,0.7328,0.1202,0.0045,0.1425,0.7328
Sample_Dataset/Reichel/images_with_faces/1234448_632746_image.jpeg,Hostile,0.9575,0.0283,0.0,0.9575,0.0142
Sample_Dataset/Reichel/images_with_faces/1234618_632862_image.jpeg,Optimistic,0.9285,0.9285,0.0102,0.0065,0.0548
Sample_Dataset/Reichel/images_with_faces/1234831_632977_image.jpeg,Hostile,0.9993,0.0004,0.0,0.9993,0.0002
Sample_Dataset/Reichel/images_with_faces/1235987_633542_image.jpeg,Neutral,0.814,0.1605,0.0052,0.0203,0.814
Sample_Dataset/Reichel/images_with_faces/1236113_633604_image.jpeg,Optimistic,0.498,0.498,0.0973,0.08,0.3247
Sample_Dataset/Reichel/images_with_faces/1236115_633606_image.jpeg,Optimistic,0.8585,0.8585,0.0184,0.0502,0.0728
Sample_Dataset/Reichel/images_with_faces/1237017_634312_image.jpeg,Neutral,0.8681,0.0441,0.0827,0.0051,0.8681
Sample_Dataset/Reichel/images_with_faces/1239999_636392_image.jpeg,Neutral,0.841,0.123,0.0038,0.0323,0.841
Sample_Dataset/Reichel/images_with_faces/1240025_636417_image.jpeg,Neutral,0.8646,0.119,0.0003,0.0161,0.8646
Sample_Dataset/Reichel/images_with_faces/1240027_636419_image.jpeg,Optimistic,0.9712,0.9712,0.0006,0.0015,0.0267
Sample_Dataset/Reichel/images_with_faces/1240043_636435_image.jpeg,Optimistic,0.8522,0.8522,0.0,0.0004,0.1474
Sample_Dataset/Reichel/images_with_faces/1240045_636436_image.jpeg,Neutral,0.9835,0.0164,0.0,0.0,0.9835
Sample_Dataset/Reichel/images_with_faces/1240081_636462_image.jpeg,Optimistic,0.5406,0.5406,0.0033,0.3194,0.1367
Sample_Dataset/Reichel/images_with_faces/1240136_636505_image.jpeg,Optimistic,0.6231,0.6231,0.0004,0.3159,0.0606
Sample_Dataset/Reichel/images_with_faces/1240162_636523_image.jpeg,Neutral,0.6584,0.3233,0.0091,0.0093,0.6584
Sample_Dataset/Reichel/images_with_faces/1240197_636551_image.jpeg,Neutral,0.7457,0.1715,0.0075,0.0753,0.7457
Sample_Dataset/Reichel/images_with_faces/1240225_636576_image.jpeg,Optimistic,0.9907,0.9907,0.0001,0.0057,0.0035
Sample_Dataset/Reichel/images_with_faces/1240272_636599_image.jpeg,Optimistic,0.5154,0.5154,0.3008,0.016,0.1678
Sample_Dataset/Reichel/images_with_faces/1240332_636629_image.jpeg,Optimistic,0.5721,0.5721,0.0124,0.0437,0.3718
Sample_Dataset/Reichel/images_with_faces/1240343_636634_image.jpeg,Neutral,0.8116,0.1085,0.0003,0.0796,0.8116
Sample_Dataset/Reichel/images_with_faces/1240347_636636_image.jpeg,Neutral,0.9939,0.0055,0.0005,0.0002,0.9939
Sample_Dataset/Reichel/images_with_faces/1240348_636637_image.jpeg,Neutral,0.7745,0.1123,0.0424,0.0708,0.7745
Sample_Dataset/Reichel/images_with_faces/1240486_636734_image.jpeg,Neutral,0.9584,0.038,0.0003,0.0033,0.9584
Sample_Dataset/Reichel/images_with_faces/1240488_636736_image.jpeg,Neutral,0.9168,0.0829,0.0001,0.0002,0.9168
Sample_Dataset/Reichel/images_with_faces/1240489_636737_image.jpeg,Neutral,0.5997,0.3875,0.0052,0.0075,0.5997
Sample_Dataset/Reichel/images_with_faces/1240490_636738_image.jpeg,Neutral,0.7036,0.2944,0.0002,0.0018,0.7036
Sample_Dataset/Reichel/images_with_faces/1240493_636740_image.jpeg,Neutral,0.6601,0.1739,0.0274,0.1386,0.6601
Sample_Dataset/Reichel/images_with_faces/1240494_636741_image.jpeg,Optimistic,0.6502,0.6502,0.0063,0.0018,0.3416
Sample_Dataset/Reichel/images_with_faces/1240728_636874_image.jpeg,Pessimistic,0.9916,0.0029,0.9916,0.0035,0.0021
Sample_Dataset/Reichel/images_with_faces/1240739_636881_image.jpeg,Optimistic,0.9767,0.9767,0.0049,0.0089,0.0095
Sample_Dataset/Reichel/images_with_faces/1240919_636965_image.jpeg,Optimistic,0.884,0.884,0.0018,0.0912,0.023
Sample_Dataset/Reichel/images_with_faces/1240993_636990_image.jpeg,Neutral,0.9991,0.0006,0.0001,0.0003,0.9991
Sample_Dataset/Reichel/images_with_faces/1241124_637069_image.jpeg,Optimistic,0.8628,0.8628,0.074,0.0577,0.0055
Sample_Dataset/Reichel/images_with_faces/1241184_637110_image.jpeg,Hostile,0.9821,0.0043,0.0041,0.9821,0.0096
Sample_Dataset/Reichel/images_with_faces/1241269_637157_image.jpeg,Hostile,0.8819,0.0096,0.1057,0.8819,0.0027
Sample_Dataset/Reichel/images_with_faces/1241275_637158_image.jpeg,Neutral,0.8822,0.0987,0.0008,0.0184,0.8822
Sample_Dataset/Reichel/images_with_faces/1241276_637159_image.jpeg,Neutral,0.7128,0.2856,0.0002,0.0013,0.7128
Sample_Dataset/Reichel/images_with_faces/1241279_637160_image.jpeg,Neutral,0.5451,0.4393,0.0035,0.012,0.5451
Sample_Dataset/Reichel/images_with_faces/1241281_637161_image.jpeg,Neutral,0.6576,0.3349,0.0003,0.0073,0.6576
Sample_Dataset/Reichel/images_with_faces/1241283_637162_image.jpeg,Neutral,0.5058,0.2914,0.0105,0.1923,0.5058
Sample_Dataset/Reichel/images_with_faces/1241284_637163_image.jpeg,Optimistic,0.6854,0.6854,0.0065,0.0055,0.3026
Sample_Dataset/Reichel/images_with_faces/1241545_637225_image.jpeg,Optimistic,0.8092,0.8092,0.0384,0.0042,0.1482
Sample_Dataset/Reichel/images_with_faces/1246353_640808_image.jpeg,Hostile,0.9932,0.0063,0.0001,0.9932,0.0004
Sample_Dataset/Reichel/images_with_faces/1246355_640811_image.jpeg,Optimistic,0.9586,0.9586,0.0002,0.0308,0.0104
Sample_Dataset/Reichel/images_with_faces/1246370_640825_image.jpeg,Optimistic,0.5224,0.5224,0.0169,0.0374,0.4233
Sample_Dataset/Reichel/images_with_faces/1246381_640836_image.jpeg,Neutral,0.6544,0.3415,0.0003,0.0038,0.6544
Sample_Dataset/Reichel/images_with_faces/1246401_640856_image.jpeg,Optimistic,0.9876,0.9876,0.001,0.0005,0.0109
Sample_Dataset/Reichel/images_with_faces/1246423_640877_image.jpeg,Neutral,0.7654,0.2071,0.0031,0.0244,0.7654
Sample_Dataset/Reichel/images_with_faces/1246432_640885_image.jpeg,Pessimistic,0.4263,0.071,0.4263,0.3005,0.2023
Sample_Dataset/Reichel/images_with_faces/1246443_640896_image.jpeg,Optimistic,0.7562,0.7562,0.1276,0.006,0.1101
Sample_Dataset/Reichel/images_with_faces/1246451_640905_image.jpeg,Hostile,0.9853,0.0138,0.0,0.9853,0.0009
Sample_Dataset/Reichel/images_with_faces/1246454_640908_image.jpeg,Hostile,0.9854,0.0108,0.0,0.9854,0.0038
Sample_Dataset/Reichel/images_with_faces/1246465_640917_image.jpeg,Hostile,0.979,0.0172,0.0001,0.979,0.0036
Sample_Dataset/Reichel/images_with_faces/1246482_640923_image.jpeg,Pessimistic,0.9656,0.0171,0.9656,0.0085,0.0087
Sample_Dataset/Reichel/images_with_faces/1246489_640927_image.jpeg,Hostile,0.995,0.0028,0.0007,0.995,0.0015
Sample_Dataset/Reichel/images_with_faces/1246493_640930_image.jpeg,Unknown,0.3772,0.2933,0.2848,0.0448,0.3772
Sample_Dataset/Reichel/images_with_faces/1246562_640982_image.jpeg,Neutral,0.7904,0.2091,0.0001,0.0003,0.7904
Sample_Dataset/Reichel/images_with_faces/1246626_641025_image.jpeg,Neutral,0.7398,0.1915,0.0171,0.0516,0.7398
Sample_Dataset/Reichel/images_with_faces/1246776_641130_image.jpeg,Pessimistic,0.9989,0.0,0.9989,0.0009,0.0002
Sample_Dataset/Reichel/images_with_faces/1247541_641626_image.jpeg,Neutral,0.9539,0.045,0.0002,0.0009,0.9539
Sample_Dataset/Reichel/images_with_faces/1247543_641628_image.jpeg,Neutral,0.6713,0.3242,0.0004,0.0041,0.6713
Sample_Dataset/Reichel/images_with_faces/1247567_641634_image.jpeg,Neutral,0.6236,0.3246,0.0087,0.0431,0.6236
Sample_Dataset/Reichel/images_with_faces/1247731_641726_image.jpeg,Neutral,0.7994,0.1289,0.0424,0.0293,0.7994
Sample_Dataset/Reichel/images_with_faces/1247752_641735_image.jpeg,Neutral,0.7368,0.2289,0.0309,0.0034,0.7368
Sample_Dataset/Reichel/images_with_faces/1250680_643848_image.jpeg,Neutral,0.9232,0.0748,0.0002,0.0019,0.9232
Sample_Dataset/Reichel/images_with_faces/1250683_643851_image.jpeg,Hostile,0.5442,0.4418,0.0001,0.5442,0.014
Sample_Dataset/Reichel/images_with_faces/1253064_645490_image.jpeg,Unknown,0.3945,0.3945,0.0,0.2282,0.3773
Sample_Dataset/Reichel/images_with_faces/1253073_645496_image.jpeg,Unknown,0.3579,0.2211,0.3579,0.089,0.332
Sample_Dataset/Reichel/images_with_faces/1253076_645499_image.jpeg,Pessimistic,0.4816,0.039,0.4816,0.0275,0.4519
Sample_Dataset/Reichel/images_with_faces/1254578_646611_image.jpeg,Hostile,0.6906,0.3045,0.0008,0.6906,0.0041
Sample_Dataset/Reichel/images_with_faces/1254626_646631_image.jpeg,Optimistic,0.9676,0.9676,0.0016,0.0105,0.0203
Sample_Dataset/Reichel/images_with_faces/1254639_646635_image.jpeg,Optimistic,0.7425,0.7425,0.0034,0.1295,0.1246
Sample_Dataset/Reichel/images_with_faces/1254647_646643_image.jpeg,Neutral,0.8137,0.0345,0.1032,0.0486,0.8137
Sample_Dataset/Reichel/images_with_faces/1254649_646646_image.jpeg,Optimistic,0.7347,0.7347,0.0005,0.2645,0.0003
Sample_Dataset/Reichel/images_with_faces/1254652_646647_image.jpeg,Hostile,0.8865,0.0048,0.0724,0.8865,0.0363
Sample_Dataset/Reichel/images_with_faces/1255895_647503_image.jpeg,Pessimistic,0.4891,0.3264,0.4891,0.0718,0.1127
Sample_Dataset/Reichel/images_with_faces/1255896_647504_image.jpeg,Pessimistic,0.6766,0.004,0.6766,0.0558,0.2636
Sample_Dataset/Reichel/images_with_faces/1256020_647586_image.jpeg,Pessimistic,0.5219,0.0056,0.5219,0.2777,0.1948
Sample_Dataset/Reichel/images_with_faces/1257750_648819_image.jpeg,Neutral,0.9408,0.0529,0.0006,0.0057,0.9408
Sample_Dataset/Reichel/images_with_faces/1257754_648823_image.jpeg,Neutral,0.7394,0.2602,0.0001,0.0003,0.7394
Sample_Dataset/Reichel/images_with_faces/1257761_648829_image.jpeg,Neutral,0.6606,0.0976,0.0351,0.2067,0.6606
Sample_Dataset/Reichel/images_with_faces/1257767_648835_image.jpeg,Neutral,0.9423,0.0491,0.0014,0.0072,0.9423
Sample_Dataset/Reichel/images_with_faces/1257768_648836_image.jpeg,Optimistic,0.7821,0.7821,0.0106,0.1514,0.0559
Sample_Dataset/Reichel/images_with_faces/1257770_648838_image.jpeg,Hostile,0.4941,0.0298,0.2138,0.4941,0.2623
Sample_Dataset/Reichel/images_with_faces/1257772_648840_image.jpeg,Optimistic,0.9175,0.9175,0.0002,0.0001,0.0823
Sample_Dataset/Reichel/images_with_faces/1257779_648847_image.jpeg,Optimistic,0.9404,0.9404,0.0001,0.0036,0.0559
Sample_Dataset/Reichel/images_with_faces/1257785_648854_image.jpeg,Optimistic,0.7308,0.7308,0.0003,0.257,0.012
Sample_Dataset/Reichel/images_with_faces/1257795_648864_image.jpeg,Optimistic,0.8395,0.8395,0.0004,0.0855,0.0746
Sample_Dataset/Reichel/images_with_faces/1257960_648934_image.jpeg,Optimistic,0.9574,0.9574,0.0049,0.0321,0.0056
Sample_Dataset/Reichel/images_with_faces/1257995_648946_image.jpeg,Pessimistic,0.5108,0.0097,0.5108,0.042,0.4375
Sample_Dataset/Reichel/images_with_faces/1258052_648981_image.jpeg,Optimistic,0.5831,0.5831,0.0832,0.0146,0.3191
Sample_Dataset/Reichel/images_with_faces/1261647_651739_image.jpeg,Pessimistic,0.9494,0.0002,0.9494,0.0078,0.0425
Sample_Dataset/Reichel/images_with_faces/1261648_651740_image.jpeg,Neutral,0.8283,0.0853,0.0116,0.0749,0.8283
Sample_Dataset/Reichel/images_with_faces/1261659_651749_image.jpeg,Optimistic,0.9845,0.9845,0.0046,0.0001,0.0109
Sample_Dataset/Reichel/images_with_faces/1261661_651751_image.jpeg,Neutral,0.8919,0.098,0.0039,0.0062,0.8919
Sample_Dataset/Reichel/images_with_faces/1261668_651757_image.jpeg,Neutral,0.6538,0.1313,0.083,0.1319,0.6538
Sample_Dataset/Reichel/images_with_faces/1261669_651758_image.jpeg,Optimistic,0.9904,0.9904,0.0018,0.001,0.0068
Sample_Dataset/Reichel/images_with_faces/1261671_651760_image.jpeg,Neutral,0.8365,0.1611,0.001,0.0013,0.8365
Sample_Dataset/Reichel/images_with_faces/1261682_651770_image.jpeg,Optimistic,0.8826,0.8826,0.0037,0.0018,0.1119
Sample_Dataset/Reichel/images_with_faces/1261684_651772_image.jpeg,Pessimistic,0.4988,0.0361,0.4988,0.08,0.3851
Sample_Dataset/Reichel/images_with_faces/1261685_651773_image.jpeg,Neutral,0.485,0.2447,0.2509,0.0194,0.485
Sample_Dataset/Reichel/images_with_faces/1261692_651780_image.jpeg,Neutral,0.7277,0.2707,0.0002,0.0013,0.7277
Sample_Dataset/Reichel/images_with_faces/1261695_651783_image.jpeg,Neutral,0.6385,0.2909,0.0185,0.0522,0.6385
Sample_Dataset/Reichel/images_with_faces/1261700_651788_image.jpeg,Pessimistic,0.9274,0.0029,0.9274,0.022,0.0477
Sample_Dataset/Reichel/images_with_faces/1261735_651815_image.jpeg,Neutral,0.5055,0.2864,0.2071,0.001,0.5055
Sample_Dataset/Reichel/images_with_faces/1261832_651873_image.jpeg,Hostile,0.7229,0.1186,0.0325,0.7229,0.1259
Sample_Dataset/Reichel/images_with_faces/1261836_651875_image.jpeg,Pessimistic,0.6146,0.1162,0.6146,0.2109,0.0583
Sample_Dataset/Reichel/images_with_faces/1261881_651903_image.jpeg,Hostile,0.9945,0.0037,0.0001,0.9945,0.0018
Sample_Dataset/Reichel/images_with_faces/1261902_651912_image.jpeg,Optimistic,0.6043,0.6043,0.0021,0.3228,0.0708
Sample_Dataset/Reichel/images_with_faces/1262087_652026_image.jpeg,Optimistic,0.6628,0.6628,0.0157,0.0855,0.2359
Sample_Dataset/Reichel/images_with_faces/1262488_652476_image.jpeg,Neutral,0.7825,0.2037,0.0077,0.0061,0.7825
Sample_Dataset/Reichel/images_with_faces/1264426_653969_image.jpeg,Optimistic,0.8143,0.8143,0.0051,0.0032,0.1774
Sample_Dataset/Reichel/images_with_faces/1264465_654003_image.jpeg,Optimistic,0.6622,0.6622,0.0143,0.1291,0.1944
Sample_Dataset/Reichel/images_with_faces/1264471_654007_image.jpeg,Neutral,0.6353,0.1844,0.0808,0.0995,0.6353
Sample_Dataset/Reichel/images_with_faces/1264529_654046_image.jpeg,Neutral,0.9941,0.0045,0.0003,0.001,0.9941
Sample_Dataset/Reichel/images_with_faces/1264531_654048_image.jpeg,Neutral,0.9668,0.0307,0.0005,0.0021,0.9668
Sample_Dataset/Reichel/images_with_faces/1264582_654083_image.jpeg,Optimistic,0.9891,0.9891,0.0007,0.0035,0.0068
Sample_Dataset/Reichel/images_with_faces/1264923_654240_image.jpeg,Hostile,0.8259,0.0659,0.0241,0.8259,0.0841
Sample_Dataset/Reichel/images_with_faces/1265109_654314_image.jpeg,Neutral,0.969,0.03,0.0001,0.0009,0.969
Sample_Dataset/Reichel/images_with_faces/1265157_654332_image.jpeg,Optimistic,0.9689,0.9689,0.0013,0.0006,0.0293
Sample_Dataset/Reichel/images_with_faces/1265267_654394_image.jpeg,Unknown,0.2897,0.2897,0.2667,0.2611,0.1824
Sample_Dataset/Reichel/images_with_faces/1265270_654396_image.jpeg,Hostile,0.9249,0.0406,0.0237,0.9249,0.0108
Sample_Dataset/Reichel/images_with_faces/1265434_654499_image.jpeg,Hostile,0.9036,0.0581,0.0223,0.9036,0.0159
Sample_Dataset/Reichel/images_with_faces/1265488_654539_image.jpeg,Optimistic,0.9988,0.9988,0.0002,0.0001,0.001
Sample_Dataset/Reichel/images_with_faces/1266382_655386_image.jpeg,Neutral,0.9219,0.0765,0.0001,0.0015,0.9219
Sample_Dataset/Reichel/images_with_faces/1266383_655387_image.jpeg,Neutral,0.9634,0.036,0.0003,0.0003,0.9634
Sample_Dataset/Reichel/images_with_faces/1266385_655390_image.jpeg,Neutral,0.8558,0.1308,0.0058,0.0076,0.8558
Sample_Dataset/Reichel/images_with_faces/1269314_657404_image.jpeg,Hostile,0.9534,0.0024,0.0004,0.9534,0.0438
Sample_Dataset/Reichel/images_with_faces/1269360_657444_image.jpeg,Hostile,0.7402,0.1569,0.0217,0.7402,0.0813
Sample_Dataset/Reichel/images_with_faces/1269373_657457_image.jpeg,Optimistic,0.5588,0.5588,0.1058,0.0368,0.2987
Sample_Dataset/Reichel/images_with_faces/1269377_657460_image.jpeg,Neutral,0.6497,0.2528,0.0192,0.0783,0.6497
Sample_Dataset/Reichel/images_with_faces/1269561_657555_image.jpeg,Neutral,0.8935,0.1055,0.0,0.0009,0.8935
Sample_Dataset/Reichel/images_with_faces/1269564_657557_image.jpeg,Optimistic,0.9869,0.9869,0.0001,0.0002,0.0128
Sample_Dataset/Reichel/images_with_faces/1269902_657736_image.jpeg,Optimistic,0.9946,0.9946,0.0007,0.001,0.0037
Sample_Dataset/Reichel/images_with_faces/1270144_657855_image.jpeg,Hostile,0.9847,0.0044,0.0007,0.9847,0.0102
Sample_Dataset/Reichel/images_with_faces/1270168_657872_image.jpeg,Unknown,0.3931,0.3931,0.2591,0.0776,0.2702
Sample_Dataset/Reichel/images_with_faces/1270283_657934_image.jpeg,Pessimistic,0.4026,0.1423,0.4026,0.1671,0.288
Sample_Dataset/Reichel/images_with_faces/1270352_657974_image.jpeg,Neutral,0.904,0.0883,0.0,0.0077,0.904
Sample_Dataset/Reichel/images_with_faces/1270359_657978_image.jpeg,Neutral,0.8766,0.1152,0.0016,0.0066,0.8766
Sample_Dataset/Reichel/images_with_faces/1271208_658818_image.jpeg,Neutral,0.8579,0.1076,0.0046,0.0299,0.8579
Sample_Dataset/Reichel/images_with_faces/1271211_658821_image.jpeg,Neutral,0.8346,0.1427,0.0047,0.018,0.8346
Sample_Dataset/Reichel/images_with_faces/1274130_660580_image.jpeg,Neutral,0.9437,0.051,0.0001,0.0052,0.9437
Sample_Dataset/Reichel/images_with_faces/1274146_660595_image.jpeg,Neutral,0.6525,0.2751,0.0091,0.0632,0.6525
Sample_Dataset/Reichel/images_with_faces/1274162_660609_image.jpeg,Neutral,0.8071,0.1911,0.0009,0.0008,0.8071
Sample_Dataset/Reichel/images_with_faces/1274165_660613_image.jpeg,Hostile,0.71,0.0085,0.014,0.71,0.2675
Sample_Dataset/Reichel/images_with_faces/1274214_660653_image.jpeg,Neutral,0.9214,0.0708,0.0034,0.0045,0.9214
Sample_Dataset/Reichel/images_with_faces/1274215_660654_image.jpeg,Neutral,0.9466,0.0467,0.0024,0.0043,0.9466
Sample_Dataset/Reichel/images_with_faces/1274276_660679_image.jpeg,Hostile,0.7972,0.036,0.1518,0.7972,0.015
Sample_Dataset/Reichel/images_with_faces/1274287_660688_image.jpeg,Neutral,0.9983,0.0011,0.0,0.0006,0.9983
Sample_Dataset/Reichel/images_with_faces/1274357_660742_image.jpeg,Optimistic,0.9943,0.9943,0.0004,0.0007,0.0046
Sample_Dataset/Reichel/images_with_faces/1274383_660754_image.jpeg,Hostile,0.8982,0.0412,0.0002,0.8982,0.0604
Sample_Dataset/Reichel/images_with_faces/1274404_660778_image.jpeg,Neutral,0.9152,0.0748,0.0017,0.0082,0.9152
Sample_Dataset/Reichel/images_with_faces/1274407_660781_image.jpeg,Optimistic,0.5679,0.5679,0.0194,0.0153,0.3973
Sample_Dataset/Reichel/images_with_faces/1274411_660786_image.jpeg,Neutral,0.9817,0.0158,0.002,0.0005,0.9817
Sample_Dataset/Reichel/images_with_faces/1274465_660822_image.jpeg,Pessimistic,0.9696,0.0199,0.9696,0.0055,0.0049
Sample_Dataset/Reichel/images_with_faces/1274633_660878_image.jpeg,Neutral,0.9809,0.0177,0.0004,0.001,0.9809
Sample_Dataset/Reichel/images_with_faces/1274863_661022_image.jpeg,Hostile,0.9974,0.0019,0.0005,0.9974,0.0002
Sample_Dataset/Reichel/images_with_faces/1283257_663097_image.jpeg,Neutral,0.5146,0.4852,0.0001,0.0,0.5146
Sample_Dataset/Reichel/images_with_faces/1283454_663245_image.jpeg,Optimistic,0.9399,0.9399,0.001,0.0271,0.032
Sample_Dataset/Reichel/images_with_faces/1283515_663292_image.jpeg,Hostile,0.986,0.0136,0.0,0.986,0.0004
Sample_Dataset/Reichel/images_with_faces/1283545_663307_image.jpeg,Neutral,0.5586,0.1016,0.2333,0.1066,0.5586
Sample_Dataset/Reichel/images_with_faces/1283600_663332_image.jpeg,Optimistic,0.9779,0.9779,0.0008,0.0008,0.0206
Sample_Dataset/Reichel/images_with_faces/1283957_663597_image.jpeg,Hostile,0.9057,0.0277,0.0001,0.9057,0.0665
Sample_Dataset/Reichel/images_with_faces/1284064_663688_image.jpeg,Optimistic,0.973,0.973,0.0007,0.0041,0.0222
Sample_Dataset/Reichel/images_with_faces/1284081_663699_image.jpeg,Neutral,0.4634,0.0631,0.0269,0.4466,0.4634
Sample_Dataset/Reichel/images_with_faces/1285856_664945_image.jpeg,Neutral,0.909,0.0794,0.0005,0.0111,0.909
Sample_Dataset/Reichel/images_with_faces/1285857_664947_image.jpeg,Optimistic,0.9784,0.9784,0.0001,0.005,0.0165
Sample_Dataset/Reichel/images_with_faces/1285860_664948_image.jpeg,Hostile,0.9582,0.0291,0.0064,0.9582,0.0064
Sample_Dataset/Reichel/images_with_faces/1285864_664951_image.jpeg,Neutral,0.8692,0.1214,0.0039,0.0055,0.8692
Sample_Dataset/Reichel/images_with_faces/1285865_664952_image.jpeg,Neutral,0.8081,0.1786,0.0065,0.0068,0.8081
Sample_Dataset/Reichel/images_with_faces/1285866_664953_image.jpeg,Pessimistic,0.9889,0.0027,0.9889,0.0006,0.0078
Sample_Dataset/Reichel/images_with_faces/1285868_664956_image.jpeg,Neutral,0.9742,0.0242,0.0,0.0015,0.9742
Sample_Dataset/Reichel/images_with_faces/1285869_664957_image.jpeg,Neutral,0.9134,0.0854,0.0004,0.0008,0.9134
Sample_Dataset/Reichel/images_with_faces/1287465_666040_image.jpeg,Neutral,0.6442,0.3546,0.0002,0.001,0.6442
Sample_Dataset/Reichel/images_with_faces/1287476_666041_image.jpeg,Neutral,0.9173,0.0733,0.0014,0.008,0.9173
Sample_Dataset/Reichel/images_with_faces/1287517_666079_image.jpeg,Pessimistic,0.9752,0.0074,0.9752,0.0142,0.0031
Sample_Dataset/Reichel/images_with_faces/1287581_666113_image.jpeg,Neutral,0.839,0.1426,0.0013,0.0171,0.839
Sample_Dataset/Reichel/images_with_faces/1287584_666114_image.jpeg,Optimistic,0.7883,0.7883,0.009,0.0057,0.1969
Sample_Dataset/Reichel/images_with_faces/1287748_666214_image.jpeg,Hostile,0.4955,0.128,0.1023,0.4955,0.2742
Sample_Dataset/Reichel/images_with_faces/1287752_666216_image.jpeg,Neutral,0.5745,0.2434,0.1277,0.0544,0.5745
Sample_Dataset/Reichel/images_with_faces/1288023_666350_image.jpeg,Optimistic,0.884,0.884,0.0072,0.0774,0.0314
Sample_Dataset/Reichel/images_with_faces/1288024_666351_image.jpeg,Optimistic,0.4626,0.4626,0.1387,0.1968,0.2018
Sample_Dataset/Reichel/images_with_faces/1288029_666358_image.jpeg,Optimistic,0.7043,0.7043,0.0434,0.1872,0.0652
Sample_Dataset/Reichel/images_with_faces/1288552_667150_image.jpeg,Neutral,0.9518,0.0431,0.0043,0.0008,0.9518
Sample_Dataset/Reichel/images_with_faces/1288556_667153_image.jpeg,Neutral,0.9816,0.0153,0.0027,0.0004,0.9816
Sample_Dataset/Reichel/images_with_faces/1288560_667160_image.jpeg,Optimistic,0.8169,0.8169,0.0003,0.007,0.1757
Sample_Dataset/Reichel/images_with_faces/1288568_667173_image.jpeg,Neutral,0.9106,0.0891,0.0,0.0003,0.9106
Sample_Dataset/Reichel/images_with_faces/1288573_667179_image.jpeg,Neutral,0.9674,0.0325,0.0,0.0001,0.9674
Sample_Dataset/Reichel/images_with_faces/1288575_667180_image.jpeg,Neutral,0.9458,0.0539,0.0,0.0002,0.9458
Sample_Dataset/Reichel/images_with_faces/1288578_667186_image.jpeg,Optimistic,0.7662,0.7662,0.0003,0.0078,0.2257
Sample_Dataset/Reichel/images_with_faces/1288580_667188_image.jpeg,Optimistic,0.7836,0.7836,0.0002,0.004,0.2122
Sample_Dataset/Reichel/images_with_faces/1288582_667189_image.jpeg,Neutral,0.8721,0.123,0.0002,0.0047,0.8721
Sample_Dataset/Reichel/images_with_faces/1288584_667192_image.jpeg,Neutral,0.9211,0.0785,0.0001,0.0003,0.9211
Sample_Dataset/Reichel/images_with_faces/1288587_667193_image.jpeg,Neutral,0.9752,0.02,0.0014,0.0034,0.9752
Sample_Dataset/Reichel/images_with_faces/1288588_667194_image.jpeg,Optimistic,0.783,0.783,0.003,0.0021,0.2119
Sample_Dataset/Reichel/images_with_faces/1291198_669134_image.jpeg,Hostile,0.9308,0.062,0.001,0.9308,0.0062
Sample_Dataset/Reichel/images_with_faces/1291326_669246_image.jpeg,Hostile,0.949,0.009,0.0249,0.949,0.0171
Sample_Dataset/Reichel/images_with_faces/1292241_669962_image.jpeg,Neutral,0.5014,0.4975,0.0,0.0011,0.5014
Sample_Dataset/Reichel/images_with_faces/1292292_669986_image.jpeg,Neutral,0.6983,0.292,0.0002,0.0096,0.6983
Sample_Dataset/Reichel/images_with_faces/1292310_670000_image.jpeg,Neutral,0.607,0.0115,0.0026,0.3788,0.607
Sample_Dataset/Reichel/images_with_faces/1292526_670169_image.jpeg,Optimistic,0.7872,0.7872,0.019,0.0023,0.1914
Sample_Dataset/Reichel/images_with_faces/1292539_670176_image.jpeg,Hostile,0.9816,0.0113,0.0002,0.9816,0.007
Sample_Dataset/Reichel/images_with_faces/1292555_670186_image.jpeg,Pessimistic,0.9783,0.0098,0.9783,0.006,0.006
Sample_Dataset/Reichel/images_with_faces/1293124_670627_image.jpeg,Hostile,0.696,0.0544,0.1155,0.696,0.134
Sample_Dataset/Reichel/images_with_faces/1293217_670699_image.jpeg,Neutral,0.4126,0.4048,0.1802,0.0024,0.4126
Sample_Dataset/Reichel/images_with_faces/1293219_670701_image.jpeg,Hostile,0.7077,0.1112,0.0758,0.7077,0.1054
Sample_Dataset/Reichel/images_with_faces/1293222_670704_image.jpeg,Optimistic,0.404,0.404,0.3203,0.1137,0.162
Sample_Dataset/Reichel/images_with_faces/1294968_671966_image.jpeg,Neutral,0.5911,0.2666,0.0064,0.136,0.5911
Sample_Dataset/Reichel/images_with_faces/1297504_673866_image.jpeg,Neutral,0.7769,0.1875,0.0,0.0355,0.7769
Sample_Dataset/Reichel/images_with_faces/1297892_674179_image.jpeg,Hostile,0.6312,0.3633,0.0005,0.6312,0.0049
Sample_Dataset/Reichel/images_with_faces/1298088_674293_image.jpeg,Optimistic,0.9626,0.9626,0.0268,0.0017,0.0089
Sample_Dataset/Reichel/images_with_faces/1298089_674294_image.jpeg,Optimistic,0.8104,0.8104,0.035,0.0136,0.141
Sample_Dataset/Reichel/images_with_faces/1298090_674295_image.jpeg,Optimistic,0.78,0.78,0.1496,0.0043,0.0661
Sample_Dataset/Reichel/images_with_faces/1299926_675636_image.jpeg,Neutral,0.5414,0.4042,0.0254,0.029,0.5414
Sample_Dataset/Reichel/images_with_faces/1299930_675640_image.jpeg,Neutral,0.518,0.3255,0.1135,0.043,0.518
Sample_Dataset/Reichel/images_with_faces/1299960_675667_image.jpeg,Neutral,0.5423,0.3062,0.0995,0.052,0.5423
Sample_Dataset/Reichel/images_with_faces/1300041_675720_image.jpeg,Hostile,0.8943,0.1053,0.0,0.8943,0.0004
Sample_Dataset/Reichel/images_with_faces/1300089_675753_image.jpeg,Optimistic,0.4651,0.4651,0.0154,0.3292,0.1903
Sample_Dataset/Reichel/images_with_faces/1300094_675757_image.jpeg,Neutral,0.8135,0.0073,0.0012,0.178,0.8135
Sample_Dataset/Reichel/images_with_faces/1301830_677221_image.jpeg,Neutral,0.5015,0.4886,0.0005,0.0094,0.5015
Sample_Dataset/Reichel/images_with_faces/1303798_678564_image.jpeg,Neutral,0.978,0.0092,0.0009,0.0119,0.978
Sample_Dataset/Reichel/images_with_faces/1303805_678568_image.jpeg,Optimistic,0.8454,0.8454,0.0093,0.0445,0.1008
Sample_Dataset/Reichel/images_with_faces/1303816_678573_image.jpeg,Optimistic,0.5154,0.5154,0.0227,0.2522,0.2097
Sample_Dataset/Reichel/images_with_faces/1305288_679482_image.jpeg,Hostile,0.6853,0.0884,0.1371,0.6853,0.0892
Sample_Dataset/Reichel/images_with_faces/1305979_679968_image.jpeg,Unknown,0.3733,0.3134,0.0375,0.3733,0.2759
Sample_Dataset/Reichel/images_with_faces/1305987_679976_image.jpeg,Optimistic,0.5249,0.5249,0.0112,0.071,0.393
Sample_Dataset/Reichel/images_with_faces/1306005_679994_image.jpeg,Hostile,0.9963,0.0028,0.0001,0.9963,0.0008
Sample_Dataset/Reichel/images_with_faces/1306012_680000_image.jpeg,Neutral,0.4743,0.392,0.0408,0.0929,0.4743
Sample_Dataset/Reichel/images_with_faces/1306036_680018_image.jpeg,Hostile,0.7418,0.0025,0.0483,0.7418,0.2074
Sample_Dataset/Reichel/images_with_faces/1306043_680023_image.jpeg,Hostile,0.8602,0.0647,0.036,0.8602,0.0391
Sample_Dataset/Reichel/images_with_faces/1306072_680034_image.jpeg,Optimistic,0.8524,0.8524,0.0,0.0003,0.1473
Sample_Dataset/Reichel/images_with_faces/1306173_680099_image.jpeg,Optimistic,0.9844,0.9844,0.0,0.0016,0.0139
Sample_Dataset/Reichel/images_with_faces/1306383_680234_image.jpeg,Neutral,0.5787,0.2891,0.0534,0.0788,0.5787
Sample_Dataset/Reichel/images_with_faces/1306388_680235_image.jpeg,Optimistic,0.8626,0.8626,0.0075,0.037,0.0929
Sample_Dataset/Reichel/images_with_faces/1306391_680236_image.jpeg,Optimistic,0.5343,0.5343,0.0119,0.0444,0.4094
Sample_Dataset/Reichel/images_with_faces/1310254_683306_image.jpeg,Optimistic,0.9985,0.9985,0.0009,0.0002,0.0003
Sample_Dataset/Reichel/images_with_faces/1310268_683320_image.jpeg,Hostile,0.9573,0.0405,0.0002,0.9573,0.002
Sample_Dataset/Reichel/images_with_faces/1310269_683321_image.jpeg,Optimistic,0.9805,0.9805,0.0009,0.0003,0.0183
Sample_Dataset/Reichel/images_with_faces/1310272_683324_image.jpeg,Optimistic,0.9804,0.9804,0.0001,0.0004,0.0192
Sample_Dataset/Reichel/images_with_faces/1310290_683342_image.jpeg,Neutral,0.4667,0.3711,0.0056,0.1565,0.4667
Sample_Dataset/Reichel/images_with_faces/1310291_683343_image.jpeg,Neutral,0.5887,0.2246,0.0079,0.1789,0.5887
Sample_Dataset/Reichel/images_with_faces/1310292_683344_image.jpeg,Neutral,0.9962,0.0,0.0001,0.0036,0.9962
Sample_Dataset/Reichel/images_with_faces/1310310_683363_image.jpeg,Neutral,0.5323,0.3427,0.0162,0.1088,0.5323
Sample_Dataset/Reichel/images_with_faces/1310321_683377_image.jpeg,Optimistic,0.9817,0.9817,0.0002,0.0026,0.0155
Sample_Dataset/Reichel/images_with_faces/1310340_683392_image.jpeg,Pessimistic,0.7338,0.0421,0.7338,0.0842,0.14
Sample_Dataset/Reichel/images_with_faces/1310357_683409_image.jpeg,Optimistic,0.6684,0.6684,0.0015,0.0028,0.3273
Sample_Dataset/Reichel/images_with_faces/1310405_683452_image.jpeg,Pessimistic,0.6337,0.1728,0.6337,0.0443,0.1493
Sample_Dataset/Reichel/images_with_faces/1310425_683467_image.jpeg,Neutral,0.7417,0.2579,0.0002,0.0002,0.7417
Sample_Dataset/Reichel/images_with_faces/1310493_683496_image.jpeg,Hostile,0.8072,0.1612,0.0007,0.8072,0.031
Sample_Dataset/Reichel/images_with_faces/1310496_683498_image.jpeg,Optimistic,0.9805,0.9805,0.0009,0.0003,0.0183
Sample_Dataset/Reichel/images_with_faces/1310508_683506_image.jpeg,Neutral,0.927,0.0719,0.0005,0.0006,0.927
Sample_Dataset/Reichel/images_with_faces/1310651_683594_image.jpeg,Neutral,0.5993,0.2579,0.1227,0.0202,0.5993
Sample_Dataset/Reichel/images_with_faces/1310717_683645_image.jpeg,Neutral,0.4114,0.2546,0.0008,0.3332,0.4114
Sample_Dataset/Reichel/images_with_faces/1310720_683647_image.jpeg,Optimistic,0.436,0.436,0.0032,0.435,0.1258
Sample_Dataset/Reichel/images_with_faces/1310815_683715_image.jpeg,Neutral,0.6236,0.0024,0.3353,0.0386,0.6236
Sample_Dataset/Reichel/images_with_faces/1310838_683735_image.jpeg,Hostile,0.7791,0.2016,0.0033,0.7791,0.016
Sample_Dataset/Reichel/images_with_faces/1311079_683861_image.jpeg,Hostile,0.5934,0.057,0.0009,0.5934,0.3487
Sample_Dataset/Reichel/images_with_faces/1311080_683862_image.jpeg,Neutral,0.5141,0.0175,0.0501,0.4182,0.5141
Sample_Dataset/Reichel/images_with_faces/1311081_683863_image.jpeg,Optimistic,0.6236,0.6236,0.0002,0.0602,0.316
Sample_Dataset/Reichel/images_with_faces/1311084_683864_image.jpeg,Pessimistic,0.9249,0.0335,0.9249,0.0215,0.02
Sample_Dataset/Reichel/images_with_faces/1311087_683865_image.jpeg,Neutral,0.5665,0.4234,0.0005,0.0095,0.5665
Sample_Dataset/Reichel/images_with_faces/1311146_683922_image.jpeg,Optimistic,0.9638,0.9638,0.0027,0.0014,0.0321
Sample_Dataset/Reichel/images_with_faces/1311370_684118_image.jpeg,Optimistic,0.5796,0.5796,0.1424,0.0892,0.1888
Sample_Dataset/Reichel/images_with_faces/1311433_684178_image.jpeg,Neutral,0.9899,0.0091,0.0001,0.001,0.9899
Sample_Dataset/Reichel/images_with_faces/1311438_684185_image.jpeg,Optimistic,0.5752,0.5752,0.0037,0.1162,0.3049
Sample_Dataset/Reichel/images_with_faces/1311454_684208_image.jpeg,Optimistic,0.9828,0.9828,0.0048,0.0056,0.0068
Sample_Dataset/Reichel/images_with_faces/1313095_685525_image.jpeg,Pessimistic,0.4326,0.1466,0.4326,0.3253,0.0955
Sample_Dataset/Reichel/images_with_faces/1313099_685528_image.jpeg,Neutral,0.7043,0.2394,0.0153,0.041,0.7043
Sample_Dataset/Reichel/images_with_faces/1313100_685529_image.jpeg,Optimistic,0.4856,0.4856,0.0097,0.0969,0.4077
Sample_Dataset/Reichel/images_with_faces/1313128_685543_image.jpeg,Neutral,0.7219,0.2659,0.0079,0.0043,0.7219
Sample_Dataset/Reichel/images_with_faces/1313140_685556_image.jpeg,Hostile,0.9856,0.0119,0.0002,0.9856,0.0023
Sample_Dataset/Reichel/images_with_faces/1313144_685560_image.jpeg,Neutral,0.4188,0.2636,0.0274,0.2902,0.4188
Sample_Dataset/Reichel/images_with_faces/1313145_685561_image.jpeg,Neutral,0.4094,0.2776,0.0246,0.2885,0.4094
Sample_Dataset/Reichel/images_with_faces/1313160_685578_image.jpeg,Neutral,0.8632,0.1038,0.0016,0.0315,0.8632
Sample_Dataset/Reichel/images_with_faces/1313206_685607_image.jpeg,Neutral,0.8193,0.1764,0.0003,0.004,0.8193
Sample_Dataset/Reichel/images_with_faces/1313543_685894_image.jpeg,Unknown,0.3796,0.2341,0.031,0.3796,0.3552
Sample_Dataset/Reichel/images_with_faces/1314124_686313_image.jpeg,Neutral,0.7342,0.1367,0.0308,0.0984,0.7342
Sample_Dataset/Reichel/images_with_faces/1314128_686315_image.jpeg,Neutral,0.894,0.0933,0.0016,0.0111,0.894
Sample_Dataset/Reichel/images_with_faces/1314135_686317_image.jpeg,Optimistic,0.7714,0.7714,0.0248,0.1791,0.0247
Sample_Dataset/Reichel/images_with_faces/1314138_686321_image.jpeg,Optimistic,0.9381,0.9381,0.0006,0.0101,0.0512
Sample_Dataset/Reichel/images_with_faces/1314140_686323_image.jpeg,Neutral,0.5202,0.2144,0.0041,0.2614,0.5202
Sample_Dataset/Reichel/images_with_faces/1314286_686389_image.jpeg,Hostile,0.8114,0.0267,0.0838,0.8114,0.0781
Sample_Dataset/Reichel/images_with_faces/1314387_686478_image.jpeg,Neutral,0.5536,0.2929,0.0956,0.0579,0.5536
Sample_Dataset/Reichel/images_with_faces/1318738_689646_image.jpeg,Pessimistic,0.9951,0.0004,0.9951,0.0017,0.0028
Sample_Dataset/Reichel/images_with_faces/1319795_690337_image.jpeg,Optimistic,0.9884,0.9884,0.0,0.0012,0.0104
Sample_Dataset/Reichel/images_with_faces/1319824_690362_image.jpeg,Optimistic,0.9991,0.9991,0.0,0.0,0.0009
Sample_Dataset/Reichel/images_with_faces/1319828_690365_image.jpeg,Optimistic,0.7422,0.7422,0.0028,0.0123,0.2427
Sample_Dataset/Reichel/images_with_faces/1319845_690378_image.jpeg,Optimistic,0.8556,0.8556,0.0001,0.001,0.1433
Sample_Dataset/Reichel/images_with_faces/1319862_690388_image.jpeg,Neutral,0.9189,0.072,0.0041,0.0049,0.9189
Sample_Dataset/Reichel/images_with_faces/1319883_690405_image.jpeg,Optimistic,0.523,0.523,0.0019,0.0049,0.4702
Sample_Dataset/Reichel/images_with_faces/1319911_690428_image.jpeg,Neutral,0.678,0.017,0.027,0.2779,0.678
Sample_Dataset/Reichel/images_with_faces/1319986_690494_image.jpeg,Neutral,0.4958,0.4654,0.0166,0.0222,0.4958
Sample_Dataset/Reichel/images_with_faces/1320151_690595_image.jpeg,Neutral,0.9058,0.0028,0.001,0.0905,0.9058
Sample_Dataset/Reichel/images_with_faces/1320186_690617_image.jpeg,Neutral,0.4365,0.3047,0.2208,0.038,0.4365
Sample_Dataset/Reichel/images_with_faces/1320326_690732_image.jpeg,Hostile,0.9917,0.0064,0.0005,0.9917,0.0014
Sample_Dataset/Reichel/images_with_faces/1320381_690765_image.jpeg,Neutral,0.7161,0.2812,0.0007,0.0019,0.7161
Sample_Dataset/Reichel/images_with_faces/1320499_690824_image.jpeg,Pessimistic,0.4336,0.3714,0.4336,0.1076,0.0875
Sample_Dataset/Reichel/images_with_faces/1321123_691291_image.jpeg,Pessimistic,0.7835,0.0886,0.7835,0.0421,0.0858
Sample_Dataset/Reichel/images_with_faces/1321293_691369_image.jpeg,Neutral,0.9792,0.0157,0.0039,0.0012,0.9792
Sample_Dataset/Reichel/images_with_faces/1321296_691371_image.jpeg,Neutral,0.9496,0.0338,0.0145,0.0021,0.9496
Sample_Dataset/Reichel/images_with_faces/1321298_691373_image.jpeg,Neutral,0.9918,0.0051,0.002,0.0011,0.9918
Sample_Dataset/Reichel/images_with_faces/1321300_691375_image.jpeg,Neutral,0.9605,0.0112,0.0225,0.0058,0.9605
Sample_Dataset/Reichel/images_with_faces/1325442_693941_image.jpeg,Neutral,0.6075,0.2595,0.0171,0.1159,0.6075
Sample_Dataset/Reichel/images_with_faces/1325923_694291_image.jpeg,Optimistic,0.9699,0.9699,0.0001,0.001,0.0289
Sample_Dataset/Reichel/images_with_faces/1325993_694355_image.jpeg,Neutral,0.8689,0.1287,0.0012,0.0012,0.8689
Sample_Dataset/Reichel/images_with_faces/1326017_694378_image.jpeg,Neutral,0.6237,0.3584,0.0027,0.0152,0.6237
Sample_Dataset/Reichel/images_with_faces/1326021_694382_image.jpeg,Neutral,0.9016,0.0962,0.0013,0.001,0.9016
Sample_Dataset/Reichel/images_with_faces/1326037_694398_image.jpeg,Neutral,0.6703,0.2523,0.0176,0.0598,0.6703
Sample_Dataset/Reichel/images_with_faces/1326050_694409_image.jpeg,Pessimistic,0.803,0.0432,0.803,0.1301,0.0237
Sample_Dataset/Reichel/images_with_faces/1326065_694426_image.jpeg,Optimistic,0.6228,0.6228,0.0018,0.0011,0.3743
Sample_Dataset/Reichel/images_with_faces/1326073_694434_image.jpeg,Optimistic,0.8778,0.8778,0.0025,0.0026,0.1171
Sample_Dataset/Reichel/images_with_faces/1326075_694437_image.jpeg,Neutral,0.4864,0.4131,0.004,0.0965,0.4864
Sample_Dataset/Reichel/images_with_faces/1326137_694467_image.jpeg,Neutral,0.6361,0.0466,0.079,0.2383,0.6361
Sample_Dataset/Reichel/images_with_faces/1326187_694503_image.jpeg,Neutral,0.5826,0.381,0.03,0.0063,0.5826
Sample_Dataset/Reichel/images_with_faces/1326197_694513_image.jpeg,Optimistic,0.8575,0.8575,0.0041,0.087,0.0514
Sample_Dataset/Reichel/images_with_faces/1326265_694572_image.jpeg,Neutral,0.9924,0.0071,0.0004,0.0002,0.9924
Sample_Dataset/Reichel/images_with_faces/1326285_694589_image.jpeg,Optimistic,0.8729,0.8729,0.0072,0.0309,0.089
Sample_Dataset/Reichel/images_with_faces/1326317_694605_image.jpeg,Neutral,0.7771,0.218,0.0007,0.0041,0.7771
Sample_Dataset/Reichel/images_with_faces/1326346_694618_image.jpeg,Neutral,0.9815,0.0181,0.0,0.0003,0.9815
Sample_Dataset/Reichel/images_with_faces/1326352_694623_image.jpeg,Optimistic,0.747,0.747,0.014,0.0517,0.1873
Sample_Dataset/Reichel/images_with_faces/1326397_694629_image.jpeg,Pessimistic,0.8844,0.0012,0.8844,0.0826,0.0318
Sample_Dataset/Reichel/images_with_faces/1326616_694741_image.jpeg,Neutral,0.8987,0.0981,0.0019,0.0013,0.8987
Sample_Dataset/Reichel/images_with_faces/1326959_694952_image.jpeg,Optimistic,0.4697,0.4697,0.1871,0.0812,0.2619
Sample_Dataset/Reichel/images_with_faces/1327445_695208_image.jpeg,Optimistic,0.8995,0.8995,0.0,0.0009,0.0996
Sample_Dataset/Reichel/images_with_faces/1327714_695355_image.jpeg,Optimistic,0.6504,0.6504,0.0002,0.3424,0.0071
Sample_Dataset/Reichel/images_with_faces/1328032_695500_image.jpeg,Optimistic,0.7346,0.7346,0.0,0.0004,0.2649
Sample_Dataset/Reichel/images_with_faces/1328038_695504_image.jpeg,Optimistic,0.9311,0.9311,0.0001,0.0036,0.0652
Sample_Dataset/Reichel/images_with_faces/1328119_695558_image.jpeg,Optimistic,0.7605,0.7605,0.0905,0.1271,0.0219
Sample_Dataset/Reichel/images_with_faces/1338100_697919_image.jpeg,Neutral,0.934,0.0622,0.0016,0.0023,0.934
Sample_Dataset/Reichel/images_with_faces/1338101_697920_image.jpeg,Neutral,0.9265,0.0649,0.004,0.0046,0.9265
Sample_Dataset/Reichel/images_with_faces/1338125_697944_image.jpeg,Neutral,0.8231,0.1528,0.0152,0.009,0.8231
Sample_Dataset/Reichel/images_with_faces/1338126_697945_image.jpeg,Neutral,0.8957,0.0988,0.0035,0.002,0.8957
Sample_Dataset/Reichel/images_with_faces/1338177_697989_image.jpeg,Neutral,0.9881,0.0114,0.0,0.0004,0.9881
Sample_Dataset/Reichel/images_with_faces/1338178_697990_image.jpeg,Neutral,0.9944,0.0054,0.0,0.0002,0.9944
Sample_Dataset/Reichel/images_with_faces/1338186_697998_image.jpeg,Neutral,0.9507,0.0406,0.0023,0.0064,0.9507
Sample_Dataset/Reichel/images_with_faces/1338216_698011_image.jpeg,Hostile,0.9767,0.0008,0.013,0.9767,0.0095
Sample_Dataset/Reichel/images_with_faces/1338263_698032_image.jpeg,Neutral,0.9964,0.0006,0.0001,0.0028,0.9964
Sample_Dataset/Reichel/images_with_faces/1338266_698035_image.jpeg,Unknown,0.3558,0.3558,0.2559,0.3266,0.0617
Sample_Dataset/Reichel/images_with_faces/1338302_698066_image.jpeg,Optimistic,0.9634,0.9634,0.0001,0.0058,0.0306
Sample_Dataset/Reichel/images_with_faces/1338353_698116_image.jpeg,Neutral,0.9988,0.0004,0.0006,0.0002,0.9988
Sample_Dataset/Reichel/images_with_faces/1338363_698123_image.jpeg,Optimistic,0.7074,0.7074,0.003,0.0025,0.2871
Sample_Dataset/Reichel/images_with_faces/1338365_698124_image.jpeg,Neutral,0.6025,0.3952,0.0021,0.0002,0.6025
Sample_Dataset/Reichel/images_with_faces/1338368_698128_image.jpeg,Neutral,0.8783,0.1189,0.0002,0.0027,0.8783
Sample_Dataset/Reichel/images_with_faces/1338373_698133_image.jpeg,Neutral,0.8806,0.1171,0.0001,0.0022,0.8806
Sample_Dataset/Reichel/images_with_faces/1338450_698179_image.jpeg,Neutral,0.9987,0.0004,0.0006,0.0003,0.9987
Sample_Dataset/Reichel/images_with_faces/1338511_698207_image.jpeg,Pessimistic,0.4752,0.4336,0.4752,0.0172,0.074
Sample_Dataset/Reichel/images_with_faces/1338615_698257_image.jpeg,Hostile,0.9451,0.0404,0.0034,0.9451,0.0111
Sample_Dataset/Reichel/images_with_faces/1338634_698268_image.jpeg,Neutral,0.5302,0.0158,0.4309,0.023,0.5302
Sample_Dataset/Reichel/images_with_faces/1338780_698361_image.jpeg,Neutral,0.9888,0.0094,0.0,0.0018,0.9888
Sample_Dataset/Reichel/images_with_faces/1338856_698395_image.jpeg,Optimistic,0.9255,0.9255,0.0002,0.005,0.0692
Sample_Dataset/Reichel/images_with_faces/1339090_698549_image.jpeg,Optimistic,0.9979,0.9979,0.0001,0.0001,0.0019
Sample_Dataset/Reichel/images_with_faces/1339104_698564_image.jpeg,Hostile,0.5632,0.2685,0.1523,0.5632,0.016
Sample_Dataset/Reichel/images_with_faces/1339176_698597_image.jpeg,Pessimistic,0.4971,0.0216,0.4971,0.0777,0.4036
Sample_Dataset/Reichel/images_with_faces/1339222_698623_image.jpeg,Neutral,0.6174,0.2752,0.073,0.0345,0.6174
Sample_Dataset/Reichel/images_with_faces/1339224_698625_image.jpeg,Neutral,0.5868,0.0479,0.2511,0.1142,0.5868
Sample_Dataset/Reichel/images_with_faces/1339264_698657_image.jpeg,Neutral,0.8521,0.1095,0.0329,0.0055,0.8521
Sample_Dataset/Reichel/images_with_faces/1344296_702058_image.jpeg,Neutral,0.7465,0.2531,0.0002,0.0002,0.7465
Sample_Dataset/Reichel/images_with_faces/1344334_702092_image.jpeg,Neutral,0.8699,0.0901,0.0271,0.0129,0.8699
Sample_Dataset/Reichel/images_with_faces/1344345_702103_image.jpeg,Neutral,0.9698,0.0082,0.0063,0.0158,0.9698
Sample_Dataset/Reichel/images_with_faces/1344347_702105_image.jpeg,Pessimistic,0.8693,0.0472,0.8693,0.0063,0.0772
Sample_Dataset/Reichel/images_with_faces/1344445_702203_image.jpeg,Neutral,0.9944,0.0025,0.0002,0.0028,0.9944
Sample_Dataset/Reichel/images_with_faces/1344507_702246_image.jpeg,Neutral,0.7705,0.2036,0.0104,0.0155,0.7705
Sample_Dataset/Reichel/images_with_faces/1344728_702432_image.jpeg,Neutral,0.6956,0.303,0.0005,0.0009,0.6956
Sample_Dataset/Reichel/images_with_faces/1344730_702435_image.jpeg,Neutral,0.7663,0.2337,0.0,0.0001,0.7663
Sample_Dataset/Reichel/images_with_faces/1344731_702436_image.jpeg,Neutral,0.9841,0.0151,0.0,0.0008,0.9841
Sample_Dataset/Reichel/images_with_faces/1344732_702437_image.jpeg,Neutral,0.9131,0.0636,0.0193,0.004,0.9131
Sample_Dataset/Reichel/images_with_faces/1345096_702669_image.jpeg,Optimistic,0.9831,0.9831,0.0022,0.0095,0.0053
Sample_Dataset/Reichel/images_with_faces/1345313_702777_image.jpeg,Optimistic,0.7536,0.7536,0.008,0.13,0.1084
Sample_Dataset/Reichel/images_with_faces/1345323_702781_image.jpeg,Optimistic,0.9868,0.9868,0.0018,0.0078,0.0036
Sample_Dataset/Reichel/images_with_faces/1345343_702792_image.jpeg,Optimistic,0.6696,0.6696,0.0014,0.2703,0.0587
Sample_Dataset/Reichel/images_with_faces/1345506_702928_image.jpeg,Pessimistic,0.543,0.0008,0.543,0.0067,0.4495
Sample_Dataset/Reichel/images_with_faces/1345694_703033_image.jpeg,Optimistic,0.5299,0.5299,0.0002,0.0016,0.4683
Sample_Dataset/Reichel/images_with_faces/1345706_703038_image.jpeg,Hostile,0.9609,0.0114,0.002,0.9609,0.0258
Sample_Dataset/Reichel/images_with_faces/1345708_703040_image.jpeg,Hostile,0.9534,0.0453,0.0001,0.9534,0.0011
Sample_Dataset/Reichel/images_with_faces/1345710_703042_image.jpeg,Optimistic,0.9774,0.9774,0.0,0.0221,0.0005
Sample_Dataset/Reichel/images_with_faces/1345839_703146_image.jpeg,Pessimistic,0.5779,0.0397,0.5779,0.2876,0.0948
Sample_Dataset/Reichel/images_with_faces/1345844_703151_image.jpeg,Neutral,0.4973,0.3823,0.0321,0.0883,0.4973
Sample_Dataset/Reichel/images_with_faces/1353451_708966_image.jpeg,Optimistic,0.8151,0.8151,0.1007,0.0004,0.0838
Sample_Dataset/Reichel/images_with_faces/1353484_708996_image.jpeg,Neutral,0.9665,0.0332,0.0001,0.0002,0.9665
Sample_Dataset/Reichel/images_with_faces/1353517_709027_image.jpeg,Optimistic,0.8624,0.8624,0.0011,0.136,0.0006
Sample_Dataset/Reichel/images_with_faces/1353579_709075_image.jpeg,Hostile,0.9934,0.0015,0.0,0.9934,0.0051
Sample_Dataset/Reichel/images_with_faces/1353644_709128_image.jpeg,Neutral,0.6235,0.3582,0.0028,0.0155,0.6235
Sample_Dataset/Reichel/images_with_faces/1353680_709148_image.jpeg,Neutral,0.4313,0.0847,0.1892,0.2948,0.4313
Sample_Dataset/Reichel/images_with_faces/1353682_709150_image.jpeg,Neutral,0.9289,0.0165,0.0003,0.0543,0.9289
Sample_Dataset/Reichel/images_with_faces/1353685_709151_image.jpeg,Neutral,0.5823,0.2019,0.003,0.2128,0.5823
Sample_Dataset/Reichel/images_with_faces/1353686_709152_image.jpeg,Optimistic,0.9821,0.9821,0.0003,0.0116,0.006
Sample_Dataset/Reichel/images_with_faces/1353698_709155_image.jpeg,Optimistic,0.5756,0.5756,0.0166,0.171,0.2369
Sample_Dataset/Reichel/images_with_faces/1354318_709600_image.jpeg,Neutral,0.9829,0.0162,0.0,0.0009,0.9829
Sample_Dataset/Reichel/images_with_faces/1354320_709601_image.jpeg,Neutral,0.67,0.3238,0.001,0.0052,0.67
Sample_Dataset/Reichel/images_with_faces/1354323_709602_image.jpeg,Neutral,0.7885,0.1593,0.0301,0.0221,0.7885
Sample_Dataset/Reichel/images_with_faces/1354325_709603_image.jpeg,Optimistic,0.4828,0.4828,0.0209,0.413,0.0833
Sample_Dataset/Reichel/images_with_faces/1354328_709604_image.jpeg,Neutral,0.9726,0.0263,0.0002,0.0008,0.9726
Sample_Dataset/Reichel/images_with_faces/1356253_710784_image.jpeg,Neutral,0.7844,0.191,0.0162,0.0084,0.7844
Sample_Dataset/Reichel/images_with_faces/1356255_710786_image.jpeg,Neutral,0.6679,0.2972,0.027,0.0078,0.6679
Sample_Dataset/Reichel/images_with_faces/1356259_710788_image.jpeg,Neutral,0.6005,0.3958,0.0006,0.0031,0.6005
Sample_Dataset/Reichel/images_with_faces/1358589_712495_image.jpeg,Neutral,0.7965,0.0209,0.004,0.1786,0.7965
Sample_Dataset/Reichel/images_with_faces/1358606_712511_image.jpeg,Hostile,0.982,0.0169,0.0001,0.982,0.001
Sample_Dataset/Reichel/images_with_faces/1358702_712584_image.jpeg,Hostile,0.967,0.0299,0.0013,0.967,0.0019
Sample_Dataset/Reichel/images_with_faces/1358922_712739_image.jpeg,Hostile,0.8752,0.0845,0.0061,0.8752,0.0342
Sample_Dataset/Reichel/images_with_faces/1358926_712742_image.jpeg,Neutral,0.893,0.0812,0.0106,0.0152,0.893
Sample_Dataset/Reichel/images_with_faces/1359043_712832_image.jpeg,Optimistic,0.9776,0.9776,0.0004,0.0189,0.0031
Sample_Dataset/Reichel/images_with_faces/1359518_713201_image.jpeg,Pessimistic,0.8946,0.0041,0.8946,0.0168,0.0845
Sample_Dataset/Reichel/images_with_faces/1363171_715347_image.jpeg,Optimistic,0.9163,0.9163,0.0679,0.0004,0.0154
Sample_Dataset/Reichel/images_with_faces/1363190_715367_image.jpeg,Optimistic,0.9614,0.9614,0.0098,0.0164,0.0124
Sample_Dataset/Reichel/images_with_faces/1363210_715383_image.jpeg,Neutral,0.8352,0.0455,0.0038,0.1155,0.8352
Sample_Dataset/Reichel/images_with_faces/1363373_715489_image.jpeg,Hostile,0.541,0.3282,0.0086,0.541,0.1222
Sample_Dataset/Reichel/images_with_faces/1363401_715510_image.jpeg,Pessimistic,0.6018,0.1051,0.6018,0.0045,0.2886
Sample_Dataset/Reichel/images_with_faces/1365829_717338_image.jpeg,Optimistic,0.5008,0.5008,0.0323,0.036,0.4308
Sample_Dataset/Reichel/images_with_faces/1365988_717433_image.jpeg,Hostile,0.5751,0.0729,0.1197,0.5751,0.2323
Sample_Dataset/Reichel/images_with_faces/1367544_718449_image.jpeg,Neutral,0.7951,0.189,0.0117,0.0042,0.7951
Sample_Dataset/Reichel/images_with_faces/1367550_718455_image.jpeg,Optimistic,0.7478,0.7478,0.0,0.0022,0.25
Sample_Dataset/Reichel/images_with_faces/1367562_718467_image.jpeg,Neutral,0.8852,0.0783,0.0293,0.0072,0.8852
Sample_Dataset/Reichel/images_with_faces/1367567_718472_image.jpeg,Neutral,0.7312,0.0496,0.0048,0.2144,0.7312
Sample_Dataset/Reichel/images_with_faces/1367700_718553_image.jpeg,Optimistic,0.7132,0.7132,0.0153,0.0021,0.2694
Sample_Dataset/Reichel/images_with_faces/1367807_718619_image.jpeg,Hostile,0.9853,0.0077,0.0017,0.9853,0.0053
Sample_Dataset/Reichel/images_with_faces/1367820_718622_image.jpeg,Neutral,0.7097,0.144,0.1176,0.0288,0.7097
Sample_Dataset/Reichel/images_with_faces/1367821_718623_image.jpeg,Unknown,0.3434,0.3434,0.2166,0.2711,0.1689
Sample_Dataset/Reichel/images_with_faces/1369437_719779_image.jpeg,Neutral,0.9455,0.0112,0.012,0.0314,0.9455
Sample_Dataset/Reichel/images_with_faces/1369454_719795_image.jpeg,Optimistic,0.6639,0.6639,0.0001,0.0077,0.3283
Sample_Dataset/Reichel/images_with_faces/1369464_719805_image.jpeg,Hostile,0.5691,0.2916,0.0008,0.5691,0.1385
Sample_Dataset/Reichel/images_with_faces/1369468_719808_image.jpeg,Hostile,0.9457,0.0305,0.0169,0.9457,0.0069
Sample_Dataset/Reichel/images_with_faces/1369547_719860_image.jpeg,Hostile,0.5502,0.4032,0.0278,0.5502,0.0188
Sample_Dataset/Reichel/images_with_faces/1369665_719952_image.jpeg,Pessimistic,0.4429,0.3545,0.4429,0.0271,0.1755
Sample_Dataset/Reichel/images_with_faces/1369825_720055_image.jpeg,Pessimistic,0.4132,0.238,0.4132,0.0294,0.3194
Sample_Dataset/Reichel/images_with_faces/1369832_720059_image.jpeg,Pessimistic,0.5048,0.4251,0.5048,0.001,0.0691
Sample_Dataset/Reichel/images_with_faces/1370030_720223_image.jpeg,Hostile,0.875,0.0976,0.015,0.875,0.0125
Sample_Dataset/Reichel/images_with_faces/1370128_720292_image.jpeg,Neutral,0.9185,0.0657,0.0082,0.0075,0.9185
Sample_Dataset/Reichel/images_with_faces/1370136_720297_image.jpeg,Neutral,0.6512,0.1632,0.1849,0.0007,0.6512
Sample_Dataset/Reichel/images_with_faces/1373756_723303_image.jpeg,Neutral,0.864,0.128,0.0009,0.0071,0.864
Sample_Dataset/Reichel/images_with_faces/1373801_723337_image.jpeg,Hostile,0.8684,0.0893,0.0007,0.8684,0.0417
Sample_Dataset/Reichel/images_with_faces/1373818_723346_image.jpeg,Neutral,0.986,0.0131,0.0001,0.0008,0.986
Sample_Dataset/Reichel/images_with_faces/1373829_723356_image.jpeg,Pessimistic,0.9663,0.0001,0.9663,0.0044,0.0291
Sample_Dataset/Reichel/images_with_faces/1373833_723360_image.jpeg,Neutral,0.5542,0.2725,0.1048,0.0684,0.5542
Sample_Dataset/Reichel/images_with_faces/1373853_723380_image.jpeg,Optimistic,0.4405,0.4405,0.1638,0.1953,0.2004
Sample_Dataset/Reichel/images_with_faces/1373876_723403_image.jpeg,Optimistic,0.9633,0.9633,0.0198,0.0079,0.009
Sample_Dataset/Reichel/images_with_faces/1373917_723441_image.jpeg,Hostile,0.5326,0.2687,0.0324,0.5326,0.1663
Sample_Dataset/Reichel/images_with_faces/1373944_723461_image.jpeg,Optimistic,0.9345,0.9345,0.001,0.0509,0.0136
Sample_Dataset/Reichel/images_with_faces/1373969_723474_image.jpeg,Optimistic,0.9232,0.9232,0.0024,0.0039,0.0704
Sample_Dataset/Reichel/images_with_faces/1373972_723477_image.jpeg,Neutral,0.9745,0.0246,0.0006,0.0004,0.9745
Sample_Dataset/Reichel/images_with_faces/1374018_723512_image.jpeg,Neutral,0.8164,0.1591,0.0002,0.0243,0.8164
Sample_Dataset/Reichel/images_with_faces/1374026_723517_image.jpeg,Optimistic,0.9279,0.9279,0.0,0.0214,0.0507
Sample_Dataset/Reichel/images_with_faces/1374196_723628_image.jpeg,Neutral,0.7208,0.1872,0.042,0.0499,0.7208
Sample_Dataset/Reichel/images_with_faces/1374221_723644_image.jpeg,Optimistic,0.5145,0.5145,0.0011,0.0229,0.4615
Sample_Dataset/Reichel/images_with_faces/1374479_723808_image.jpeg,Optimistic,0.9355,0.9355,0.0173,0.0033,0.0439
Sample_Dataset/Reichel/images_with_faces/1374702_723983_image.jpeg,Pessimistic,0.9925,0.0056,0.9925,0.0014,0.0004
Sample_Dataset/Reichel/images_with_faces/1374956_724140_image.jpeg,Neutral,0.8647,0.0119,0.0108,0.1126,0.8647
Sample_Dataset/Reichel/images_with_faces/1374965_724145_image.jpeg,Optimistic,0.7753,0.7753,0.0482,0.1735,0.003
Sample_Dataset/Reichel/images_with_faces/1375361_724294_image.jpeg,Hostile,0.7564,0.1546,0.0209,0.7564,0.0681
Sample_Dataset/Reichel/images_with_faces/1375366_724296_image.jpeg,Neutral,0.5746,0.1819,0.2122,0.0312,0.5746
Sample_Dataset/Reichel/images_with_faces/1376169_724766_image.jpeg,Pessimistic,0.8516,0.0608,0.8516,0.0375,0.0501
Sample_Dataset/Reichel/images_with_faces/1377730_725723_image.jpeg,Hostile,0.5005,0.1976,0.0609,0.5005,0.241
Sample_Dataset/Reichel/images_with_faces/1377830_725751_image.jpeg,Optimistic,0.483,0.483,0.0087,0.0462,0.4621
Sample_Dataset/Reichel/images_with_faces/1377907_725783_image.jpeg,Neutral,0.5556,0.4278,0.0027,0.014,0.5556
Sample_Dataset/Reichel/images_with_faces/1377928_725796_image.jpeg,Neutral,0.9644,0.0286,0.0001,0.0069,0.9644
Sample_Dataset/Reichel/images_with_faces/1377935_725800_image.jpeg,Optimistic,0.6955,0.6955,0.0008,0.02,0.2837
Sample_Dataset/Reichel/images_with_faces/1377943_725804_image.jpeg,Pessimistic,0.567,0.2241,0.567,0.0097,0.1992
Sample_Dataset/Reichel/images_with_faces/1378005_725834_image.jpeg,Optimistic,0.9958,0.9958,0.0,0.0004,0.0038
Sample_Dataset/Reichel/images_with_faces/1378024_725847_image.jpeg,Optimistic,0.9759,0.9759,0.0099,0.0084,0.0057
Sample_Dataset/Reichel/images_with_faces/1378156_725908_image.jpeg,Optimistic,0.7834,0.7834,0.0296,0.0025,0.1845
Sample_Dataset/Reichel/images_with_faces/1378158_725910_image.jpeg,Neutral,0.6553,0.1867,0.1151,0.0429,0.6553
Sample_Dataset/Reichel/images_with_faces/1379021_726162_image.jpeg,Optimistic,0.9699,0.9699,0.0002,0.0001,0.0299
Sample_Dataset/Reichel/images_with_faces/1379054_726177_image.jpeg,Hostile,0.8302,0.0024,0.0834,0.8302,0.0839
Sample_Dataset/Reichel/images_with_faces/1379085_726186_image.jpeg,Pessimistic,0.9075,0.002,0.9075,0.0845,0.006
Sample_Dataset/Reichel/images_with_faces/1382350_726895_image.jpeg,Optimistic,0.7198,0.7198,0.0019,0.2168,0.0615
Sample_Dataset/Reichel/images_with_faces/1382351_726896_image.jpeg,Optimistic,0.8787,0.8787,0.0,0.001,0.1203
Sample_Dataset/Reichel/images_with_faces/1382356_726897_image.jpeg,Hostile,0.9503,0.0322,0.0149,0.9503,0.0026
Sample_Dataset/Reichel/images_with_faces/1382451_726946_image.jpeg,Hostile,0.9343,0.0555,0.0007,0.9343,0.0095
Sample_Dataset/Reichel/images_with_faces/1382459_726952_image.jpeg,Optimistic,0.5671,0.5671,0.0009,0.006,0.426
Sample_Dataset/Reichel/images_with_faces/1382615_727039_image.jpeg,Unknown,0.3962,0.1781,0.3962,0.1885,0.2372
Sample_Dataset/Reichel/images_with_faces/1391569_729663_image.jpeg,Neutral,0.5532,0.4186,0.0066,0.0216,0.5532
Sample_Dataset/Reichel/images_with_faces/1391574_729668_image.jpeg,Hostile,0.9794,0.0076,0.0037,0.9794,0.0093
Sample_Dataset/Reichel/images_with_faces/1391599_729692_image.jpeg,Neutral,0.4861,0.2097,0.0059,0.2983,0.4861
Sample_Dataset/Reichel/images_with_faces/1391601_729695_image.jpeg,Neutral,0.5857,0.1487,0.0841,0.1815,0.5857
Sample_Dataset/Reichel/images_with_faces/1391609_729703_image.jpeg,Optimistic,0.4661,0.4661,0.1367,0.0672,0.3301
Sample_Dataset/Reichel/images_with_faces/1391617_729711_image.jpeg,Optimistic,0.5048,0.5048,0.0011,0.0059,0.4883
Sample_Dataset/Reichel/images_with_faces/1391649_729727_image.jpeg,Neutral,0.9413,0.0584,0.0001,0.0002,0.9413
Sample_Dataset/Reichel/images_with_faces/1391651_729729_image.jpeg,Optimistic,0.5156,0.5156,0.0,0.0026,0.4818
Sample_Dataset/Reichel/images_with_faces/1391665_729741_image.jpeg,Neutral,0.9403,0.0544,0.0007,0.0046,0.9403
Sample_Dataset/Reichel/images_with_faces/1391684_729757_image.jpeg,Unknown,0.3803,0.3803,0.1704,0.1592,0.2901
Sample_Dataset/Reichel/images_with_faces/1391686_729758_image.jpeg,Optimistic,0.8516,0.8516,0.0038,0.0008,0.1438
Sample_Dataset/Reichel/images_with_faces/1391725_729784_image.jpeg,Hostile,0.977,0.022,0.0004,0.977,0.0006
Sample_Dataset/Reichel/images_with_faces/1391829_729852_image.jpeg,Optimistic,0.5158,0.5158,0.0034,0.0242,0.4566
Sample_Dataset/Reichel/images_with_faces/1391831_729854_image.jpeg,Optimistic,0.6216,0.6216,0.007,0.036,0.3354
Sample_Dataset/Reichel/images_with_faces/1391949_729948_image.jpeg,Hostile,0.6542,0.3132,0.0237,0.6542,0.0089
Sample_Dataset/Reichel/images_with_faces/1391951_729950_image.jpeg,Hostile,0.7511,0.1539,0.0003,0.7511,0.0947
Sample_Dataset/Reichel/images_with_faces/1392328_730225_image.jpeg,Hostile,0.9982,0.0016,0.0,0.9982,0.0002
Sample_Dataset/Reichel/images_with_faces/1392541_730414_image.jpeg,Optimistic,0.9936,0.9936,0.0041,0.0001,0.0023
Sample_Dataset/Reichel/images_with_faces/1392884_730674_image.jpeg,Pessimistic,0.9751,0.0009,0.9751,0.0139,0.0101
Sample_Dataset/Reichel/images_with_faces/1393072_730825_image.jpeg,Neutral,0.7045,0.2808,0.0076,0.0071,0.7045
Sample_Dataset/Reichel/images_with_faces/1393081_730832_image.jpeg,Hostile,0.7132,0.1093,0.1362,0.7132,0.0414
Sample_Dataset/Reichel/images_with_faces/1393170_730901_image.jpeg,Optimistic,0.4546,0.4546,0.2167,0.1221,0.2066
Sample_Dataset/Reichel/images_with_faces/1393294_731006_image.jpeg,Hostile,0.4552,0.4109,0.0058,0.4552,0.1282
Sample_Dataset/Reichel/images_with_faces/1393374_731074_image.jpeg,Optimistic,0.7967,0.7967,0.0295,0.0533,0.1204
Sample_Dataset/Reichel/images_with_faces/1393379_731078_image.jpeg,Neutral,0.4693,0.2708,0.1789,0.081,0.4693
Sample_Dataset/Reichel/images_with_faces/1398833_734616_image.jpeg,Optimistic,0.8605,0.8605,0.0576,0.0055,0.0764
Sample_Dataset/Reichel/images_with_faces/1398839_734623_image.jpeg,Optimistic,0.7662,0.7662,0.0052,0.0046,0.224
Sample_Dataset/Reichel/images_with_faces/1398909_734689_image.jpeg,Neutral,0.8853,0.0153,0.0246,0.0748,0.8853
Sample_Dataset/Reichel/images_with_faces/1398912_734691_image.jpeg,Optimistic,0.9125,0.9125,0.0221,0.0035,0.0619
Sample_Dataset/Reichel/images_with_faces/1398916_734695_image.jpeg,Neutral,0.5107,0.1285,0.3576,0.0032,0.5107
Sample_Dataset/Reichel/images_with_faces/1398927_734708_image.jpeg,Neutral,0.5205,0.4394,0.0008,0.0393,0.5205
Sample_Dataset/Reichel/images_with_faces/1398968_734742_image.jpeg,Optimistic,0.6045,0.6045,0.0013,0.011,0.3832
Sample_Dataset/Reichel/images_with_faces/1399009_734762_image.jpeg,Optimistic,0.9532,0.9532,0.0018,0.012,0.0329
Sample_Dataset/Reichel/images_with_faces/1399021_734771_image.jpeg,Optimistic,0.9942,0.9942,0.0022,0.0006,0.003
Sample_Dataset/Reichel/images_with_faces/1399122_734845_image.jpeg,Neutral,0.8472,0.0864,0.0004,0.066,0.8472
Sample_Dataset/Reichel/images_with_faces/1399132_734851_image.jpeg,Neutral,0.8622,0.0678,0.052,0.018,0.8622
Sample_Dataset/Reichel/images_with_faces/1399146_734855_image.jpeg,Unknown,0.3535,0.2498,0.091,0.3057,0.3535
Sample_Dataset/Reichel/images_with_faces/1399239_734915_image.jpeg,Hostile,0.5628,0.2355,0.1628,0.5628,0.0389
Sample_Dataset/Reichel/images_with_faces/1399317_734959_image.jpeg,Optimistic,0.9723,0.9723,0.0064,0.0112,0.0102
Sample_Dataset/Reichel/images_with_faces/1399449_735055_image.jpeg,Optimistic,0.4655,0.4655,0.002,0.0758,0.4567
Sample_Dataset/Reichel/images_with_faces/1399450_735056_image.jpeg,Optimistic,0.996,0.996,0.0009,0.001,0.0021
Sample_Dataset/Reichel/images_with_faces/1399569_735155_image.jpeg,Pessimistic,0.8844,0.0012,0.8844,0.0826,0.0318
Sample_Dataset/Reichel/images_with_faces/1399575_735157_image.jpeg,Hostile,0.9014,0.0749,0.0021,0.9014,0.0217
Sample_Dataset/Reichel/images_with_faces/1399630_735182_image.jpeg,Neutral,0.9753,0.0215,0.0006,0.0026,0.9753
Sample_Dataset/Reichel/images_with_faces/1399631_735183_image.jpeg,Optimistic,0.4976,0.4976,0.0367,0.2659,0.1999
Sample_Dataset/Reichel/images_with_faces/1399632_735184_image.jpeg,Hostile,0.4098,0.0828,0.159,0.4098,0.3485
Sample_Dataset/Reichel/images_with_faces/1408390_738081_image.jpeg,Optimistic,0.6906,0.6906,0.0001,0.0201,0.2891
Sample_Dataset/Reichel/images_with_faces/1408412_738101_image.jpeg,Neutral,0.5419,0.0079,0.205,0.2452,0.5419
Sample_Dataset/Reichel/images_with_faces/1408413_738102_image.jpeg,Optimistic,0.9672,0.9672,0.0001,0.0,0.0327
Sample_Dataset/Reichel/images_with_faces/1408420_738111_image.jpeg,Neutral,0.5311,0.3573,0.0002,0.1114,0.5311
Sample_Dataset/Reichel/images_with_faces/1408426_738117_image.jpeg,Neutral,0.6885,0.0512,0.168,0.0923,0.6885
Sample_Dataset/Reichel/images_with_faces/1408440_738132_image.jpeg,Optimistic,0.5974,0.5974,0.0052,0.1769,0.2205
Sample_Dataset/Reichel/images_with_faces/1408457_738150_image.jpeg,Neutral,0.8626,0.0716,0.0049,0.0609,0.8626
Sample_Dataset/Reichel/images_with_faces/1408572_738230_image.jpeg,Neutral,0.722,0.2485,0.0033,0.0263,0.722
Sample_Dataset/Reichel/images_with_faces/1408592_738242_image.jpeg,Optimistic,0.9802,0.9802,0.0,0.0016,0.0182
Sample_Dataset/Reichel/images_with_faces/1408605_738254_image.jpeg,Neutral,0.6353,0.315,0.0125,0.0372,0.6353
Sample_Dataset/Reichel/images_with_faces/1408606_738256_image.jpeg,Neutral,0.7327,0.1257,0.0011,0.1405,0.7327
Sample_Dataset/Reichel/images_with_faces/1408614_738263_image.jpeg,Neutral,0.5517,0.4476,0.0002,0.0005,0.5517
Sample_Dataset/Reichel/images_with_faces/1408707_738335_image.jpeg,Pessimistic,0.5118,0.1418,0.5118,0.0086,0.3379
Sample_Dataset/Reichel/images_with_faces/1409302_738734_image.jpeg,Hostile,0.8816,0.0156,0.0038,0.8816,0.099
Sample_Dataset/Reichel/images_with_faces/1409386_738808_image.jpeg,Neutral,0.5779,0.1638,0.0047,0.2537,0.5779
Sample_Dataset/Reichel/images_with_faces/1409390_738810_image.jpeg,Neutral,0.9717,0.0256,0.0004,0.0023,0.9717
Sample_Dataset/Reichel/images_with_faces/1409404_738815_image.jpeg,Neutral,0.7885,0.1025,0.0312,0.0777,0.7885
Sample_Dataset/Reichel/images_with_faces/1409411_738820_image.jpeg,Optimistic,0.7448,0.7448,0.0017,0.0632,0.1904
Sample_Dataset/Reichel/images_with_faces/1409546_738928_image.jpeg,Neutral,0.9101,0.0305,0.0495,0.0099,0.9101
Sample_Dataset/Reichel/images_with_faces/1409604_738976_image.jpeg,Optimistic,0.7915,0.7915,0.0133,0.0389,0.1564
Sample_Dataset/Reichel/images_with_faces/1409704_739050_image.jpeg,Pessimistic,0.5155,0.2063,0.5155,0.0437,0.2345
Sample_Dataset/Reichel/images_with_faces/1412673_741178_image.jpeg,Unknown,0.3884,0.2354,0.0032,0.3884,0.3729
Sample_Dataset/Reichel/images_with_faces/1412679_741181_image.jpeg,Neutral,0.9685,0.0282,0.0003,0.0031,0.9685
Sample_Dataset/Reichel/images_with_faces/1412686_741186_image.jpeg,Neutral,0.7753,0.1361,0.0023,0.0864,0.7753
Sample_Dataset/Reichel/images_with_faces/1416167_742994_image.jpeg,Neutral,0.8949,0.087,0.0084,0.0097,0.8949
Sample_Dataset/Reichel/images_with_faces/1416197_743018_image.jpeg,Neutral,0.8837,0.0602,0.0178,0.0383,0.8837
Sample_Dataset/Reichel/images_with_faces/1416203_743024_image.jpeg,Unknown,0.393,0.393,0.0066,0.2354,0.365
Sample_Dataset/Reichel/images_with_faces/1416213_743036_image.jpeg,Optimistic,0.733,0.733,0.0003,0.001,0.2658
Sample_Dataset/Reichel/images_with_faces/1416215_743038_image.jpeg,Neutral,0.9507,0.0488,0.0002,0.0003,0.9507
Sample_Dataset/Reichel/images_with_faces/1416222_743046_image.jpeg,Neutral,0.5329,0.2514,0.0127,0.203,0.5329
Sample_Dataset/Reichel/images_with_faces/1416224_743048_image.jpeg,Neutral,0.6683,0.269,0.0099,0.0528,0.6683
Sample_Dataset/Reichel/images_with_faces/1416225_743049_image.jpeg,Optimistic,0.9501,0.9501,0.0032,0.001,0.0457
Sample_Dataset/Reichel/images_with_faces/1416228_743052_image.jpeg,Optimistic,0.8604,0.8604,0.01,0.0042,0.1254
Sample_Dataset/Reichel/images_with_faces/1416233_743058_image.jpeg,Optimistic,0.9876,0.9876,0.0039,0.0,0.0085
Sample_Dataset/Reichel/images_with_faces/1416234_743059_image.jpeg,Hostile,0.8193,0.1643,0.0,0.8193,0.0164
Sample_Dataset/Reichel/images_with_faces/1416318_743127_image.jpeg,Neutral,0.4867,0.3716,0.0315,0.1102,0.4867
Sample_Dataset/Reichel/images_with_faces/1416363_743163_image.jpeg,Hostile,0.9983,0.0011,0.0,0.9983,0.0006
Sample_Dataset/Reichel/images_with_faces/1416379_743177_image.jpeg,Optimistic,0.9845,0.9845,0.0004,0.0019,0.0131
Sample_Dataset/Reichel/images_with_faces/1416398_743185_image.jpeg,Neutral,0.5634,0.3714,0.0157,0.0494,0.5634
Sample_Dataset/Reichel/images_with_faces/1416498_743259_image.jpeg,Neutral,0.8703,0.0169,0.0979,0.015,0.8703
Sample_Dataset/Reichel/images_with_faces/1416536_743277_image.jpeg,Optimistic,0.882,0.882,0.0058,0.0175,0.0946
Sample_Dataset/Reichel/images_with_faces/1416809_743452_image.jpeg,Pessimistic,0.6725,0.2029,0.6725,0.0805,0.0441
Sample_Dataset/Reichel/images_with_faces/1416831_743471_image.jpeg,Pessimistic,0.8483,0.0216,0.8483,0.0004,0.1297
Sample_Dataset/Reichel/images_with_faces/1417058_743623_image.jpeg,Pessimistic,0.8655,0.0592,0.8655,0.0488,0.0265
Sample_Dataset/Reichel/images_with_faces/1417067_743627_image.jpeg,Neutral,0.9792,0.0076,0.0086,0.0046,0.9792
Sample_Dataset/Reichel/images_with_faces/1417173_743705_image.jpeg,Pessimistic,0.5115,0.0403,0.5115,0.2262,0.2219
Sample_Dataset/Reichel/images_with_faces/1417234_743733_image.jpeg,Optimistic,0.8844,0.8844,0.0202,0.0243,0.0711
Sample_Dataset/Reichel/images_with_faces/1417291_743767_image.jpeg,Optimistic,0.4934,0.4934,0.0996,0.0652,0.3418
Sample_Dataset/Reichel/images_with_faces/1417375_743832_image.jpeg,Pessimistic,0.9547,0.0132,0.9547,0.0131,0.019
Sample_Dataset/Reichel/images_with_faces/1417376_743833_image.jpeg,Pessimistic,0.5532,0.0514,0.5532,0.0727,0.3227
Sample_Dataset/Reichel/images_with_faces/1419039_745089_image.jpeg,Neutral,0.4791,0.3829,0.0314,0.1066,0.4791
Sample_Dataset/Reichel/images_with_faces/1419042_745092_image.jpeg,Optimistic,0.5109,0.5109,0.0002,0.0002,0.4887
Sample_Dataset/Reichel/images_with_faces/1419053_745103_image.jpeg,Neutral,0.9709,0.0289,0.0001,0.0001,0.9709
Sample_Dataset/Reichel/images_with_faces/1419058_745108_image.jpeg,Neutral,0.7387,0.1643,0.0085,0.0884,0.7387
Sample_Dataset/Reichel/images_with_faces/1419066_745111_image.jpeg,Neutral,0.9675,0.032,0.0001,0.0003,0.9675
Sample_Dataset/Reichel/images_with_faces/1423884_749154_image.jpeg,Hostile,0.992,0.0036,0.0007,0.992,0.0038
Sample_Dataset/Reichel/images_with_faces/1424080_749259_image.jpeg,Neutral,0.9635,0.011,0.004,0.0214,0.9635
Sample_Dataset/Reichel/images_with_faces/1424194_749336_image.jpeg,Optimistic,0.8537,0.8537,0.0005,0.0004,0.1455
Sample_Dataset/Reichel/images_with_faces/1424219_749339_image.jpeg,Neutral,0.9918,0.0081,0.0,0.0001,0.9918
Sample_Dataset/Reichel/images_with_faces/1424298_749403_image.jpeg,Pessimistic,0.7485,0.2169,0.7485,0.0009,0.0338
Sample_Dataset/Reichel/images_with_faces/1424462_749509_image.jpeg,Optimistic,0.4903,0.4903,0.0798,0.3002,0.1296
Sample_Dataset/Reichel/images_with_faces/1424562_749581_image.jpeg,Pessimistic,0.7274,0.0756,0.7274,0.0481,0.1489
Sample_Dataset/Reichel/images_with_faces/1424618_749621_image.jpeg,Hostile,0.9982,0.0009,0.0001,0.9982,0.0008
Sample_Dataset/Reichel/images_with_faces/1425282_749958_image.jpeg,Unknown,0.3993,0.3993,0.0479,0.1638,0.3891
Sample_Dataset/Reichel/images_with_faces/1425361_749999_image.jpeg,Optimistic,0.9987,0.9987,0.0006,0.0001,0.0007
Sample_Dataset/Reichel/images_with_faces/1425368_750001_image.jpeg,Optimistic,0.9925,0.9925,0.0026,0.0045,0.0004
Sample_Dataset/Reichel/images_with_faces/1425503_750079_image.jpeg,Neutral,0.5655,0.2735,0.0684,0.0925,0.5655
Sample_Dataset/Reichel/images_with_faces/1427078_750942_image.jpeg,Pessimistic,0.9481,0.0142,0.9481,0.0004,0.0373
Sample_Dataset/Reichel/images_with_faces/1429284_752457_image.jpeg,Neutral,0.849,0.1166,0.0297,0.0047,0.849
Sample_Dataset/Reichel/images_with_faces/1429287_752459_image.jpeg,Pessimistic,0.6499,0.1201,0.6499,0.0912,0.1389
Sample_Dataset/Reichel/images_with_faces/1429453_752551_image.jpeg,Pessimistic,0.9814,0.0151,0.9814,0.0007,0.0028
Sample_Dataset/Reichel/images_with_faces/1429469_752564_image.jpeg,Neutral,0.6582,0.2207,0.0007,0.1204,0.6582
Sample_Dataset/Reichel/images_with_faces/1429580_752655_image.jpeg,Pessimistic,0.6112,0.0164,0.6112,0.2957,0.0767
Sample_Dataset/Reichel/images_with_faces/1429613_752679_image.jpeg,Optimistic,0.4886,0.4886,0.0048,0.4663,0.0404
Sample_Dataset/Reichel/images_with_faces/1429661_752715_image.jpeg,Hostile,0.4058,0.1884,0.1014,0.4058,0.3044
Sample_Dataset/Reichel/images_with_faces/1429752_752775_image.jpeg,Pessimistic,0.992,0.0,0.992,0.007,0.001
Sample_Dataset/Reichel/images_with_faces/1429756_752777_image.jpeg,Hostile,0.8039,0.089,0.0497,0.8039,0.0574
Sample_Dataset/Reichel/images_with_faces/1429940_752893_image.jpeg,Hostile,0.8722,0.0467,0.0273,0.8722,0.0538
Sample_Dataset/Reichel/images_with_faces/1432562_754297_image.jpeg,Neutral,0.4385,0.1576,0.1279,0.2761,0.4385
Sample_Dataset/Reichel/images_with_faces/1432639_754353_image.jpeg,Pessimistic,0.5748,0.0321,0.5748,0.2819,0.1112
Sample_Dataset/Reichel/images_with_faces/1432754_754396_image.jpeg,Neutral,0.8173,0.0397,0.0605,0.0825,0.8173
Sample_Dataset/Reichel/images_with_faces/1434333_755424_image.jpeg,Optimistic,0.9341,0.9341,0.0326,0.0274,0.0059
Sample_Dataset/Reichel/images_with_faces/1434570_755613_image.jpeg,Optimistic,0.9149,0.9149,0.0001,0.0046,0.0804
Sample_Dataset/Reichel/images_with_faces/1437169_757393_image.jpeg,Optimistic,0.963,0.963,0.0005,0.0357,0.0008
Sample_Dataset/Reichel/images_with_faces/1437182_757398_image.jpeg,Hostile,0.772,0.0778,0.0629,0.772,0.0872
Sample_Dataset/Reichel/images_with_faces/1437208_757419_image.jpeg,Pessimistic,0.9906,0.0,0.9906,0.0086,0.0008
Sample_Dataset/Reichel/images_with_faces/1437296_757464_image.jpeg,Neutral,0.788,0.1956,0.0012,0.0151,0.788
Sample_Dataset/Reichel/images_with_faces/1437301_757467_image.jpeg,Neutral,0.518,0.2781,0.0953,0.1086,0.518
Sample_Dataset/Reichel/images_with_faces/1437303_757469_image.jpeg,Optimistic,0.68,0.68,0.0173,0.0299,0.2728
Sample_Dataset/Reichel/images_with_faces/1438804_758562_image.jpeg,Neutral,0.8408,0.1548,0.0008,0.0036,0.8408
Sample_Dataset/Reichel/images_with_faces/1439183_758876_image.jpeg,Optimistic,0.8389,0.8389,0.0111,0.055,0.095
Sample_Dataset/Reichel/images_with_faces/1439207_758901_image.jpeg,Neutral,0.9924,0.0072,0.0001,0.0002,0.9924
Sample_Dataset/Reichel/images_with_faces/1439214_758908_image.jpeg,Optimistic,0.95,0.95,0.0001,0.0003,0.0497
Sample_Dataset/Reichel/images_with_faces/1439230_758922_image.jpeg,Neutral,0.8959,0.0122,0.0353,0.0566,0.8959
Sample_Dataset/Reichel/images_with_faces/1439246_758936_image.jpeg,Optimistic,0.934,0.934,0.0017,0.0632,0.0011
Sample_Dataset/Reichel/images_with_faces/1439381_759036_image.jpeg,Neutral,0.665,0.2987,0.0346,0.0018,0.665
Sample_Dataset/Reichel/images_with_faces/1439539_759150_image.jpeg,Optimistic,0.4065,0.4065,0.0734,0.1746,0.3456
Sample_Dataset/Reichel/images_with_faces/1439788_759294_image.jpeg,Hostile,0.7227,0.0658,0.0018,0.7227,0.2096
Sample_Dataset/Reichel/images_with_faces/1439878_759355_image.jpeg,Pessimistic,0.9274,0.0029,0.9274,0.022,0.0477
Sample_Dataset/Reichel/images_with_faces/1439890_759362_image.jpeg,Neutral,0.5522,0.131,0.0937,0.2232,0.5522
Sample_Dataset/Reichel/images_with_faces/1439895_759365_image.jpeg,Pessimistic,0.623,0.0902,0.623,0.0838,0.2029
Sample_Dataset/Reichel/images_with_faces/1443507_762074_image.jpeg,Optimistic,0.4394,0.4394,0.079,0.0662,0.4154
Sample_Dataset/Reichel/images_with_faces/1443515_762082_image.jpeg,Neutral,0.5644,0.4077,0.0069,0.021,0.5644
Sample_Dataset/Reichel/images_with_faces/1443517_762084_image.jpeg,Neutral,0.9802,0.0096,0.003,0.0073,0.9802
Sample_Dataset/Reichel/images_with_faces/1443549_762112_image.jpeg,Neutral,0.997,0.0029,0.0,0.0001,0.997
Sample_Dataset/Reichel/images_with_faces/1443563_762126_image.jpeg,Neutral,0.8881,0.0449,0.0003,0.0668,0.8881
Sample_Dataset/Reichel/images_with_faces/1443592_762155_image.jpeg,Neutral,0.9465,0.0495,0.0001,0.0039,0.9465
Sample_Dataset/Reichel/images_with_faces/1443611_762170_image.jpeg,Unknown,0.371,0.3148,0.371,0.0158,0.2984
Sample_Dataset/Reichel/images_with_faces/1443617_762176_image.jpeg,Neutral,0.8377,0.0245,0.0005,0.1373,0.8377
Sample_Dataset/Reichel/images_with_faces/1443633_762192_image.jpeg,Optimistic,0.9699,0.9699,0.0178,0.008,0.0043
Sample_Dataset/Reichel/images_with_faces/1443644_762202_image.jpeg,Neutral,0.9498,0.0092,0.0184,0.0227,0.9498
Sample_Dataset/Reichel/images_with_faces/1443865_762331_image.jpeg,Optimistic,0.9238,0.9238,0.0002,0.0033,0.0727
Sample_Dataset/Reichel/images_with_faces/1443879_762336_image.jpeg,Optimistic,0.5667,0.5667,0.0056,0.3485,0.0792
Sample_Dataset/Reichel/images_with_faces/1443886_762340_image.jpeg,Neutral,0.9911,0.002,0.0038,0.0032,0.9911
Sample_Dataset/Reichel/images_with_faces/1444272_762530_image.jpeg,Neutral,0.5839,0.1566,0.0078,0.2516,0.5839
Sample_Dataset/Reichel/images_with_faces/1444345_762560_image.jpeg,Hostile,0.7817,0.0487,0.0061,0.7817,0.1635
Sample_Dataset/Reichel/images_with_faces/1444408_762586_image.jpeg,Neutral,0.91,0.0004,0.0637,0.0259,0.91
Sample_Dataset/Reichel/images_with_faces/1445806_763659_image.jpeg,Optimistic,0.8863,0.8863,0.0103,0.0731,0.0303
Sample_Dataset/Reichel/images_with_faces/1446082_763798_image.jpeg,Neutral,0.5119,0.1779,0.0022,0.308,0.5119
Sample_Dataset/Reichel/images_with_faces/1446090_763807_image.jpeg,Neutral,0.6512,0.0972,0.2247,0.0269,0.6512
Sample_Dataset/Reichel/images_with_faces/1446105_763821_image.jpeg,Neutral,0.996,0.0036,0.0001,0.0003,0.996
Sample_Dataset/Reichel/images_with_faces/1446108_763824_image.jpeg,Hostile,0.9997,0.0002,0.0,0.9997,0.0001
Sample_Dataset/Reichel/images_with_faces/1446126_763835_image.jpeg,Neutral,0.9746,0.0246,0.0005,0.0003,0.9746
Sample_Dataset/Reichel/images_with_faces/1446145_763853_image.jpeg,Neutral,0.9575,0.0423,0.0,0.0001,0.9575
Sample_Dataset/Reichel/images_with_faces/1446146_763854_image.jpeg,Hostile,0.9164,0.0013,0.0012,0.9164,0.0811
Sample_Dataset/Reichel/images_with_faces/1446150_763858_image.jpeg,Neutral,0.42,0.3138,0.0124,0.2539,0.42
Sample_Dataset/Reichel/images_with_faces/1446181_763888_image.jpeg,Neutral,0.846,0.1213,0.0035,0.0292,0.846
Sample_Dataset/Reichel/images_with_faces/1446203_763899_image.jpeg,Hostile,0.7591,0.0443,0.0898,0.7591,0.1068
Sample_Dataset/Reichel/images_with_faces/1446206_763903_image.jpeg,Neutral,0.944,0.0527,0.0001,0.0032,0.944
Sample_Dataset/Reichel/images_with_faces/1446290_763983_image.jpeg,Optimistic,0.9387,0.9387,0.0015,0.0214,0.0384
Sample_Dataset/Reichel/images_with_faces/1446295_763985_image.jpeg,Neutral,0.4933,0.4383,0.0332,0.0352,0.4933
Sample_Dataset/Reichel/images_with_faces/1446297_763987_image.jpeg,Neutral,0.8545,0.0299,0.0008,0.1148,0.8545
Sample_Dataset/Reichel/images_with_faces/1446315_764002_image.jpeg,Hostile,0.4435,0.1255,0.0023,0.4435,0.4287
Sample_Dataset/Reichel/images_with_faces/1446366_764030_image.jpeg,Optimistic,0.9317,0.9317,0.0396,0.0189,0.0098
Sample_Dataset/Reichel/images_with_faces/1446552_764123_image.jpeg,Optimistic,0.8898,0.8898,0.0007,0.0003,0.1091
Sample_Dataset/Reichel/images_with_faces/1446562_764127_image.jpeg,Optimistic,0.4958,0.4958,0.1736,0.2427,0.0878
Sample_Dataset/Reichel/images_with_faces/1446572_764130_image.jpeg,Optimistic,0.9998,0.9998,0.0,0.0001,0.0
Sample_Dataset/Reichel/images_with_faces/1446595_764149_image.jpeg,Optimistic,0.8412,0.8412,0.0579,0.0701,0.0308
Sample_Dataset/Reichel/images_with_faces/1446618_764157_image.jpeg,Neutral,0.9472,0.0517,0.0,0.0011,0.9472
Sample_Dataset/Reichel/images_with_faces/1446664_764175_image.jpeg,Pessimistic,0.5318,0.3251,0.5318,0.0313,0.1119
Sample_Dataset/Reichel/images_with_faces/1446961_764366_image.jpeg,Neutral,0.5886,0.2031,0.0339,0.1744,0.5886
Sample_Dataset/Reichel/images_with_faces/1447082_764435_image.jpeg,Optimistic,0.942,0.942,0.0104,0.0101,0.0375
Sample_Dataset/Reichel/images_with_faces/1447088_764438_image.jpeg,Pessimistic,0.714,0.2705,0.714,0.0017,0.0137
Sample_Dataset/Reichel/images_with_faces/1448477_765470_image.jpeg,Hostile,0.4312,0.1025,0.0494,0.4312,0.4169
Sample_Dataset/Reichel/images_with_faces/1449708_766359_image.jpeg,Neutral,0.9617,0.0267,0.0008,0.0108,0.9617
Sample_Dataset/Reichel/images_with_faces/1449715_766366_image.jpeg,Optimistic,0.5104,0.5104,0.0198,0.1365,0.3334
Sample_Dataset/Reichel/images_with_faces/1449733_766382_image.jpeg,Neutral,0.7711,0.2235,0.001,0.0044,0.7711
Sample_Dataset/Reichel/images_with_faces/1449743_766393_image.jpeg,Neutral,0.9436,0.056,0.0,0.0004,0.9436
Sample_Dataset/Reichel/images_with_faces/1449903_766464_image.jpeg,Neutral,0.4845,0.122,0.0015,0.392,0.4845
Sample_Dataset/Reichel/images_with_faces/1449939_766500_image.jpeg,Hostile,0.9636,0.0143,0.0063,0.9636,0.0158
Sample_Dataset/Reichel/images_with_faces/1449964_766521_image.jpeg,Pessimistic,0.9723,0.0026,0.9723,0.0008,0.0243
Sample_Dataset/Reichel/images_with_faces/1450014_766557_image.jpeg,Unknown,0.3807,0.3807,0.2463,0.0223,0.3507
Sample_Dataset/Reichel/images_with_faces/1450115_766606_image.jpeg,Optimistic,0.5181,0.5181,0.0121,0.0529,0.4169
Sample_Dataset/Reichel/images_with_faces/1450210_766632_image.jpeg,Neutral,0.9457,0.0399,0.0003,0.0142,0.9457
Sample_Dataset/Reichel/images_with_faces/1450225_766644_image.jpeg,Neutral,0.4765,0.2805,0.0092,0.2339,0.4765
Sample_Dataset/Reichel/images_with_faces/1450230_766648_image.jpeg,Neutral,0.9673,0.0311,0.0001,0.0015,0.9673
Sample_Dataset/Reichel/images_with_faces/1450237_766653_image.jpeg,Optimistic,0.446,0.446,0.2728,0.0177,0.2635
Sample_Dataset/Reichel/images_with_faces/1450357_766703_image.jpeg,Optimistic,0.9483,0.9483,0.0001,0.0035,0.0482
Sample_Dataset/Reichel/images_with_faces/1450440_766749_image.jpeg,Neutral,0.6438,0.1101,0.101,0.1451,0.6438
Sample_Dataset/Reichel/images_with_faces/1450486_766763_image.jpeg,Pessimistic,0.9987,0.0012,0.9987,0.0,0.0001
Sample_Dataset/Reichel/images_with_faces/1450609_766837_image.jpeg,Hostile,0.9829,0.0034,0.0135,0.9829,0.0002
Sample_Dataset/Reichel/images_with_faces/1450611_766838_image.jpeg,Optimistic,0.5101,0.5101,0.1222,0.2647,0.1031
Sample_Dataset/Reichel/images_with_faces/1450619_766842_image.jpeg,Hostile,0.8931,0.0068,0.0039,0.8931,0.0962
Sample_Dataset/Reichel/images_with_faces/1450750_766928_image.jpeg,Neutral,0.7886,0.0897,0.0005,0.1212,0.7886
Sample_Dataset/Reichel/images_with_faces/1450753_766929_image.jpeg,Optimistic,0.882,0.882,0.0248,0.0756,0.0176
Sample_Dataset/Reichel/images_with_faces/1450754_766930_image.jpeg,Neutral,0.6292,0.3614,0.0034,0.006,0.6292
Sample_Dataset/Reichel/images_with_faces/1450762_766933_image.jpeg,Neutral,0.4703,0.251,0.0068,0.2719,0.4703
Sample_Dataset/Reichel/images_with_faces/1450767_766935_image.jpeg,Neutral,0.9528,0.0443,0.0,0.0028,0.9528
Sample_Dataset/Reichel/images_with_faces/1450775_766937_image.jpeg,Hostile,0.6633,0.2832,0.0061,0.6633,0.0474
Sample_Dataset/Reichel/images_with_faces/1450776_766938_image.jpeg,Hostile,0.6818,0.2632,0.0066,0.6818,0.0484
Sample_Dataset/Reichel/images_with_faces/1450781_766939_image.jpeg,Neutral,0.6571,0.2876,0.0026,0.0527,0.6571
Sample_Dataset/Reichel/images_with_faces/1450839_766950_image.jpeg,Optimistic,0.521,0.521,0.0005,0.0069,0.4715
Sample_Dataset/Reichel/images_with_faces/1450853_766964_image.jpeg,Optimistic,0.9998,0.9998,0.0,0.0,0.0001
Sample_Dataset/Reichel/images_with_faces/1452438_767943_image.jpeg,Neutral,0.5173,0.472,0.0014,0.0093,0.5173
Sample_Dataset/Reichel/images_with_faces/1454579_769433_image.jpeg,Pessimistic,0.4941,0.0362,0.4941,0.377,0.0927
Sample_Dataset/Reichel/images_with_faces/1454610_769464_image.jpeg,Optimistic,0.9069,0.9069,0.0052,0.0093,0.0786
Sample_Dataset/Reichel/images_with_faces/1455475_770181_image.jpeg,Optimistic,0.7875,0.7875,0.0001,0.0061,0.2063
Sample_Dataset/Reichel/images_with_faces/1455497_770204_image.jpeg,Neutral,0.9492,0.0482,0.0006,0.0021,0.9492
Sample_Dataset/Reichel/images_with_faces/1455566_770239_image.jpeg,Optimistic,0.5181,0.5181,0.0021,0.4397,0.0401
Sample_Dataset/Reichel/images_with_faces/1455583_770257_image.jpeg,Neutral,0.9899,0.0087,0.0,0.0014,0.9899
Sample_Dataset/Reichel/images_with_faces/1455614_770288_image.jpeg,Optimistic,0.8815,0.8815,0.0026,0.0007,0.1153
Sample_Dataset/Reichel/images_with_faces/1455690_770370_image.jpeg,Neutral,0.9041,0.0418,0.0236,0.0305,0.9041
Sample_Dataset/Reichel/images_with_faces/1456048_770646_image.jpeg,Neutral,0.8119,0.1255,0.0028,0.0598,0.8119
Sample_Dataset/Reichel/images_with_faces/1456075_770650_image.jpeg,Hostile,0.9976,0.002,0.0,0.9976,0.0003
Sample_Dataset/Reichel/images_with_faces/1456335_770834_image.jpeg,Neutral,0.6032,0.2406,0.004,0.1522,0.6032
Sample_Dataset/Reichel/images_with_faces/1456349_770846_image.jpeg,Optimistic,0.6439,0.6439,0.0522,0.087,0.217
Sample_Dataset/Reichel/images_with_faces/1456351_770848_image.jpeg,Hostile,0.8905,0.1074,0.0007,0.8905,0.0015
Sample_Dataset/Reichel/images_with_faces/1456482_770952_image.jpeg,Neutral,0.6146,0.3825,0.002,0.001,0.6146
Sample_Dataset/Reichel/images_with_faces/1456665_771066_image.jpeg,Neutral,0.5091,0.463,0.023,0.0048,0.5091
Sample_Dataset/Reichel/images_with_faces/1457140_771311_image.jpeg,Neutral,0.7318,0.2635,0.0,0.0046,0.7318
Sample_Dataset/Reichel/images_with_faces/1457196_771338_image.jpeg,Optimistic,0.4816,0.4816,0.0731,0.1421,0.3033
Sample_Dataset/Reichel/images_with_faces/1457199_771342_image.jpeg,Neutral,0.9268,0.068,0.0004,0.0048,0.9268
Sample_Dataset/Reichel/images_with_faces/1457562_771477_image.jpeg,Hostile,0.9589,0.0078,0.0324,0.9589,0.0009
Sample_Dataset/Reichel/images_with_faces/1457707_771529_image.jpeg,Optimistic,0.9794,0.9794,0.0001,0.0011,0.0194
Sample_Dataset/Reichel/images_with_faces/1457733_771533_image.jpeg,Optimistic,0.7376,0.7376,0.0034,0.1736,0.0854
Sample_Dataset/Reichel/images_with_faces/1457742_771536_image.jpeg,Optimistic,0.9063,0.9063,0.0025,0.0325,0.0586
Sample_Dataset/Reichel/images_with_faces/1457783_771566_image.jpeg,Neutral,0.7387,0.0756,0.1568,0.0289,0.7387
Sample_Dataset/Reichel/images_with_faces/1457843_771612_image.jpeg,Optimistic,0.9338,0.9338,0.022,0.002,0.0422
Sample_Dataset/Reichel/images_with_faces/1457847_771617_image.jpeg,Neutral,0.9557,0.0419,0.0002,0.0023,0.9557
Sample_Dataset/Reichel/images_with_faces/1466347_774406_image.jpeg,Unknown,0.2795,0.2304,0.2795,0.2167,0.2734
Sample_Dataset/Reichel/images_with_faces/1467748_775503_image.jpeg,Optimistic,0.5427,0.5427,0.0006,0.0173,0.4394
Sample_Dataset/Reichel/images_with_faces/1467811_775554_image.jpeg,Neutral,0.6764,0.3161,0.0065,0.001,0.6764
Sample_Dataset/Reichel/images_with_faces/1467874_775600_image.jpeg,Hostile,0.9913,0.007,0.0003,0.9913,0.0014
Sample_Dataset/Reichel/images_with_faces/1467914_775627_image.jpeg,Neutral,0.6725,0.2909,0.0004,0.0362,0.6725
Sample_Dataset/Reichel/images_with_faces/1468061_775734_image.jpeg,Neutral,0.7459,0.2395,0.004,0.0106,0.7459
Sample_Dataset/Reichel/images_with_faces/1468196_775820_image.jpeg,Pessimistic,0.9042,0.0329,0.9042,0.0234,0.0395
Sample_Dataset/Reichel/images_with_faces/1468443_775960_image.jpeg,Neutral,0.9988,0.0005,0.0006,0.0001,0.9988
Sample_Dataset/Reichel/images_with_faces/1468624_776070_image.jpeg,Neutral,0.9744,0.0074,0.0162,0.002,0.9744
Sample_Dataset/Reichel/images_with_faces/1468920_776260_image.jpeg,Hostile,0.9127,0.0694,0.0056,0.9127,0.0123
Sample_Dataset/Reichel/images_with_faces/1468924_776263_image.jpeg,Optimistic,0.9821,0.9821,0.0102,0.0013,0.0063
Sample_Dataset/Reichel/images_with_faces/1469238_776422_image.jpeg,Hostile,0.473,0.3579,0.0707,0.473,0.0984
Sample_Dataset/Reichel/images_with_faces/1469427_776510_image.jpeg,Neutral,0.6316,0.354,0.0099,0.0045,0.6316
Sample_Dataset/Reichel/images_with_faces/1472605_778974_image.jpeg,Optimistic,0.5798,0.5798,0.0006,0.344,0.0756
Sample_Dataset/Reichel/images_with_faces/1474505_780204_image.jpeg,Neutral,0.789,0.1444,0.0084,0.0582,0.789
Sample_Dataset/Reichel/images_with_faces/1474509_780208_image.jpeg,Pessimistic,0.5349,0.0093,0.5349,0.0621,0.3937
Sample_Dataset/Reichel/images_with_faces/1474536_780236_image.jpeg,Neutral,0.9809,0.0182,0.0006,0.0003,0.9809
Sample_Dataset/Reichel/images_with_faces/1474538_780238_image.jpeg,Neutral,0.977,0.022,0.0004,0.0006,0.977
Sample_Dataset/Reichel/images_with_faces/1474632_780335_image.jpeg,Neutral,0.4784,0.4423,0.011,0.0683,0.4784
Sample_Dataset/Reichel/images_with_faces/1474736_780371_image.jpeg,Optimistic,0.7074,0.7074,0.0051,0.0457,0.2418
Sample_Dataset/Reichel/images_with_faces/1474738_780373_image.jpeg,Optimistic,0.6031,0.6031,0.0056,0.046,0.3453
Sample_Dataset/Reichel/images_with_faces/1474792_780425_image.jpeg,Hostile,0.6727,0.3051,0.0092,0.6727,0.0131
Sample_Dataset/Reichel/images_with_faces/1474801_780431_image.jpeg,Optimistic,0.4527,0.4527,0.1067,0.1083,0.3322
Sample_Dataset/Reichel/images_with_faces/1474886_780479_image.jpeg,Neutral,0.9816,0.0182,0.0,0.0001,0.9816
Sample_Dataset/Reichel/images_with_faces/1474889_780482_image.jpeg,Neutral,0.9753,0.0244,0.0,0.0002,0.9753
Sample_Dataset/Reichel/images_with_faces/1475006_780561_image.jpeg,Optimistic,0.9764,0.9764,0.0001,0.0085,0.015
Sample_Dataset/Reichel/images_with_faces/1475112_780642_image.jpeg,Optimistic,0.5287,0.5287,0.0212,0.0794,0.3706
Sample_Dataset/Reichel/images_with_faces/1475128_780643_image.jpeg,Neutral,0.9542,0.0425,0.0024,0.0009,0.9542
Sample_Dataset/Reichel/images_with_faces/1475133_780645_image.jpeg,Optimistic,0.5707,0.5707,0.0143,0.0629,0.3521
Sample_Dataset/Reichel/images_with_faces/1475136_780649_image.jpeg,Optimistic,0.4537,0.4537,0.0159,0.1227,0.4077
Sample_Dataset/Reichel/images_with_faces/1475387_780777_image.jpeg,Optimistic,0.9265,0.9265,0.0113,0.004,0.0582
Sample_Dataset/Reichel/images_with_faces/1475832_781060_image.jpeg,Optimistic,0.8097,0.8097,0.0007,0.1748,0.0148
Sample_Dataset/Reichel/images_with_faces/1475862_781090_image.jpeg,Neutral,0.8756,0.0817,0.0001,0.0426,0.8756
Sample_Dataset/Reichel/images_with_faces/1475966_781156_image.jpeg,Hostile,0.9882,0.0044,0.0001,0.9882,0.0072
Sample_Dataset/Reichel/images_with_faces/1476190_781329_image.jpeg,Optimistic,0.8778,0.8778,0.048,0.0613,0.0129
Sample_Dataset/Reichel/images_with_faces/1476865_781814_image.jpeg,Hostile,0.8034,0.0133,0.164,0.8034,0.0192
Sample_Dataset/Reichel/images_with_faces/1477159_781964_image.jpeg,Neutral,0.6868,0.2116,0.0761,0.0255,0.6868
Sample_Dataset/Reichel/images_with_faces/1486102_788880_image.jpeg,Hostile,0.947,0.0142,0.0233,0.947,0.0155
Sample_Dataset/Reichel/images_with_faces/1487535_789694_image.jpeg,Neutral,0.6634,0.3362,0.0003,0.0001,0.6634
Sample_Dataset/Reichel/images_with_faces/1487576_789730_image.jpeg,Neutral,0.9365,0.0581,0.0026,0.0029,0.9365
Sample_Dataset/Reichel/images_with_faces/1487579_789733_image.jpeg,Neutral,0.8998,0.092,0.0039,0.0042,0.8998
Sample_Dataset/Reichel/images_with_faces/1487716_789832_image.jpeg,Neutral,0.7445,0.2535,0.0002,0.0018,0.7445
Sample_Dataset/Reichel/images_with_faces/1487719_789835_image.jpeg,Neutral,0.6682,0.3233,0.0006,0.0079,0.6682
Sample_Dataset/Reichel/images_with_faces/1487862_789882_image.jpeg,Neutral,0.998,0.0018,0.0,0.0002,0.998
Sample_Dataset/Reichel/images_with_faces/1487863_789883_image.jpeg,Neutral,0.9974,0.0023,0.0,0.0002,0.9974
Sample_Dataset/Reichel/images_with_faces/1487914_789916_image.jpeg,Optimistic,0.7106,0.7106,0.0159,0.0338,0.2397
Sample_Dataset/Reichel/images_with_faces/1488011_789980_image.jpeg,Optimistic,0.6897,0.6897,0.0364,0.0429,0.231
Sample_Dataset/Reichel/images_with_faces/1488034_789992_image.jpeg,Neutral,0.8321,0.0699,0.0038,0.0942,0.8321
Sample_Dataset/Reichel/images_with_faces/1488153_790075_image.jpeg,Optimistic,0.7488,0.7488,0.0218,0.2047,0.0247
Sample_Dataset/Reichel/images_with_faces/1488222_790116_image.jpeg,Pessimistic,0.6593,0.0024,0.6593,0.022,0.3163
Sample_Dataset/Reichel/images_with_faces/1488432_790264_image.jpeg,Unknown,0.3372,0.3372,0.2301,0.1395,0.2932
Sample_Dataset/Reichel/images_with_faces/1488474_790288_image.jpeg,Neutral,0.5431,0.3102,0.0807,0.0661,0.5431
Sample_Dataset/Reichel/images_with_faces/1493046_793037_image.jpeg,Optimistic,0.8915,0.8915,0.0002,0.0045,0.1038
Sample_Dataset/Reichel/images_with_faces/1493093_793077_image.jpeg,Neutral,0.4183,0.2887,0.0569,0.2361,0.4183
Sample_Dataset/Reichel/images_with_faces/1493105_793088_image.jpeg,Neutral,0.8348,0.1593,0.0052,0.0006,0.8348
Sample_Dataset/Reichel/images_with_faces/1493150_793121_image.jpeg,Optimistic,0.4458,0.4458,0.2393,0.2955,0.0195
Sample_Dataset/Reichel/images_with_faces/1493381_793250_image.jpeg,Pessimistic,0.7225,0.0431,0.7225,0.1557,0.0787
Sample_Dataset/Reichel/images_with_faces/1493416_793275_image.jpeg,Hostile,0.8826,0.0836,0.0058,0.8826,0.028
Sample_Dataset/Reichel/images_with_faces/1493604_793404_image.jpeg,Neutral,0.8985,0.0217,0.0751,0.0046,0.8985
Sample_Dataset/Reichel/images_with_faces/1496418_794945_image.jpeg,Neutral,0.8047,0.0969,0.0097,0.0887,0.8047
Sample_Dataset/Reichel/images_with_faces/1496443_794968_image.jpeg,Optimistic,0.9871,0.9871,0.0002,0.009,0.0037
Sample_Dataset/Reichel/images_with_faces/1496445_794969_image.jpeg,Optimistic,0.4887,0.4887,0.0884,0.0282,0.3946
Sample_Dataset/Reichel/images_with_faces/1496533_795022_image.jpeg,Hostile,0.7076,0.0776,0.0974,0.7076,0.1175
Sample_Dataset/Reichel/images_with_faces/1496577_795050_image.jpeg,Hostile,0.8323,0.08,0.0015,0.8323,0.0862
Sample_Dataset/Reichel/images_with_faces/1497121_795213_image.jpeg,Optimistic,0.8028,0.8028,0.0001,0.0266,0.1705
Sample_Dataset/Reichel/images_with_faces/1497179_795236_image.jpeg,Neutral,0.5716,0.2242,0.0131,0.1911,0.5716
Sample_Dataset/Reichel/images_with_faces/1497182_795239_image.jpeg,Optimistic,0.7891,0.7891,0.0023,0.2022,0.0064
Sample_Dataset/Reichel/images_with_faces/1498831_796150_image.jpeg,Hostile,0.4861,0.0603,0.0012,0.4861,0.4524
Sample_Dataset/Reichel/images_with_faces/1498839_796156_image.jpeg,Optimistic,0.9401,0.9401,0.0004,0.0576,0.0019
Sample_Dataset/Reichel/images_with_faces/1498841_796157_image.jpeg,Optimistic,0.713,0.713,0.0014,0.0137,0.2719
Sample_Dataset/Reichel/images_with_faces/1498850_796166_image.jpeg,Optimistic,0.4601,0.4601,0.1085,0.18,0.2514
Sample_Dataset/Reichel/images_with_faces/1498875_796191_image.jpeg,Neutral,0.8218,0.1301,0.0047,0.0434,0.8218
Sample_Dataset/Reichel/images_with_faces/1498946_796279_image.jpeg,Hostile,0.9587,0.0108,0.0172,0.9587,0.0133
Sample_Dataset/Reichel/images_with_faces/1498964_796294_image.jpeg,Neutral,0.7264,0.1033,0.0507,0.1196,0.7264
Sample_Dataset/Reichel/images_with_faces/1498989_796306_image.jpeg,Pessimistic,0.4471,0.2522,0.4471,0.2943,0.0064
Sample_Dataset/Reichel/images_with_faces/1499085_796358_image.jpeg,Hostile,0.9411,0.0546,0.0001,0.9411,0.0041
Sample_Dataset/Reichel/images_with_faces/1499114_796369_image.jpeg,Optimistic,0.9755,0.9755,0.0047,0.0004,0.0193
Sample_Dataset/Reichel/images_with_faces/1501578_798055_image.jpeg,Hostile,0.9024,0.0863,0.0001,0.9024,0.0112
Sample_Dataset/Reichel/images_with_faces/1501624_798088_image.jpeg,Optimistic,0.5259,0.5259,0.0873,0.0384,0.3484
Sample_Dataset/Reichel/images_with_faces/1501750_798162_image.jpeg,Neutral,0.521,0.4776,0.0001,0.0013,0.521
Sample_Dataset/Reichel/images_with_faces/1501760_798167_image.jpeg,Neutral,0.711,0.1263,0.1595,0.0032,0.711
Sample_Dataset/Reichel/images_with_faces/1503407_799334_image.jpeg,Optimistic,0.6238,0.6238,0.0001,0.002,0.3741
Sample_Dataset/Reichel/images_with_faces/1503423_799350_image.jpeg,Neutral,0.7275,0.2592,0.0093,0.004,0.7275
Sample_Dataset/Reichel/images_with_faces/1503436_799362_image.jpeg,Hostile,0.9976,0.0009,0.0002,0.9976,0.0013
Sample_Dataset/Reichel/images_with_faces/1503439_799365_image.jpeg,Neutral,0.8704,0.0167,0.0056,0.1073,0.8704
Sample_Dataset/Reichel/images_with_faces/1503450_799376_image.jpeg,Neutral,0.7711,0.0991,0.0108,0.1189,0.7711
Sample_Dataset/Reichel/images_with_faces/1503959_799768_image.jpeg,Neutral,0.4998,0.4924,0.0004,0.0074,0.4998
Sample_Dataset/Reichel/images_with_faces/1503960_799769_image.jpeg,Neutral,0.5047,0.3964,0.0298,0.0691,0.5047
Sample_Dataset/Reichel/images_with_faces/1503962_799771_image.jpeg,Optimistic,0.9505,0.9505,0.0004,0.019,0.03
Sample_Dataset/Reichel/images_with_faces/1503988_799791_image.jpeg,Optimistic,0.7182,0.7182,0.0473,0.0858,0.1486
Sample_Dataset/Reichel/images_with_faces/1504018_799813_image.jpeg,Neutral,0.7252,0.1335,0.0956,0.0458,0.7252
Sample_Dataset/Reichel/images_with_faces/1508133_803119_image.jpeg,Optimistic,0.6056,0.6056,0.1255,0.0065,0.2624
Sample_Dataset/Reichel/images_with_faces/1508270_803171_image.jpeg,Optimistic,0.9096,0.9096,0.0012,0.0477,0.0415
Sample_Dataset/Reichel/images_with_faces/1508273_803174_image.jpeg,Optimistic,0.947,0.947,0.0001,0.0092,0.0437
Sample_Dataset/Reichel/images_with_faces/1508311_803204_image.jpeg,Neutral,0.7171,0.2464,0.0002,0.0363,0.7171
Sample_Dataset/Reichel/images_with_faces/1508316_803208_image.jpeg,Optimistic,0.5959,0.5959,0.0002,0.0035,0.4005
Sample_Dataset/Reichel/images_with_faces/1508325_803216_image.jpeg,Neutral,0.6546,0.0062,0.0,0.3392,0.6546
Sample_Dataset/Reichel/images_with_faces/1508361_803229_image.jpeg,Optimistic,0.5145,0.5145,0.0011,0.0229,0.4615
Sample_Dataset/Reichel/images_with_faces/1508556_803355_image.jpeg,Optimistic,0.8045,0.8045,0.0517,0.1017,0.0421
Sample_Dataset/Reichel/images_with_faces/1508569_803365_image.jpeg,Optimistic,0.5724,0.5724,0.1873,0.0246,0.2157
Sample_Dataset/Reichel/images_with_faces/1508906_803622_image.jpeg,Hostile,0.8042,0.1529,0.0134,0.8042,0.0295
Sample_Dataset/Reichel/images_with_faces/1508918_803628_image.jpeg,Optimistic,0.5963,0.5963,0.0014,0.3883,0.0139
Sample_Dataset/Reichel/images_with_faces/1508925_803631_image.jpeg,Neutral,0.447,0.1204,0.0759,0.3567,0.447
Sample_Dataset/Reichel/images_with_faces/1508953_803648_image.jpeg,Unknown,0.3306,0.298,0.2077,0.1637,0.3306
Sample_Dataset/Reichel/images_with_faces/1510231_804549_image.jpeg,Optimistic,0.5559,0.5559,0.0014,0.0007,0.4419
Sample_Dataset/Reichel/images_with_faces/1512744_805999_image.jpeg,Optimistic,0.8849,0.8849,0.0002,0.0003,0.1146
Sample_Dataset/Reichel/images_with_faces/1512775_806028_image.jpeg,Neutral,0.5556,0.0291,0.2766,0.1387,0.5556
Sample_Dataset/Reichel/images_with_faces/1512795_806041_image.jpeg,Optimistic,0.9096,0.9096,0.0012,0.0477,0.0415
Sample_Dataset/Reichel/images_with_faces/1512890_806100_image.jpeg,Hostile,0.5124,0.1893,0.0925,0.5124,0.2057
Sample_Dataset/Reichel/images_with_faces/1513346_806467_image.jpeg,Optimistic,0.8524,0.8524,0.0001,0.0008,0.1467
Sample_Dataset/Reichel/images_with_faces/1513442_806534_image.jpeg,Hostile,0.4267,0.394,0.0031,0.4267,0.1761
Sample_Dataset/Reichel/images_with_faces/1513445_806536_image.jpeg,Unknown,0.3023,0.2193,0.2164,0.262,0.3023
Sample_Dataset/Reichel/images_with_faces/1513526_806575_image.jpeg,Neutral,0.4595,0.4261,0.0703,0.0441,0.4595
Sample_Dataset/Reichel/images_with_faces/1513605_806630_image.jpeg,Hostile,0.9952,0.0042,0.0003,0.9952,0.0003
Sample_Dataset/Reichel/images_with_faces/1516633_808816_image.jpeg,Optimistic,0.8475,0.8475,0.0043,0.0036,0.1446
Sample_Dataset/Reichel/images_with_faces/1517218_809379_image.jpeg,Optimistic,0.8135,0.8135,0.0036,0.0023,0.1806
Sample_Dataset/Reichel/images_with_faces/1517268_809419_image.jpeg,Optimistic,0.9933,0.9933,0.0,0.0006,0.0061
Sample_Dataset/Reichel/images_with_faces/1517283_809427_image.jpeg,Neutral,0.6525,0.3439,0.0012,0.0024,0.6525
Sample_Dataset/Reichel/images_with_faces/1517391_809510_image.jpeg,Neutral,0.6332,0.1595,0.0002,0.207,0.6332
Sample_Dataset/Reichel/images_with_faces/1517569_809669_image.jpeg,Neutral,0.7887,0.1979,0.0078,0.0056,0.7887
Sample_Dataset/Reichel/images_with_faces/1517640_809721_image.jpeg,Optimistic,0.9741,0.9741,0.0,0.0041,0.0218
Sample_Dataset/Reichel/images_with_faces/1518003_809893_image.jpeg,Neutral,0.6264,0.3118,0.0158,0.046,0.6264
Sample_Dataset/Reichel/images_with_faces/1518031_809922_image.jpeg,Optimistic,0.9612,0.9612,0.0062,0.031,0.0017
Sample_Dataset/Reichel/images_with_faces/1518035_809924_image.jpeg,Unknown,0.3944,0.3101,0.267,0.0286,0.3944
Sample_Dataset/Reichel/images_with_faces/1518056_809938_image.jpeg,Optimistic,0.7606,0.7606,0.0293,0.1028,0.1073
Sample_Dataset/Reichel/images_with_faces/1518455_810230_image.jpeg,Optimistic,0.6639,0.6639,0.0102,0.06,0.2659
Sample_Dataset/Reichel/images_with_faces/1518531_810268_image.jpeg,Pessimistic,0.5088,0.3181,0.5088,0.1189,0.0542
Sample_Dataset/Reichel/images_with_faces/1519354_810958_image.jpeg,Neutral,0.9381,0.0306,0.0005,0.0309,0.9381
Sample_Dataset/Reichel/images_with_faces/1522006_812669_image.jpeg,Hostile,0.9988,0.0008,0.0001,0.9988,0.0003
Sample_Dataset/Reichel/images_with_faces/1522009_812672_image.jpeg,Neutral,0.8356,0.1444,0.0036,0.0164,0.8356
Sample_Dataset/Reichel/images_with_faces/1522020_812683_image.jpeg,Neutral,0.9696,0.007,0.0032,0.0201,0.9696
Sample_Dataset/Reichel/images_with_faces/1522022_812685_image.jpeg,Neutral,0.6874,0.2308,0.0158,0.066,0.6874
Sample_Dataset/Reichel/images_with_faces/1522030_812693_image.jpeg,Neutral,0.9981,0.0017,0.0,0.0002,0.9981
Sample_Dataset/Reichel/images_with_faces/1522040_812704_image.jpeg,Neutral,0.9871,0.0098,0.0028,0.0003,0.9871
Sample_Dataset/Reichel/images_with_faces/1522108_812765_image.jpeg,Hostile,0.6295,0.0593,0.0267,0.6295,0.2846
Sample_Dataset/Reichel/images_with_faces/1522118_812774_image.jpeg,Hostile,0.9029,0.0245,0.0185,0.9029,0.0541
Sample_Dataset/Reichel/images_with_faces/1522124_812778_image.jpeg,Neutral,0.9983,0.0015,0.0,0.0002,0.9983
Sample_Dataset/Reichel/images_with_faces/1522126_812781_image.jpeg,Neutral,0.982,0.0036,0.0122,0.0023,0.982
Sample_Dataset/Reichel/images_with_faces/1522136_812788_image.jpeg,Neutral,0.4588,0.4517,0.0019,0.0876,0.4588
Sample_Dataset/Reichel/images_with_faces/1522257_812870_image.jpeg,Optimistic,0.708,0.708,0.0171,0.0506,0.2242
Sample_Dataset/Reichel/images_with_faces/1522260_812872_image.jpeg,Optimistic,0.6101,0.6101,0.0001,0.0141,0.3757
Sample_Dataset/Reichel/images_with_faces/1522328_812913_image.jpeg,Optimistic,0.7909,0.7909,0.0152,0.0272,0.1668
Sample_Dataset/Reichel/images_with_faces/1522376_812962_image.jpeg,Pessimistic,0.4398,0.0935,0.4398,0.4253,0.0415
Sample_Dataset/Reichel/images_with_faces/1522378_812964_image.jpeg,Neutral,0.9349,0.0397,0.0114,0.014,0.9349
Sample_Dataset/Reichel/images_with_faces/1522531_813087_image.jpeg,Neutral,0.998,0.0018,0.0,0.0001,0.998
Sample_Dataset/Reichel/images_with_faces/1522567_813110_image.jpeg,Optimistic,0.9984,0.9984,0.0001,0.0002,0.0014
Sample_Dataset/Reichel/images_with_faces/1522569_813112_image.jpeg,Optimistic,0.6496,0.6496,0.0054,0.0614,0.2836
Sample_Dataset/Reichel/images_with_faces/1522571_813114_image.jpeg,Pessimistic,0.4869,0.2598,0.4869,0.1423,0.111
Sample_Dataset/Reichel/images_with_faces/1522599_813138_image.jpeg,Neutral,0.4639,0.0476,0.0927,0.3957,0.4639
Sample_Dataset/Reichel/images_with_faces/1522600_813140_image.jpeg,Neutral,0.5433,0.3848,0.0091,0.0628,0.5433
Sample_Dataset/Reichel/images_with_faces/1522601_813141_image.jpeg,Optimistic,0.4214,0.4214,0.2033,0.1575,0.2178
Sample_Dataset/Reichel/images_with_faces/1528280_815428_image.jpeg,Optimistic,0.6654,0.6654,0.0492,0.0065,0.2789
Sample_Dataset/Reichel/images_with_faces/1528283_815430_image.jpeg,Optimistic,0.4292,0.4292,0.12,0.1668,0.2841
Sample_Dataset/Reichel/images_with_faces/1528513_815628_image.jpeg,Optimistic,0.9924,0.9924,0.0004,0.0004,0.0069
Sample_Dataset/Reichel/images_with_faces/1528515_815631_image.jpeg,Optimistic,0.9788,0.9788,0.0007,0.0002,0.0203
Sample_Dataset/Reichel/images_with_faces/1528522_815638_image.jpeg,Pessimistic,0.7389,0.1109,0.7389,0.0108,0.1394
Sample_Dataset/Reichel/images_with_faces/1528525_815641_image.jpeg,Optimistic,0.9365,0.9365,0.0003,0.0013,0.0619
Sample_Dataset/Reichel/images_with_faces/1528569_815678_image.jpeg,Optimistic,0.8272,0.8272,0.1245,0.0019,0.0464
Sample_Dataset/Reichel/images_with_faces/1528667_815770_image.jpeg,Optimistic,0.9737,0.9737,0.003,0.023,0.0002
Sample_Dataset/Reichel/images_with_faces/1528712_815810_image.jpeg,Optimistic,0.6851,0.6851,0.0279,0.0464,0.2406
Sample_Dataset/Reichel/images_with_faces/1528758_815853_image.jpeg,Neutral,0.9114,0.041,0.0163,0.0313,0.9114
Sample_Dataset/Reichel/images_with_faces/1528858_815932_image.jpeg,Neutral,0.9953,0.0041,0.0001,0.0005,0.9953
Sample_Dataset/Reichel/images_with_faces/1528868_815936_image.jpeg,Hostile,0.8597,0.1088,0.0089,0.8597,0.0226
Sample_Dataset/Reichel/images_with_faces/1529065_816082_image.jpeg,Pessimistic,0.9658,0.0105,0.9658,0.0168,0.0069
Sample_Dataset/Reichel/images_with_faces/1529413_816379_image.jpeg,Optimistic,0.9394,0.9394,0.0005,0.0204,0.0398
Sample_Dataset/Reichel/images_with_faces/1529426_816385_image.jpeg,Hostile,0.652,0.2986,0.0011,0.652,0.0482
Sample_Dataset/Reichel/images_with_faces/1529435_816393_image.jpeg,Hostile,0.7677,0.2198,0.0002,0.7677,0.0123
Sample_Dataset/Reichel/images_with_faces/1529437_816395_image.jpeg,Optimistic,0.5389,0.5389,0.0005,0.0071,0.4536
Sample_Dataset/Reichel/images_with_faces/1529439_816397_image.jpeg,Optimistic,0.9863,0.9863,0.0009,0.0013,0.0115
Sample_Dataset/Reichel/images_with_faces/1529441_816399_image.jpeg,Hostile,0.7254,0.2348,0.0154,0.7254,0.0244
Sample_Dataset/Reichel/images_with_faces/1529578_816502_image.jpeg,Neutral,0.4674,0.023,0.3848,0.1247,0.4674
Sample_Dataset/Reichel/images_with_faces/1532479_818636_image.jpeg,Neutral,0.7817,0.1039,0.0283,0.0861,0.7817
Sample_Dataset/Reichel/images_with_faces/1532487_818643_image.jpeg,Neutral,0.8368,0.1452,0.0027,0.0152,0.8368
Sample_Dataset/Reichel/images_with_faces/1532488_818644_image.jpeg,Neutral,0.7574,0.2217,0.0016,0.0194,0.7574
Sample_Dataset/Reichel/images_with_faces/1533647_819490_image.jpeg,Optimistic,0.856,0.856,0.0015,0.0089,0.1336
Sample_Dataset/Reichel/images_with_faces/1533830_819659_image.jpeg,Neutral,0.7725,0.0637,0.008,0.1558,0.7725
Sample_Dataset/Reichel/images_with_faces/1534798_820289_image.jpeg,Hostile,0.6954,0.04,0.0373,0.6954,0.2272
Sample_Dataset/Reichel/images_with_faces/1534801_820292_image.jpeg,Hostile,0.5799,0.0248,0.1425,0.5799,0.2528
Sample_Dataset/Reichel/images_with_faces/1534803_820295_image.jpeg,Neutral,0.6068,0.0364,0.153,0.2038,0.6068
Sample_Dataset/Reichel/images_with_faces/1534812_820303_image.jpeg,Hostile,0.9992,0.0005,0.0,0.9992,0.0003
Sample_Dataset/Reichel/images_with_faces/1534846_820339_image.jpeg,Optimistic,0.9867,0.9867,0.0004,0.0017,0.0112
Sample_Dataset/Reichel/images_with_faces/1534848_820341_image.jpeg,Optimistic,0.9887,0.9887,0.0004,0.0008,0.0102
Sample_Dataset/Reichel/images_with_faces/1534850_820343_image.jpeg,Hostile,0.784,0.0241,0.109,0.784,0.0829
Sample_Dataset/Reichel/images_with_faces/1534899_820388_image.jpeg,Neutral,0.8454,0.1103,0.0067,0.0376,0.8454
Sample_Dataset/Reichel/images_with_faces/1534907_820395_image.jpeg,Hostile,0.9352,0.0149,0.0009,0.9352,0.049
Sample_Dataset/Reichel/images_with_faces/1534918_820403_image.jpeg,Optimistic,0.7063,0.7063,0.0265,0.0041,0.2632
Sample_Dataset/Reichel/images_with_faces/1534930_820414_image.jpeg,Optimistic,0.9584,0.9584,0.0002,0.0395,0.002
Sample_Dataset/Reichel/images_with_faces/1535055_820512_image.jpeg,Neutral,0.6103,0.3892,0.0001,0.0004,0.6103
Sample_Dataset/Reichel/images_with_faces/1535058_820515_image.jpeg,Neutral,0.5453,0.4535,0.0002,0.001,0.5453
Sample_Dataset/Reichel/images_with_faces/1535416_820742_image.jpeg,Optimistic,0.589,0.589,0.0002,0.0009,0.41
Sample_Dataset/Reichel/images_with_faces/1535749_820976_image.jpeg,Optimistic,0.9384,0.9384,0.0041,0.0489,0.0086
Sample_Dataset/Reichel/images_with_faces/1535755_820981_image.jpeg,Neutral,0.6342,0.1892,0.037,0.1396,0.6342
Sample_Dataset/Reichel/images_with_faces/1535811_821016_image.jpeg,Unknown,0.3601,0.2692,0.3601,0.1349,0.2359
Sample_Dataset/Reichel/images_with_faces/1536342_821271_image.jpeg,Optimistic,0.7013,0.7013,0.1085,0.071,0.1192
Sample_Dataset/Reichel/images_with_faces/1536606_821455_image.jpeg,Optimistic,0.6362,0.6362,0.0182,0.0137,0.3319
Sample_Dataset/Reichel/images_with_faces/1536624_821459_image.jpeg,Optimistic,0.9731,0.9731,0.0144,0.0022,0.0103
Sample_Dataset/Reichel/images_with_faces/1536636_821461_image.jpeg,Hostile,0.5048,0.1942,0.0313,0.5048,0.2697
Sample_Dataset/Reichel/images_with_faces/1536651_821463_image.jpeg,Optimistic,0.9968,0.9968,0.0001,0.0031,0.0001
Sample_Dataset/Reichel/images_with_faces/1536659_821464_image.jpeg,Neutral,0.631,0.2158,0.1159,0.0373,0.631
Sample_Dataset/Reichel/images_with_faces/1536731_821512_image.jpeg,Optimistic,0.9095,0.9095,0.0009,0.0378,0.0518
Sample_Dataset/Reichel/images_with_faces/1536732_821513_image.jpeg,Optimistic,0.7061,0.7061,0.0108,0.1928,0.0902
Sample_Dataset/Reichel/images_with_faces/1536740_821519_image.jpeg,Hostile,0.6885,0.0792,0.2098,0.6885,0.0225
Sample_Dataset/Reichel/images_with_faces/1536825_821602_image.jpeg,Optimistic,0.5194,0.5194,0.0227,0.0473,0.4106
Sample_Dataset/Reichel/images_with_faces/1541562_825596_image.jpeg,Hostile,0.5587,0.3921,0.0399,0.5587,0.0094
Sample_Dataset/Reichel/images_with_faces/1541585_825618_image.jpeg,Optimistic,0.4999,0.4999,0.0885,0.0406,0.371
Sample_Dataset/Reichel/images_with_faces/1541608_825641_image.jpeg,Hostile,0.5925,0.1977,0.0114,0.5925,0.1984
Sample_Dataset/Reichel/images_with_faces/1541627_825659_image.jpeg,Unknown,0.285,0.1934,0.285,0.2689,0.2528
Sample_Dataset/Reichel/images_with_faces/1541634_825664_image.jpeg,Hostile,0.9479,0.0468,0.0002,0.9479,0.0051
Sample_Dataset/Reichel/images_with_faces/1541717_825726_image.jpeg,Hostile,0.5591,0.2082,0.0562,0.5591,0.1764
Sample_Dataset/Reichel/images_with_faces/1541729_825735_image.jpeg,Hostile,0.9567,0.0086,0.0007,0.9567,0.034
Sample_Dataset/Reichel/images_with_faces/1542172_826048_image.jpeg,Hostile,0.7973,0.1246,0.047,0.7973,0.0311
Sample_Dataset/Reichel/images_with_faces/1542173_826049_image.jpeg,Hostile,0.9047,0.0338,0.0,0.9047,0.0615
Sample_Dataset/Reichel/images_with_faces/1542346_826167_image.jpeg,Neutral,0.8659,0.0324,0.0528,0.0488,0.8659
Sample_Dataset/Reichel/images_with_faces/1544268_827334_image.jpeg,Optimistic,0.7296,0.7296,0.007,0.0796,0.1838
Sample_Dataset/Reichel/images_with_faces/1544270_827336_image.jpeg,Neutral,0.8215,0.0959,0.0019,0.0807,0.8215
Sample_Dataset/Reichel/images_with_faces/1544593_827625_image.jpeg,Pessimistic,0.9875,0.0015,0.9875,0.0097,0.0014
Sample_Dataset/Reichel/images_with_faces/1544876_827849_image.jpeg,Hostile,0.9731,0.0017,0.0,0.9731,0.0252
Sample_Dataset/Reichel/images_with_faces/1545112_828059_image.jpeg,Optimistic,0.895,0.895,0.0016,0.0274,0.0759
Sample_Dataset/Reichel/images_with_faces/1545187_828125_image.jpeg,Neutral,0.7433,0.0639,0.0969,0.0959,0.7433
Sample_Dataset/Reichel/images_with_faces/1549261_831247_image.jpeg,Neutral,0.6922,0.2668,0.0204,0.0206,0.6922
Sample_Dataset/Reichel/images_with_faces/1549329_831313_image.jpeg,Optimistic,0.976,0.976,0.0099,0.0128,0.0014
Sample_Dataset/Reichel/images_with_faces/1549339_831321_image.jpeg,Optimistic,0.6716,0.6716,0.0072,0.012,0.3092
Sample_Dataset/Reichel/images_with_faces/1549465_831432_image.jpeg,Hostile,0.9801,0.0024,0.0073,0.9801,0.0102
Sample_Dataset/Reichel/images_with_faces/1549494_831455_image.jpeg,Pessimistic,0.986,0.0014,0.986,0.0112,0.0014
Sample_Dataset/Reichel/images_with_faces/1549688_831594_image.jpeg,Optimistic,0.9943,0.9943,0.0002,0.002,0.0035
Sample_Dataset/Reichel/images_with_faces/1549705_831608_image.jpeg,Hostile,0.8517,0.1061,0.0192,0.8517,0.023
Sample_Dataset/Reichel/images_with_faces/1549734_831631_image.jpeg,Neutral,0.9498,0.0496,0.0,0.0006,0.9498
Sample_Dataset/Reichel/images_with_faces/1551733_833054_image.jpeg,Neutral,0.9381,0.0306,0.0005,0.0309,0.9381
Sample_Dataset/Reichel/images_with_faces/1551738_833060_image.jpeg,Optimistic,0.5832,0.5832,0.0001,0.0003,0.4165
Sample_Dataset/Reichel/images_with_faces/1551742_833065_image.jpeg,Neutral,0.8365,0.0184,0.0429,0.1022,0.8365
Sample_Dataset/Reichel/images_with_faces/1551756_833077_image.jpeg,Neutral,0.9831,0.0071,0.0,0.0098,0.9831
Sample_Dataset/Reichel/images_with_faces/1551789_833109_image.jpeg,Optimistic,0.9408,0.9408,0.0045,0.0513,0.0034
Sample_Dataset/Reichel/images_with_faces/1551855_833162_image.jpeg,Pessimistic,0.8704,0.044,0.8704,0.0513,0.0344
Sample_Dataset/Reichel/images_with_faces/1553678_834424_image.jpeg,Neutral,0.8475,0.0025,0.145,0.0051,0.8475
Sample_Dataset/Reichel/images_with_faces/1553681_834427_image.jpeg,Neutral,0.9772,0.0002,0.0224,0.0002,0.9772
Sample_Dataset/Reichel/images_with_faces/1553683_834429_image.jpeg,Optimistic,0.8736,0.8736,0.0071,0.0265,0.0928
Sample_Dataset/Reichel/images_with_faces/1553686_834432_image.jpeg,Neutral,0.9824,0.0004,0.017,0.0002,0.9824
Sample_Dataset/Reichel/images_with_faces/1553688_834434_image.jpeg,Neutral,0.9821,0.0001,0.0177,0.0001,0.9821
Sample_Dataset/Reichel/images_with_faces/1554104_834635_image.jpeg,Neutral,0.7646,0.0724,0.0006,0.1624,0.7646
Sample_Dataset/Reichel/images_with_faces/1554105_834636_image.jpeg,Hostile,0.5071,0.2745,0.0634,0.5071,0.155
Sample_Dataset/Reichel/images_with_faces/1555736_835902_image.jpeg,Neutral,0.7784,0.1953,0.0001,0.0262,0.7784
Sample_Dataset/Reichel/images_with_faces/1555762_835923_image.jpeg,Optimistic,0.5343,0.5343,0.146,0.052,0.2676
Sample_Dataset/Reichel/images_with_faces/1555772_835932_image.jpeg,Neutral,0.4044,0.0262,0.3528,0.2165,0.4044
Sample_Dataset/Reichel/images_with_faces/1556120_836221_image.jpeg,Optimistic,0.9909,0.9909,0.0,0.0018,0.0073
Sample_Dataset/Reichel/images_with_faces/1556144_836233_image.jpeg,Unknown,0.3267,0.2828,0.2004,0.19,0.3267
Sample_Dataset/Reichel/images_with_faces/1556441_836364_image.jpeg,Neutral,0.7874,0.2049,0.0037,0.0041,0.7874
Sample_Dataset/Reichel/images_with_faces/1559665_839194_image.jpeg,Optimistic,0.4886,0.4886,0.0376,0.054,0.4199
Sample_Dataset/Reichel/images_with_faces/1560389_839551_image.jpeg,Hostile,0.9958,0.0038,0.0,0.9958,0.0004
Sample_Dataset/Reichel/images_with_faces/1560554_839615_image.jpeg,Hostile,0.908,0.0895,0.0,0.908,0.0024
Sample_Dataset/Reichel/images_with_faces/1562113_840086_image.jpeg,Hostile,0.7944,0.0687,0.0691,0.7944,0.0678
Sample_Dataset/Reichel/images_with_faces/1562124_840090_image.jpeg,Neutral,0.5569,0.2032,0.1786,0.0613,0.5569
Sample_Dataset/Reichel/images_with_faces/1562129_840094_image.jpeg,Pessimistic,0.9942,0.0056,0.9942,0.0002,0.0
Sample_Dataset/Reichel/images_with_faces/1562235_840116_image.jpeg,Neutral,0.6189,0.2258,0.0031,0.1523,0.6189
Sample_Dataset/Reichel/images_with_faces/1566054_841866_image.jpeg,Hostile,0.4917,0.2915,0.0045,0.4917,0.2124
Sample_Dataset/Reichel/images_with_faces/1566146_841928_image.jpeg,Hostile,0.8175,0.1203,0.0003,0.8175,0.0619
Sample_Dataset/Reichel/images_with_faces/1566667_842179_image.jpeg,Hostile,0.5566,0.045,0.0065,0.5566,0.3919
Sample_Dataset/Reichel/images_with_faces/1566719_842226_image.jpeg,Optimistic,0.4916,0.4916,0.1618,0.1799,0.1667
Sample_Dataset/Reichel/images_with_faces/1566934_842382_image.jpeg,Optimistic,0.8645,0.8645,0.0003,0.0015,0.1337
Sample_Dataset/Reichel/images_with_faces/1566979_842405_image.jpeg,Hostile,0.9407,0.0374,0.0007,0.9407,0.0211
Sample_Dataset/Reichel/images_with_faces/1567085_842470_image.jpeg,Optimistic,0.9989,0.9989,0.0,0.0003,0.0008
Sample_Dataset/Reichel/images_with_faces/1567099_842477_image.jpeg,Optimistic,0.9607,0.9607,0.0011,0.0371,0.0011
Sample_Dataset/Reichel/images_with_faces/1567100_842478_image.jpeg,Optimistic,0.5904,0.5904,0.0149,0.0223,0.3724
Sample_Dataset/Reichel/images_with_faces/1567154_842521_image.jpeg,Neutral,0.5506,0.2086,0.0703,0.1704,0.5506
Sample_Dataset/Reichel/images_with_faces/1568472_843463_image.jpeg,Neutral,0.8559,0.1324,0.0065,0.0052,0.8559
Sample_Dataset/Reichel/images_with_faces/1570254_844746_image.jpeg,Optimistic,0.8437,0.8437,0.03,0.0235,0.1028
Sample_Dataset/Reichel/images_with_faces/1571272_845213_image.jpeg,Hostile,0.6352,0.1091,0.0326,0.6352,0.2231
Sample_Dataset/Reichel/images_with_faces/1571428_845301_image.jpeg,Hostile,0.9624,0.0293,0.0008,0.9624,0.0075
Sample_Dataset/Reichel/images_with_faces/1571459_845323_image.jpeg,Optimistic,0.9938,0.9938,0.0007,0.0026,0.0028
Sample_Dataset/Reichel/images_with_faces/1571485_845337_image.jpeg,Hostile,0.8421,0.0212,0.1073,0.8421,0.0294
Sample_Dataset/Reichel/images_with_faces/1571531_845358_image.jpeg,Optimistic,0.5748,0.5748,0.0062,0.3281,0.0908
Sample_Dataset/Reichel/images_with_faces/1571625_845445_image.jpeg,Optimistic,0.6389,0.6389,0.0,0.0002,0.3608
Sample_Dataset/Reichel/images_with_faces/1571636_845452_image.jpeg,Neutral,0.5912,0.094,0.0541,0.2607,0.5912
Sample_Dataset/Reichel/images_with_faces/1571764_845566_image.jpeg,Pessimistic,0.8661,0.0511,0.8661,0.003,0.0798
Sample_Dataset/Reichel/images_with_faces/1574808_847671_image.jpeg,Hostile,0.6636,0.0112,0.0478,0.6636,0.2774
Sample_Dataset/Reichel/images_with_faces/1574836_847695_image.jpeg,Neutral,0.4691,0.0217,0.3144,0.1948,0.4691
Sample_Dataset/Reichel/images_with_faces/1574962_847768_image.jpeg,Hostile,0.9965,0.0027,0.0001,0.9965,0.0008
Sample_Dataset/Reichel/images_with_faces/1575153_847902_image.jpeg,Pessimistic,0.924,0.0121,0.924,0.0059,0.058
Sample_Dataset/Reichel/images_with_faces/1575158_847907_image.jpeg,Optimistic,0.9499,0.9499,0.0108,0.0011,0.0383
Sample_Dataset/Reichel/images_with_faces/1575169_847917_image.jpeg,Optimistic,0.9845,0.9845,0.0007,0.0135,0.0012
Sample_Dataset/Reichel/images_with_faces/1575184_847932_image.jpeg,Neutral,0.9709,0.0261,0.0003,0.0028,0.9709
Sample_Dataset/Reichel/images_with_faces/1575186_847934_image.jpeg,Neutral,0.9539,0.0386,0.0032,0.0043,0.9539
Sample_Dataset/Reichel/images_with_faces/1575189_847937_image.jpeg,Neutral,0.8036,0.1931,0.0008,0.0025,0.8036
Sample_Dataset/Reichel/images_with_faces/1575194_847942_image.jpeg,Neutral,0.9514,0.0344,0.0008,0.0134,0.9514
Sample_Dataset/Reichel/images_with_faces/1575220_847959_image.jpeg,Neutral,0.8045,0.1848,0.0059,0.0048,0.8045
Sample_Dataset/Reichel/images_with_faces/1575706_848317_image.jpeg,Optimistic,0.9425,0.9425,0.0002,0.0476,0.0097
Sample_Dataset/Reichel/images_with_faces/1576091_848476_image.jpeg,Optimistic,0.9013,0.9013,0.0008,0.0883,0.0096
Sample_Dataset/Reichel/images_with_faces/1576109_848480_image.jpeg,Optimistic,0.8095,0.8095,0.0008,0.1884,0.0014
Sample_Dataset/Reichel/images_with_faces/1576292_848570_image.jpeg,Hostile,0.895,0.0888,0.0036,0.895,0.0126
Sample_Dataset/Reichel/images_with_faces/1576413_848642_image.jpeg,Pessimistic,0.6717,0.0434,0.6717,0.0632,0.2218
Sample_Dataset/Reichel/images_with_faces/1583399_849495_image.jpeg,Neutral,0.4793,0.4716,0.001,0.0481,0.4793
Sample_Dataset/Reichel/images_with_faces/1583699_849750_image.jpeg,Neutral,0.5662,0.293,0.0361,0.1046,0.5662
Sample_Dataset/Reichel/images_with_faces/1583704_849755_image.jpeg,Pessimistic,0.7719,0.0433,0.7719,0.032,0.1529
Sample_Dataset/Reichel/images_with_faces/1583705_849756_image.jpeg,Optimistic,0.9825,0.9825,0.0009,0.0004,0.0162
Sample_Dataset/Reichel/images_with_faces/1583720_849770_image.jpeg,Neutral,0.611,0.2048,0.0117,0.1725,0.611
Sample_Dataset/Reichel/images_with_faces/1583759_849805_image.jpeg,Neutral,0.826,0.1644,0.0047,0.0048,0.826
Sample_Dataset/Reichel/images_with_faces/1583763_849808_image.jpeg,Neutral,0.5475,0.0719,0.1964,0.1842,0.5475
Sample_Dataset/Reichel/images_with_faces/1583933_849935_image.jpeg,Neutral,0.9605,0.0048,0.0301,0.0045,0.9605
Sample_Dataset/Reichel/images_with_faces/1583950_849947_image.jpeg,Hostile,0.4128,0.2104,0.004,0.4128,0.3727
Sample_Dataset/Reichel/images_with_faces/1583956_849953_image.jpeg,Optimistic,0.5874,0.5874,0.0017,0.2557,0.1552
Sample_Dataset/Reichel/images_with_faces/1584176_850113_image.jpeg,Pessimistic,0.4063,0.027,0.4063,0.2216,0.3451
Sample_Dataset/Reichel/images_with_faces/1584379_850255_image.jpeg,Neutral,0.9236,0.0744,0.0,0.002,0.9236
Sample_Dataset/Reichel/images_with_faces/1584410_850273_image.jpeg,Neutral,0.7522,0.0342,0.1697,0.0439,0.7522
Sample_Dataset/Reichel/images_with_faces/1586552_851626_image.jpeg,Neutral,0.9565,0.0391,0.0038,0.0005,0.9565
Sample_Dataset/Reichel/images_with_faces/1586570_851646_image.jpeg,Neutral,0.5935,0.2986,0.0246,0.0834,0.5935
Sample_Dataset/Reichel/images_with_faces/1586621_851677_image.jpeg,Optimistic,0.9136,0.9136,0.0001,0.0006,0.0858
Sample_Dataset/Reichel/images_with_faces/1586623_851678_image.jpeg,Optimistic,0.5472,0.5472,0.0072,0.0193,0.4263
Sample_Dataset/Reichel/images_with_faces/1586720_851750_image.jpeg,Optimistic,0.9481,0.9481,0.0054,0.0029,0.0437
Sample_Dataset/Reichel/images_with_faces/1586732_851761_image.jpeg,Neutral,0.4854,0.3118,0.0815,0.1213,0.4854
Sample_Dataset/Reichel/images_with_faces/1586752_851776_image.jpeg,Optimistic,0.9196,0.9196,0.0194,0.032,0.029
Sample_Dataset/Reichel/images_with_faces/1587181_852091_image.jpeg,Hostile,0.992,0.0027,0.0012,0.992,0.0041
Sample_Dataset/Reichel/images_with_faces/1587478_852308_image.jpeg,Neutral,0.9439,0.0524,0.0017,0.0021,0.9439
Sample_Dataset/Reichel/images_with_faces/1587482_852313_image.jpeg,Neutral,0.4879,0.0458,0.4624,0.0039,0.4879
Sample_Dataset/Reichel/images_with_faces/1587488_852317_image.jpeg,Neutral,0.5039,0.3463,0.0234,0.1264,0.5039
Sample_Dataset/Reichel/images_with_faces/1587501_852320_image.jpeg,Optimistic,0.6168,0.6168,0.003,0.3785,0.0017
Sample_Dataset/Reichel/images_with_faces/1587541_852356_image.jpeg,Hostile,0.4711,0.2812,0.0032,0.4711,0.2444
Sample_Dataset/Reichel/images_with_faces/1587543_852358_image.jpeg,Optimistic,0.7439,0.7439,0.0605,0.0037,0.1919
Sample_Dataset/Reichel/images_with_faces/1587582_852393_image.jpeg,Optimistic,0.4856,0.4856,0.0665,0.2305,0.2174
Sample_Dataset/Reichel/images_with_faces/1587591_852401_image.jpeg,Optimistic,0.7613,0.7613,0.0791,0.0307,0.1289
Sample_Dataset/Reichel/images_with_faces/1587595_852406_image.jpeg,Optimistic,0.9963,0.9963,0.0001,0.0035,0.0001
Sample_Dataset/Reichel/images_with_faces/1587630_852432_image.jpeg,Neutral,0.7603,0.1457,0.092,0.002,0.7603
Sample_Dataset/Reichel/images_with_faces/1594133_858277_image.jpeg,Hostile,0.8903,0.0992,0.0051,0.8903,0.0054
Sample_Dataset/Reichel/images_with_faces/1594159_858298_image.jpeg,Hostile,0.9976,0.0021,0.0001,0.9976,0.0002
Sample_Dataset/Reichel/images_with_faces/1595000_858727_image.jpeg,Neutral,0.8198,0.1411,0.0075,0.0316,0.8198
Sample_Dataset/Reichel/images_with_faces/1595091_858781_image.jpeg,Pessimistic,0.7623,0.1233,0.7623,0.0818,0.0326
Sample_Dataset/Reichel/images_with_faces/1595094_858784_image.jpeg,Hostile,0.7176,0.1071,0.0245,0.7176,0.1509
Sample_Dataset/Reichel/images_with_faces/1595216_858886_image.jpeg,Unknown,0.3959,0.3959,0.1998,0.1616,0.2427
Sample_Dataset/Reichel/images_with_faces/1595270_858924_image.jpeg,Neutral,0.761,0.0526,0.1407,0.0457,0.761
Sample_Dataset/Reichel/images_with_faces/1595340_858973_image.jpeg,Hostile,0.9776,0.0028,0.0063,0.9776,0.0133
Sample_Dataset/Reichel/images_with_faces/1595425_859010_image.jpeg,Hostile,0.9676,0.02,0.0028,0.9676,0.0096
Sample_Dataset/Reichel/images_with_faces/1595440_859017_image.jpeg,Hostile,0.8464,0.1088,0.001,0.8464,0.0437
Sample_Dataset/Reichel/images_with_faces/1595441_859018_image.jpeg,Hostile,0.8869,0.1058,0.0023,0.8869,0.0051
Sample_Dataset/Reichel/images_with_faces/1595571_859100_image.jpeg,Optimistic,0.9607,0.9607,0.0104,0.0189,0.01
Sample_Dataset/Reichel/images_with_faces/1595576_859103_image.jpeg,Optimistic,0.4435,0.4435,0.3425,0.012,0.202
Sample_Dataset/Reichel/images_with_faces/1595583_859109_image.jpeg,Optimistic,0.7036,0.7036,0.006,0.209,0.0814
Sample_Dataset/Reichel/images_with_faces/1599631_862164_image.jpeg,Hostile,0.8881,0.0604,0.0077,0.8881,0.0438
Sample_Dataset/Reichel/images_with_faces/1599658_862188_image.jpeg,Neutral,0.8624,0.0604,0.001,0.0762,0.8624
Sample_Dataset/Reichel/images_with_faces/1600039_862415_image.jpeg,Optimistic,0.8606,0.8606,0.0083,0.1099,0.0211
Sample_Dataset/Reichel/images_with_faces/1600186_862440_image.jpeg,Hostile,0.6273,0.1167,0.1561,0.6273,0.0999
Sample_Dataset/Reichel/images_with_faces/1601109_863142_image.jpeg,Optimistic,0.9714,0.9714,0.0001,0.0089,0.0196
Sample_Dataset/Reichel/images_with_faces/1601176_863180_image.jpeg,Neutral,0.9465,0.0081,0.0423,0.0031,0.9465
Sample_Dataset/Reichel/images_with_faces/1601190_863194_image.jpeg,Hostile,0.7829,0.2076,0.0049,0.7829,0.0046
Sample_Dataset/Reichel/images_with_faces/1601196_863199_image.jpeg,Hostile,0.9941,0.0058,0.0,0.9941,0.0001
Sample_Dataset/Reichel/images_with_faces/1601202_863202_image.jpeg,Pessimistic,0.5505,0.2014,0.5505,0.0828,0.1652
Sample_Dataset/Reichel/images_with_faces/1601238_863219_image.jpeg,Hostile,0.9705,0.0085,0.002,0.9705,0.019
Sample_Dataset/Reichel/images_with_faces/1601312_863257_image.jpeg,Neutral,0.9069,0.0279,0.0314,0.0338,0.9069
Sample_Dataset/Reichel/images_with_faces/1601338_863263_image.jpeg,Hostile,0.8737,0.1241,0.0001,0.8737,0.0021
Sample_Dataset/Reichel/images_with_faces/1601346_863265_image.jpeg,Neutral,0.5811,0.0304,0.3876,0.001,0.5811
Sample_Dataset/Reichel/images_with_faces/1602727_864320_image.jpeg,Neutral,0.9952,0.0043,0.0001,0.0004,0.9952
Sample_Dataset/Reichel/images_with_faces/1602808_864372_image.jpeg,Optimistic,0.427,0.427,0.0026,0.1996,0.3708
Sample_Dataset/Reichel/images_with_faces/1602809_864373_image.jpeg,Hostile,0.9181,0.0398,0.0051,0.9181,0.037
Sample_Dataset/Reichel/images_with_faces/1602847_864398_image.jpeg,Optimistic,0.5163,0.5163,0.0339,0.0502,0.3996
Sample_Dataset/Reichel/images_with_faces/1602880_864413_image.jpeg,Hostile,0.9764,0.0092,0.0028,0.9764,0.0116
Sample_Dataset/Reichel/images_with_faces/1602935_864453_image.jpeg,Neutral,0.883,0.018,0.0876,0.0114,0.883
Sample_Dataset/Reichel/images_with_faces/1602936_864454_image.jpeg,Optimistic,0.7496,0.7496,0.0023,0.0853,0.1629
Sample_Dataset/Reichel/images_with_faces/1605051_865905_image.jpeg,Neutral,0.5989,0.1378,0.1311,0.1322,0.5989
Sample_Dataset/Reichel/images_with_faces/1606470_866956_image.jpeg,Neutral,0.7016,0.297,0.0,0.0014,0.7016
Sample_Dataset/Reichel/images_with_faces/1606555_867002_image.jpeg,Hostile,0.5343,0.4153,0.0299,0.5343,0.0205
Sample_Dataset/Reichel/images_with_faces/1606585_867025_image.jpeg,Optimistic,0.9479,0.9479,0.0001,0.0017,0.0503
Sample_Dataset/Reichel/images_with_faces/1606586_867026_image.jpeg,Hostile,0.7035,0.1478,0.0461,0.7035,0.1025
Sample_Dataset/Reichel/images_with_faces/1606587_867027_image.jpeg,Optimistic,0.995,0.995,0.0006,0.0031,0.0013
Sample_Dataset/Reichel/images_with_faces/1606610_867041_image.jpeg,Optimistic,0.6919,0.6919,0.1429,0.002,0.1632
Sample_Dataset/Reichel/images_with_faces/1606611_867042_image.jpeg,Neutral,0.7223,0.0819,0.1912,0.0046,0.7223
Sample_Dataset/Reichel/images_with_faces/1609366_869395_image.jpeg,Neutral,0.5886,0.195,0.0889,0.1275,0.5886
Sample_Dataset/Reichel/images_with_faces/1609380_869406_image.jpeg,Hostile,0.8168,0.0107,0.052,0.8168,0.1206
Sample_Dataset/Reichel/images_with_faces/1609641_869654_image.jpeg,Pessimistic,0.4852,0.0879,0.4852,0.0475,0.3793
Sample_Dataset/Reichel/images_with_faces/1612303_871567_image.jpeg,Hostile,0.9929,0.0069,0.0,0.9929,0.0001
Sample_Dataset/Reichel/images_with_faces/1612425_871638_image.jpeg,Pessimistic,0.8509,0.0513,0.8509,0.0689,0.0289
Sample_Dataset/Reichel/images_with_faces/1612553_871711_image.jpeg,Pessimistic,0.5032,0.1316,0.5032,0.1787,0.1864
Sample_Dataset/Reichel/images_with_faces/1612601_871744_image.jpeg,Pessimistic,0.4442,0.0541,0.4442,0.2062,0.2955
Sample_Dataset/Reichel/images_with_faces/1612626_871761_image.jpeg,Neutral,0.5567,0.391,0.0372,0.015,0.5567
Sample_Dataset/Reichel/images_with_faces/1615018_873532_image.jpeg,Neutral,0.7983,0.1488,0.0524,0.0005,0.7983
Sample_Dataset/Reichel/images_with_faces/1615050_873563_image.jpeg,Optimistic,0.5162,0.5162,0.0074,0.0889,0.3876
Sample_Dataset/Reichel/images_with_faces/1615163_873666_image.jpeg,Hostile,0.548,0.2236,0.0226,0.548,0.2057
Sample_Dataset/Reichel/images_with_faces/1615191_873682_image.jpeg,Optimistic,0.4784,0.4784,0.0386,0.316,0.167
Sample_Dataset/Reichel/images_with_faces/1615298_873744_image.jpeg,Neutral,0.6921,0.3034,0.0012,0.0033,0.6921
Sample_Dataset/Reichel/images_with_faces/1615304_873746_image.jpeg,Optimistic,0.9977,0.9977,0.0018,0.0,0.0005
Sample_Dataset/Reichel/images_with_faces/1615314_873756_image.jpeg,Optimistic,0.9789,0.9789,0.0003,0.0155,0.0053
Sample_Dataset/Reichel/images_with_faces/1615365_873794_image.jpeg,Hostile,0.9191,0.0586,0.0033,0.9191,0.0189
Sample_Dataset/Reichel/images_with_faces/1615369_873797_image.jpeg,Hostile,0.9912,0.0075,0.0001,0.9912,0.0012
Sample_Dataset/Reichel/images_with_faces/1619043_876490_image.jpeg,Neutral,0.9613,0.0385,0.0,0.0001,0.9613
Sample_Dataset/Reichel/images_with_faces/1619116_876532_image.jpeg,Hostile,0.9977,0.0017,0.0001,0.9977,0.0005
Sample_Dataset/Reichel/images_with_faces/1619122_876538_image.jpeg,Neutral,0.9018,0.0283,0.0485,0.0214,0.9018
Sample_Dataset/Reichel/images_with_faces/1619132_876545_image.jpeg,Hostile,0.9424,0.0437,0.0009,0.9424,0.0129
Sample_Dataset/Reichel/images_with_faces/1619133_876546_image.jpeg,Pessimistic,0.8485,0.0045,0.8485,0.136,0.0109
Sample_Dataset/Reichel/images_with_faces/1619235_876614_image.jpeg,Pessimistic,0.5238,0.2738,0.5238,0.0898,0.1127
Sample_Dataset/Reichel/images_with_faces/1619293_876643_image.jpeg,Hostile,0.8618,0.1347,0.0028,0.8618,0.0008
Sample_Dataset/Reichel/images_with_faces/1619294_876644_image.jpeg,Hostile,0.7404,0.2457,0.0048,0.7404,0.0092
Sample_Dataset/Reichel/images_with_faces/1619297_876645_image.jpeg,Optimistic,0.8555,0.8555,0.0196,0.1152,0.0098
Sample_Dataset/Reichel/images_with_faces/1619299_876646_image.jpeg,Hostile,0.9571,0.0411,0.0001,0.9571,0.0018
Sample_Dataset/Reichel/images_with_faces/1619361_876675_image.jpeg,Optimistic,0.8502,0.8502,0.0204,0.0003,0.1292
Sample_Dataset/Reichel/images_with_faces/1619364_876676_image.jpeg,Neutral,0.8071,0.1458,0.0084,0.0386,0.8071
Sample_Dataset/Reichel/images_with_faces/1626918_878074_image.jpeg,Pessimistic,0.987,0.0,0.987,0.0126,0.0004
Sample_Dataset/Reichel/images_with_faces/1627509_878536_image.jpeg,Neutral,0.6188,0.3494,0.0052,0.0266,0.6188
Sample_Dataset/Reichel/images_with_faces/1627735_878666_image.jpeg,Unknown,0.3478,0.2851,0.3478,0.2439,0.1232
Sample_Dataset/Reichel/images_with_faces/1627745_878672_image.jpeg,Optimistic,0.5318,0.5318,0.2804,0.0101,0.1776
Sample_Dataset/Reichel/images_with_faces/1630032_880259_image.jpeg,Hostile,0.9983,0.0012,0.0,0.9983,0.0005
Sample_Dataset/Reichel/images_with_faces/1630580_880613_image.jpeg,Neutral,0.6501,0.2466,0.0372,0.0661,0.6501
Sample_Dataset/Reichel/images_with_faces/1630587_880620_image.jpeg,Optimistic,0.9832,0.9832,0.0001,0.0061,0.0106
Sample_Dataset/Reichel/images_with_faces/1630601_880627_image.jpeg,Neutral,0.8994,0.0431,0.0073,0.0502,0.8994
Sample_Dataset/Reichel/images_with_faces/1630607_880631_image.jpeg,Pessimistic,0.7718,0.053,0.7718,0.0423,0.1329
Sample_Dataset/Reichel/images_with_faces/1630642_880661_image.jpeg,Hostile,0.5193,0.0102,0.0028,0.5193,0.4677
Sample_Dataset/Reichel/images_with_faces/1630693_880704_image.jpeg,Neutral,0.9034,0.0268,0.0652,0.0046,0.9034
Sample_Dataset/Reichel/images_with_faces/1630786_880752_image.jpeg,Hostile,0.6716,0.3158,0.0007,0.6716,0.0119
Sample_Dataset/Reichel/images_with_faces/1630791_880756_image.jpeg,Hostile,0.5908,0.3646,0.0014,0.5908,0.0432
Sample_Dataset/Reichel/images_with_faces/1630877_880803_image.jpeg,Neutral,0.5442,0.2685,0.0228,0.1644,0.5442
Sample_Dataset/Reichel/images_with_faces/1630896_880815_image.jpeg,Optimistic,0.8875,0.8875,0.0009,0.0015,0.1101
Sample_Dataset/Reichel/images_with_faces/1633875_883540_image.jpeg,Unknown,0.3603,0.0836,0.3603,0.2834,0.2726
Sample_Dataset/Reichel/images_with_faces/1634420_883948_image.jpeg,Neutral,0.6912,0.1643,0.0177,0.1269,0.6912
Sample_Dataset/Reichel/images_with_faces/1634421_883949_image.jpeg,Pessimistic,0.9974,0.0002,0.9974,0.002,0.0003
Sample_Dataset/Reichel/images_with_faces/1634437_883958_image.jpeg,Optimistic,0.521,0.521,0.0296,0.0343,0.4151
Sample_Dataset/Reichel/images_with_faces/1634446_883961_image.jpeg,Hostile,0.6235,0.0965,0.0882,0.6235,0.1918
Sample_Dataset/Reichel/images_with_faces/1634468_883976_image.jpeg,Hostile,0.6123,0.0158,0.0728,0.6123,0.2991
Sample_Dataset/Reichel/images_with_faces/1634495_883999_image.jpeg,Hostile,0.9939,0.0027,0.0006,0.9939,0.0028
Sample_Dataset/Reichel/images_with_faces/1634569_884040_image.jpeg,Optimistic,0.8178,0.8178,0.174,0.0005,0.0078
Sample_Dataset/Reichel/images_with_faces/1636581_885073_image.jpeg,Unknown,0.3505,0.2844,0.0201,0.345,0.3505
Sample_Dataset/Reichel/images_with_faces/1636587_885079_image.jpeg,Optimistic,0.9832,0.9832,0.0004,0.0164,0.0
Sample_Dataset/Reichel/images_with_faces/1636613_885096_image.jpeg,Hostile,0.7528,0.1922,0.0059,0.7528,0.0491
Sample_Dataset/Reichel/images_with_faces/1636658_885129_image.jpeg,Neutral,0.4747,0.3298,0.0005,0.195,0.4747
Sample_Dataset/Reichel/images_with_faces/1636685_885143_image.jpeg,Optimistic,0.8681,0.8681,0.0014,0.0555,0.0751
Sample_Dataset/Reichel/images_with_faces/1636687_885144_image.jpeg,Optimistic,0.5574,0.5574,0.0484,0.0204,0.3738
Sample_Dataset/Reichel/images_with_faces/1637145_885506_image.jpeg,Neutral,0.757,0.1697,0.0006,0.0727,0.757
Sample_Dataset/Reichel/images_with_faces/1637173_885524_image.jpeg,Neutral,0.54,0.0829,0.3549,0.0221,0.54
Sample_Dataset/Reichel/images_with_faces/184232_93731_image.jpeg,Neutral,0.9697,0.0302,0.0,0.0001,0.9697
Sample_Dataset/Reichel/images_with_faces/184914_94362_image.jpeg,Optimistic,0.649,0.649,0.0036,0.051,0.2964
Sample_Dataset/Reichel/images_with_faces/184915_94363_image.jpeg,Neutral,0.7444,0.1279,0.0077,0.12,0.7444
Sample_Dataset/Reichel/images_with_faces/184917_94365_image.jpeg,Optimistic,0.9977,0.9977,0.0,0.0006,0.0017
Sample_Dataset/Reichel/images_with_faces/184918_94366_image.jpeg,Hostile,0.8191,0.1789,0.0002,0.8191,0.0018
Sample_Dataset/Reichel/images_with_faces/184919_94367_image.jpeg,Hostile,0.8158,0.1216,0.0165,0.8158,0.0461
Sample_Dataset/Reichel/images_with_faces/184958_94404_image.jpeg,Pessimistic,0.9786,0.0072,0.9786,0.0092,0.0049
Sample_Dataset/Reichel/images_with_faces/184959_94405_image.jpeg,Hostile,0.807,0.1209,0.0353,0.807,0.0367
Sample_Dataset/Reichel/images_with_faces/184963_94408_image.jpeg,Hostile,0.9185,0.0782,0.0022,0.9185,0.0011
Sample_Dataset/Reichel/images_with_faces/185976_95298_image.jpeg,Neutral,0.939,0.0568,0.002,0.0022,0.939
Sample_Dataset/Reichel/images_with_faces/185990_95311_image.jpeg,Optimistic,0.9119,0.9119,0.0007,0.0066,0.0808
Sample_Dataset/Reichel/images_with_faces/185995_95315_image.jpeg,Optimistic,0.9998,0.9998,0.0001,0.0001,0.0
Sample_Dataset/Reichel/images_with_faces/186089_95393_image.jpeg,Optimistic,0.7437,0.7437,0.0008,0.0478,0.2078
Sample_Dataset/Reichel/images_with_faces/186090_95394_image.jpeg,Neutral,0.7461,0.2441,0.0089,0.001,0.7461
Sample_Dataset/Reichel/images_with_faces/186091_95395_image.jpeg,Neutral,0.638,0.1307,0.0036,0.2277,0.638
Sample_Dataset/Reichel/images_with_faces/186096_95398_image.jpeg,Neutral,0.9652,0.0277,0.0039,0.0031,0.9652
Sample_Dataset/Reichel/images_with_faces/186108_95406_image.jpeg,Neutral,0.4593,0.2384,0.0436,0.2587,0.4593
Sample_Dataset/Reichel/images_with_faces/188306_97548_image.jpeg,Neutral,0.7091,0.0995,0.1201,0.0713,0.7091
Sample_Dataset/Reichel/images_with_faces/188315_97557_image.jpeg,Hostile,0.7585,0.0588,0.0146,0.7585,0.1681
Sample_Dataset/Reichel/images_with_faces/188324_97566_image.jpeg,Optimistic,0.9938,0.9938,0.0,0.0061,0.0001
Sample_Dataset/Reichel/images_with_faces/188345_97582_image.jpeg,Optimistic,0.9997,0.9997,0.0001,0.0,0.0002
Sample_Dataset/Reichel/images_with_faces/188399_97633_image.jpeg,Hostile,0.5225,0.0876,0.03,0.5225,0.3599
Sample_Dataset/Reichel/images_with_faces/188537_97733_image.jpeg,Neutral,0.8062,0.1252,0.0599,0.0087,0.8062
Sample_Dataset/Reichel/images_with_faces/190759_99709_image.jpeg,Pessimistic,0.9567,0.0205,0.9567,0.0043,0.0185
Sample_Dataset/Reichel/images_with_faces/190761_99711_image.jpeg,Hostile,0.7132,0.0064,0.0078,0.7132,0.2726
Sample_Dataset/Reichel/images_with_faces/190768_99718_image.jpeg,Unknown,0.3175,0.2508,0.1359,0.2959,0.3175
Sample_Dataset/Reichel/images_with_faces/190825_99759_image.jpeg,Optimistic,0.7233,0.7233,0.0502,0.0236,0.2029
Sample_Dataset/Reichel/images_with_faces/190830_99761_image.jpeg,Hostile,0.5328,0.3539,0.0393,0.5328,0.0741
Sample_Dataset/Reichel/images_with_faces/190889_99803_image.jpeg,Hostile,0.9544,0.0069,0.0139,0.9544,0.0248
Sample_Dataset/Reichel/images_with_faces/191094_99916_image.jpeg,Optimistic,0.6029,0.6029,0.0077,0.0579,0.3315
Sample_Dataset/Reichel/images_with_faces/191158_99959_image.jpeg,Pessimistic,0.5357,0.0192,0.5357,0.0569,0.3883
Sample_Dataset/Reichel/images_with_faces/191196_99979_image.jpeg,Hostile,0.9716,0.0247,0.0023,0.9716,0.0014
Sample_Dataset/Reichel/images_with_faces/191218_99991_image.jpeg,Hostile,0.4893,0.4735,0.0004,0.4893,0.0368
Sample_Dataset/Reichel/images_with_faces/191220_99992_image.jpeg,Optimistic,0.6718,0.6718,0.0004,0.0547,0.2731
Sample_Dataset/Reichel/images_with_faces/191270_100013_image.jpeg,Optimistic,0.9717,0.9717,0.0022,0.0142,0.0119
Sample_Dataset/Reichel/images_with_faces/191271_100014_image.jpeg,Optimistic,0.9937,0.9937,0.0002,0.0,0.0061
Sample_Dataset/Reichel/images_with_faces/194662_102430_image.jpeg,Hostile,0.9248,0.0143,0.0192,0.9248,0.0416
Sample_Dataset/Reichel/images_with_faces/194691_102464_image.jpeg,Optimistic,0.9652,0.9652,0.0014,0.0046,0.0288
Sample_Dataset/Reichel/images_with_faces/194735_102510_image.jpeg,Optimistic,0.9585,0.9585,0.0004,0.0241,0.017
Sample_Dataset/Reichel/images_with_faces/194783_102552_image.jpeg,Neutral,0.4466,0.322,0.1496,0.0818,0.4466
Sample_Dataset/Reichel/images_with_faces/194914_102688_image.jpeg,Optimistic,0.519,0.519,0.0645,0.1463,0.2701
Sample_Dataset/Reichel/images_with_faces/194916_102690_image.jpeg,Hostile,0.9881,0.0065,0.0001,0.9881,0.0052
Sample_Dataset/Reichel/images_with_faces/194918_102691_image.jpeg,Hostile,0.8939,0.1012,0.0,0.8939,0.0049
Sample_Dataset/Reichel/images_with_faces/194926_102699_image.jpeg,Pessimistic,0.7199,0.1797,0.7199,0.0836,0.0168
Sample_Dataset/Reichel/images_with_faces/194927_102700_image.jpeg,Optimistic,0.9679,0.9679,0.002,0.0102,0.02
Sample_Dataset/Reichel/images_with_faces/194932_102702_image.jpeg,Optimistic,0.9943,0.9943,0.0004,0.0017,0.0036
Sample_Dataset/Reichel/images_with_faces/194937_102709_image.jpeg,Optimistic,0.7292,0.7292,0.0087,0.0051,0.2569
Sample_Dataset/Reichel/images_with_faces/194939_102711_image.jpeg,Optimistic,0.817,0.817,0.0086,0.0951,0.0793
Sample_Dataset/Reichel/images_with_faces/194941_102713_image.jpeg,Neutral,0.5978,0.35,0.0017,0.0504,0.5978
Sample_Dataset/Reichel/images_with_faces/194944_102716_image.jpeg,Optimistic,0.8143,0.8143,0.0061,0.0058,0.1739
Sample_Dataset/Reichel/images_with_faces/194946_102718_image.jpeg,Neutral,0.6864,0.2366,0.0106,0.0665,0.6864
Sample_Dataset/Reichel/images_with_faces/194949_102720_image.jpeg,Neutral,0.5654,0.2824,0.0064,0.1459,0.5654
Sample_Dataset/Reichel/images_with_faces/194951_102722_image.jpeg,Optimistic,0.7079,0.7079,0.0046,0.1001,0.1875
Sample_Dataset/Reichel/images_with_faces/194953_102724_image.jpeg,Optimistic,0.4849,0.4849,0.0013,0.2593,0.2545
Sample_Dataset/Reichel/images_with_faces/194956_102727_image.jpeg,Neutral,0.707,0.1936,0.0027,0.0967,0.707
Sample_Dataset/Reichel/images_with_faces/195254_102976_image.jpeg,Optimistic,0.9858,0.9858,0.0056,0.0052,0.0034
Sample_Dataset/Reichel/images_with_faces/195384_103091_image.jpeg,Unknown,0.3921,0.3021,0.1833,0.1226,0.3921
Sample_Dataset/Reichel/images_with_faces/195653_103348_image.jpeg,Neutral,0.4091,0.4032,0.0726,0.1151,0.4091
Sample_Dataset/Reichel/images_with_faces/195814_103495_image.jpeg,Pessimistic,0.662,0.0781,0.662,0.049,0.2109
Sample_Dataset/Reichel/images_with_faces/199118_106511_image.jpeg,Optimistic,0.9845,0.9845,0.0002,0.0078,0.0075
Sample_Dataset/Reichel/images_with_faces/199169_106561_image.jpeg,Hostile,0.8811,0.0045,0.0001,0.8811,0.1142
Sample_Dataset/Reichel/images_with_faces/200591_107522_image.jpeg,Neutral,0.4864,0.2078,0.2227,0.0831,0.4864
Sample_Dataset/Reichel/images_with_faces/200655_107584_image.jpeg,Hostile,0.9953,0.0022,0.0006,0.9953,0.0019
Sample_Dataset/Reichel/images_with_faces/200675_107602_image.jpeg,Hostile,0.8763,0.0417,0.0054,0.8763,0.0765
Sample_Dataset/Reichel/images_with_faces/200737_107646_image.jpeg,Optimistic,0.5037,0.5037,0.041,0.0019,0.4533
Sample_Dataset/Reichel/images_with_faces/200810_107697_image.jpeg,Optimistic,0.7998,0.7998,0.004,0.1783,0.018
Sample_Dataset/Reichel/images_with_faces/200854_107738_image.jpeg,Hostile,0.9029,0.023,0.0229,0.9029,0.0512
Sample_Dataset/Reichel/images_with_faces/200912_107761_image.jpeg,Hostile,0.6577,0.2956,0.0002,0.6577,0.0465
Sample_Dataset/Reichel/images_with_faces/201014_107834_image.jpeg,Unknown,0.3797,0.3797,0.2647,0.2855,0.0701
Sample_Dataset/Reichel/images_with_faces/201220_107968_image.jpeg,Hostile,0.4421,0.3408,0.0007,0.4421,0.2163
Sample_Dataset/Reichel/images_with_faces/201247_107985_image.jpeg,Neutral,0.9365,0.0334,0.0037,0.0264,0.9365
Sample_Dataset/Reichel/images_with_faces/201263_107990_image.jpeg,Neutral,0.6659,0.0107,0.253,0.0704,0.6659
Sample_Dataset/Reichel/images_with_faces/201280_108014_image.jpeg,Optimistic,0.7038,0.7038,0.0089,0.0322,0.2551
Sample_Dataset/Reichel/images_with_faces/201328_108072_image.jpeg,Optimistic,0.8763,0.8763,0.0024,0.0024,0.1189
Sample_Dataset/Reichel/images_with_faces/229092_111063_image.jpeg,Hostile,0.9954,0.0016,0.0006,0.9954,0.0024
Sample_Dataset/Reichel/images_with_faces/229094_111065_image.jpeg,Unknown,0.3549,0.3031,0.3077,0.0343,0.3549
Sample_Dataset/Reichel/images_with_faces/229110_111082_image.jpeg,Optimistic,0.9578,0.9578,0.0004,0.0024,0.0395
Sample_Dataset/Reichel/images_with_faces/229120_111092_image.jpeg,Neutral,0.8579,0.0373,0.0995,0.0053,0.8579
Sample_Dataset/Reichel/images_with_faces/229203_111175_image.jpeg,Neutral,0.4772,0.0142,0.3701,0.1385,0.4772
Sample_Dataset/Reichel/images_with_faces/229207_111179_image.jpeg,Neutral,0.8183,0.1438,0.0314,0.0064,0.8183
Sample_Dataset/Reichel/images_with_faces/229220_111181_image.jpeg,Optimistic,0.8708,0.8708,0.0621,0.0028,0.0643
Sample_Dataset/Reichel/images_with_faces/229337_111288_image.jpeg,Unknown,0.2913,0.2913,0.27,0.1791,0.2596
Sample_Dataset/Reichel/images_with_faces/229340_111290_image.jpeg,Neutral,0.9202,0.0591,0.0015,0.0192,0.9202
Sample_Dataset/Reichel/images_with_faces/229390_111326_image.jpeg,Hostile,0.9973,0.0024,0.0001,0.9973,0.0001
Sample_Dataset/Reichel/images_with_faces/229447_111381_image.jpeg,Neutral,0.5054,0.1769,0.1614,0.1562,0.5054
Sample_Dataset/Reichel/images_with_faces/229448_111382_image.jpeg,Hostile,0.9944,0.0037,0.001,0.9944,0.0009
Sample_Dataset/Reichel/images_with_faces/229449_111383_image.jpeg,Hostile,0.9494,0.0351,0.0044,0.9494,0.011
Sample_Dataset/Reichel/images_with_faces/229451_111385_image.jpeg,Optimistic,0.9856,0.9856,0.0001,0.0116,0.0027
Sample_Dataset/Reichel/images_with_faces/229559_111468_image.jpeg,Optimistic,0.5791,0.5791,0.0005,0.0046,0.4158
Sample_Dataset/Reichel/images_with_faces/229569_111469_image.jpeg,Hostile,0.9708,0.013,0.0015,0.9708,0.0148
Sample_Dataset/Reichel/images_with_faces/229576_111472_image.jpeg,Unknown,0.3887,0.0342,0.3887,0.2782,0.2989
Sample_Dataset/Reichel/images_with_faces/229590_111484_image.jpeg,Hostile,0.6262,0.015,0.1681,0.6262,0.1907
Sample_Dataset/Reichel/images_with_faces/229669_111563_image.jpeg,Hostile,0.7156,0.0681,0.0188,0.7156,0.1974
Sample_Dataset/Reichel/images_with_faces/233233_114774_image.jpeg,Pessimistic,0.5258,0.01,0.5258,0.1046,0.3596
Sample_Dataset/Reichel/images_with_faces/234094_115317_image.jpeg,Hostile,0.722,0.1055,0.0101,0.722,0.1625
Sample_Dataset/Reichel/images_with_faces/234146_115358_image.jpeg,Hostile,0.9664,0.0014,0.0019,0.9664,0.0303
Sample_Dataset/Reichel/images_with_faces/234219_115414_image.jpeg,Neutral,0.4814,0.076,0.0075,0.4351,0.4814
Sample_Dataset/Reichel/images_with_faces/234292_115465_image.jpeg,Neutral,0.4378,0.4154,0.0801,0.0668,0.4378
Sample_Dataset/Reichel/images_with_faces/234389_115555_image.jpeg,Hostile,0.5633,0.0246,0.1849,0.5633,0.2272
Sample_Dataset/Reichel/images_with_faces/234413_115573_image.jpeg,Hostile,0.9284,0.0031,0.0433,0.9284,0.0253
Sample_Dataset/Reichel/images_with_faces/234415_115576_image.jpeg,Optimistic,0.9783,0.9783,0.0001,0.001,0.0205
Sample_Dataset/Reichel/images_with_faces/234597_115710_image.jpeg,Pessimistic,0.9675,0.0,0.9675,0.0289,0.0036
Sample_Dataset/Reichel/images_with_faces/234612_115718_image.jpeg,Neutral,0.5034,0.4722,0.0226,0.0018,0.5034
Sample_Dataset/Reichel/images_with_faces/234625_115726_image.jpeg,Optimistic,0.4499,0.4499,0.3436,0.0246,0.1819
Sample_Dataset/Reichel/images_with_faces/234672_115756_image.jpeg,Hostile,0.9029,0.023,0.0229,0.9029,0.0512
Sample_Dataset/Reichel/images_with_faces/234676_115759_image.jpeg,Neutral,0.955,0.0279,0.0011,0.0161,0.955
Sample_Dataset/Reichel/images_with_faces/234878_115856_image.jpeg,Neutral,0.554,0.1502,0.0072,0.2885,0.554
Sample_Dataset/Reichel/images_with_faces/235100_115973_image.jpeg,Pessimistic,0.566,0.0663,0.566,0.1537,0.214
Sample_Dataset/Reichel/images_with_faces/235102_115974_image.jpeg,Optimistic,0.6321,0.6321,0.0082,0.0106,0.3491
Sample_Dataset/Reichel/images_with_faces/235132_115990_image.jpeg,Pessimistic,0.8115,0.0402,0.8115,0.1466,0.0018
Sample_Dataset/Reichel/images_with_faces/235204_116049_image.jpeg,Neutral,0.764,0.2194,0.0003,0.0163,0.764
Sample_Dataset/Reichel/images_with_faces/235263_116092_image.jpeg,Optimistic,0.8188,0.8188,0.0304,0.0008,0.1499
Sample_Dataset/Reichel/images_with_faces/235304_116111_image.jpeg,Neutral,0.9789,0.0011,0.0126,0.0074,0.9789
Sample_Dataset/Reichel/images_with_faces/235325_116133_image.jpeg,Unknown,0.3735,0.3116,0.3735,0.0139,0.3011
Sample_Dataset/Reichel/images_with_faces/235335_116146_image.jpeg,Optimistic,0.8036,0.8036,0.0304,0.0118,0.1541
Sample_Dataset/Reichel/images_with_faces/239173_119973_image.jpeg,Unknown,0.3814,0.3272,0.0179,0.2735,0.3814
Sample_Dataset/Reichel/images_with_faces/239673_120394_image.jpeg,Pessimistic,0.822,0.002,0.822,0.1578,0.0181
Sample_Dataset/Reichel/images_with_faces/239674_120396_image.jpeg,Hostile,0.9661,0.0091,0.0008,0.9661,0.0239
Sample_Dataset/Reichel/images_with_faces/239676_120398_image.jpeg,Neutral,0.8808,0.1105,0.0041,0.0046,0.8808
Sample_Dataset/Reichel/images_with_faces/239679_120401_image.jpeg,Neutral,0.9987,0.001,0.0,0.0002,0.9987
Sample_Dataset/Reichel/images_with_faces/239745_120463_image.jpeg,Optimistic,0.9974,0.9974,0.0,0.0013,0.0013
Sample_Dataset/Reichel/images_with_faces/239750_120468_image.jpeg,Hostile,0.4915,0.0902,0.1754,0.4915,0.2429
Sample_Dataset/Reichel/images_with_faces/239755_120473_image.jpeg,Hostile,0.6606,0.0702,0.003,0.6606,0.2662
Sample_Dataset/Reichel/images_with_faces/239789_120508_image.jpeg,Neutral,0.4614,0.2522,0.1825,0.1039,0.4614
Sample_Dataset/Reichel/images_with_faces/239829_120531_image.jpeg,Pessimistic,0.6288,0.0695,0.6288,0.2442,0.0575
Sample_Dataset/Reichel/images_with_faces/239854_120553_image.jpeg,Neutral,0.8123,0.0913,0.0419,0.0545,0.8123
Sample_Dataset/Reichel/images_with_faces/239863_120559_image.jpeg,Optimistic,0.8189,0.8189,0.0038,0.1255,0.0518
Sample_Dataset/Reichel/images_with_faces/239881_120574_image.jpeg,Hostile,0.9967,0.0007,0.0013,0.9967,0.0013
Sample_Dataset/Reichel/images_with_faces/239962_120624_image.jpeg,Hostile,0.9862,0.0009,0.0114,0.9862,0.0014
Sample_Dataset/Reichel/images_with_faces/240030_120679_image.jpeg,Neutral,0.8036,0.1005,0.0176,0.0783,0.8036
Sample_Dataset/Reichel/images_with_faces/240129_120737_image.jpeg,Neutral,0.9636,0.0078,0.0257,0.0029,0.9636
Sample_Dataset/Reichel/images_with_faces/240145_120757_image.jpeg,Optimistic,0.9533,0.9533,0.0129,0.0135,0.0203
Sample_Dataset/Reichel/images_with_faces/243545_123660_image.jpeg,Optimistic,0.6065,0.6065,0.1076,0.0638,0.2222
Sample_Dataset/Reichel/images_with_faces/243570_123690_image.jpeg,Neutral,0.7996,0.1445,0.0013,0.0546,0.7996
Sample_Dataset/Reichel/images_with_faces/243585_123703_image.jpeg,Neutral,0.947,0.0471,0.0001,0.0058,0.947
Sample_Dataset/Reichel/images_with_faces/243586_123704_image.jpeg,Hostile,0.8667,0.0302,0.0028,0.8667,0.1004
Sample_Dataset/Reichel/images_with_faces/243588_123706_image.jpeg,Neutral,0.8389,0.0258,0.0086,0.1268,0.8389
Sample_Dataset/Reichel/images_with_faces/243603_123717_image.jpeg,Pessimistic,0.99,0.0002,0.99,0.0095,0.0004
Sample_Dataset/Reichel/images_with_faces/243620_123745_image.jpeg,Pessimistic,0.6444,0.0466,0.6444,0.2681,0.0408
Sample_Dataset/Reichel/images_with_faces/243854_123965_image.jpeg,Optimistic,0.6653,0.6653,0.0211,0.0544,0.2593
Sample_Dataset/Reichel/images_with_faces/243869_123979_image.jpeg,Pessimistic,0.7168,0.1919,0.7168,0.0017,0.0896
Sample_Dataset/Reichel/images_with_faces/246387_126423_image.jpeg,Hostile,0.9881,0.0032,0.0,0.9881,0.0087
Sample_Dataset/Reichel/images_with_faces/246397_126432_image.jpeg,Hostile,0.9946,0.0022,0.001,0.9946,0.0023
Sample_Dataset/Reichel/images_with_faces/246423_126463_image.jpeg,Optimistic,0.9703,0.9703,0.0247,0.0034,0.0015
Sample_Dataset/Reichel/images_with_faces/246491_126529_image.jpeg,Pessimistic,0.8316,0.0209,0.8316,0.0305,0.1171
Sample_Dataset/Reichel/images_with_faces/246513_126545_image.jpeg,Optimistic,0.9981,0.9981,0.0004,0.0001,0.0013
Sample_Dataset/Reichel/images_with_faces/246544_126567_image.jpeg,Pessimistic,0.7399,0.0738,0.7399,0.0071,0.1792
Sample_Dataset/Reichel/images_with_faces/246560_126575_image.jpeg,Neutral,0.5688,0.0057,0.4189,0.0066,0.5688
Sample_Dataset/Reichel/images_with_faces/246592_126629_image.jpeg,Neutral,0.8222,0.0963,0.0134,0.0681,0.8222
Sample_Dataset/Reichel/images_with_faces/246593_126630_image.jpeg,Hostile,0.8227,0.1247,0.0031,0.8227,0.0496
Sample_Dataset/Reichel/images_with_faces/248156_127875_image.jpeg,Pessimistic,0.8485,0.0045,0.8485,0.136,0.0109
Sample_Dataset/Reichel/images_with_faces/248161_127880_image.jpeg,Hostile,0.8375,0.04,0.0902,0.8375,0.0323
Sample_Dataset/Reichel/images_with_faces/248251_127928_image.jpeg,Hostile,0.4074,0.1122,0.1413,0.4074,0.339
Sample_Dataset/Reichel/images_with_faces/248266_127940_image.jpeg,Neutral,0.4965,0.1098,0.1332,0.2605,0.4965
Sample_Dataset/Reichel/images_with_faces/249957_129121_image.jpeg,Pessimistic,0.4487,0.0255,0.4487,0.0911,0.4347
Sample_Dataset/Reichel/images_with_faces/249970_129131_image.jpeg,Neutral,0.8447,0.0419,0.1093,0.0041,0.8447
Sample_Dataset/Reichel/images_with_faces/249974_129135_image.jpeg,Hostile,0.5552,0.055,0.279,0.5552,0.1109
Sample_Dataset/Reichel/images_with_faces/249978_129137_image.jpeg,Pessimistic,0.7157,0.0929,0.7157,0.0059,0.1856
Sample_Dataset/Reichel/images_with_faces/249981_129140_image.jpeg,Unknown,0.3664,0.1102,0.3625,0.3664,0.1609
Sample_Dataset/Reichel/images_with_faces/249982_129141_image.jpeg,Hostile,0.4784,0.1861,0.0426,0.4784,0.2929
Sample_Dataset/Reichel/images_with_faces/249986_129145_image.jpeg,Neutral,0.7353,0.2313,0.0043,0.0291,0.7353
Sample_Dataset/Reichel/images_with_faces/250049_129191_image.jpeg,Hostile,0.8944,0.0263,0.0541,0.8944,0.0252
Sample_Dataset/Reichel/images_with_faces/250057_129197_image.jpeg,Hostile,0.697,0.1304,0.0006,0.697,0.172
Sample_Dataset/Reichel/images_with_faces/251805_130442_image.jpeg,Neutral,0.7209,0.0961,0.1608,0.0223,0.7209
Sample_Dataset/Reichel/images_with_faces/251830_130454_image.jpeg,Neutral,0.6861,0.1503,0.0196,0.144,0.6861
Sample_Dataset/Reichel/images_with_faces/251897_130493_image.jpeg,Hostile,0.8751,0.0438,0.0573,0.8751,0.0237
Sample_Dataset/Reichel/images_with_faces/251994_130560_image.jpeg,Pessimistic,0.9946,0.0007,0.9946,0.0001,0.0045
Sample_Dataset/Reichel/images_with_faces/252009_130570_image.jpeg,Unknown,0.3994,0.0558,0.3173,0.3994,0.2274
Sample_Dataset/Reichel/images_with_faces/252010_130571_image.jpeg,Neutral,0.9812,0.0132,0.0035,0.0021,0.9812
Sample_Dataset/Reichel/images_with_faces/252011_130572_image.jpeg,Optimistic,0.9991,0.9991,0.0001,0.0002,0.0005
Sample_Dataset/Reichel/images_with_faces/252012_130573_image.jpeg,Optimistic,0.6346,0.6346,0.0118,0.0013,0.3523
Sample_Dataset/Reichel/images_with_faces/252013_130574_image.jpeg,Optimistic,0.9464,0.9464,0.0358,0.0004,0.0174
Sample_Dataset/Reichel/images_with_faces/252014_130575_image.jpeg,Unknown,0.3735,0.3735,0.3151,0.0036,0.3078
Sample_Dataset/Reichel/images_with_faces/252015_130576_image.jpeg,Pessimistic,0.9105,0.0449,0.9105,0.0065,0.0381
Sample_Dataset/Reichel/images_with_faces/255434_133457_image.jpeg,Hostile,0.6541,0.0577,0.0092,0.6541,0.279
Sample_Dataset/Reichel/images_with_faces/255863_133678_image.jpeg,Optimistic,0.9679,0.9679,0.0017,0.0008,0.0296
Sample_Dataset/Reichel/images_with_faces/255902_133720_image.jpeg,Neutral,0.5248,0.2202,0.0275,0.2275,0.5248
Sample_Dataset/Reichel/images_with_faces/255913_133731_image.jpeg,Optimistic,0.9998,0.9998,0.0,0.0001,0.0001
Sample_Dataset/Reichel/images_with_faces/255940_133760_image.jpeg,Hostile,0.999,0.0003,0.0,0.999,0.0007
Sample_Dataset/Reichel/images_with_faces/256120_133894_image.jpeg,Neutral,0.6057,0.3631,0.008,0.0233,0.6057
Sample_Dataset/Reichel/images_with_faces/256164_133930_image.jpeg,Optimistic,0.8832,0.8832,0.0015,0.0044,0.111
Sample_Dataset/Reichel/images_with_faces/256232_133975_image.jpeg,Hostile,0.5214,0.1033,0.0335,0.5214,0.3418
Sample_Dataset/Reichel/images_with_faces/256236_133979_image.jpeg,Optimistic,0.94,0.94,0.0014,0.0103,0.0482
Sample_Dataset/Reichel/images_with_faces/256278_134005_image.jpeg,Neutral,0.6774,0.0924,0.0151,0.2152,0.6774
Sample_Dataset/Reichel/images_with_faces/256419_134115_image.jpeg,Neutral,0.9909,0.0054,0.0018,0.0019,0.9909
Sample_Dataset/Reichel/images_with_faces/256420_134116_image.jpeg,Hostile,0.9193,0.0134,0.0483,0.9193,0.019
Sample_Dataset/Reichel/images_with_faces/256477_134155_image.jpeg,Neutral,0.8239,0.1559,0.0119,0.0082,0.8239
Sample_Dataset/Reichel/images_with_faces/256480_134157_image.jpeg,Hostile,0.8126,0.0601,0.0259,0.8126,0.1014
Sample_Dataset/Reichel/images_with_faces/256491_134162_image.jpeg,Hostile,0.904,0.0364,0.001,0.904,0.0586
Sample_Dataset/Reichel/images_with_faces/256501_134164_image.jpeg,Hostile,0.6478,0.0982,0.0387,0.6478,0.2153
Sample_Dataset/Reichel/images_with_faces/256520_134171_image.jpeg,Neutral,0.6065,0.087,0.2555,0.0509,0.6065
Sample_Dataset/Reichel/images_with_faces/256522_134173_image.jpeg,Pessimistic,0.4012,0.0413,0.4012,0.1652,0.3923
Sample_Dataset/Reichel/images_with_faces/259305_136069_image.jpeg,Hostile,0.8908,0.059,0.0012,0.8908,0.0491
Sample_Dataset/Reichel/images_with_faces/259684_136270_image.jpeg,Neutral,0.9601,0.0246,0.0001,0.0152,0.9601
Sample_Dataset/Reichel/images_with_faces/260109_136579_image.jpeg,Neutral,0.6965,0.0338,0.249,0.0206,0.6965
Sample_Dataset/Reichel/images_with_faces/260903_137173_image.jpeg,Optimistic,0.9177,0.9177,0.0,0.0572,0.025
Sample_Dataset/Reichel/images_with_faces/260906_137176_image.jpeg,Hostile,0.7189,0.0843,0.008,0.7189,0.1888
Sample_Dataset/Reichel/images_with_faces/260995_137231_image.jpeg,Hostile,0.7179,0.2619,0.0015,0.7179,0.0186
Sample_Dataset/Reichel/images_with_faces/265217_140104_image.jpeg,Neutral,0.636,0.2586,0.0553,0.05,0.636
Sample_Dataset/Reichel/images_with_faces/265243_140126_image.jpeg,Pessimistic,0.4974,0.3934,0.4974,0.0114,0.0978
Sample_Dataset/Reichel/images_with_faces/265246_140129_image.jpeg,Hostile,0.897,0.0894,0.0,0.897,0.0135
Sample_Dataset/Reichel/images_with_faces/265269_140148_image.jpeg,Optimistic,0.5424,0.5424,0.0012,0.0055,0.4509
Sample_Dataset/Reichel/images_with_faces/265275_140155_image.jpeg,Optimistic,0.9507,0.9507,0.044,0.0017,0.0035
Sample_Dataset/Reichel/images_with_faces/265277_140158_image.jpeg,Neutral,0.6418,0.2737,0.0076,0.0768,0.6418
Sample_Dataset/Reichel/images_with_faces/265329_140181_image.jpeg,Optimistic,0.7097,0.7097,0.0074,0.0062,0.2766
Sample_Dataset/Reichel/images_with_faces/265355_140205_image.jpeg,Neutral,0.5777,0.0542,0.2679,0.1003,0.5777
Sample_Dataset/Reichel/images_with_faces/265453_140255_image.jpeg,Optimistic,0.9778,0.9778,0.0005,0.0012,0.0205
Sample_Dataset/Reichel/images_with_faces/265474_140266_image.jpeg,Optimistic,0.8619,0.8619,0.0416,0.0301,0.0664
Sample_Dataset/Reichel/images_with_faces/265475_140267_image.jpeg,Optimistic,0.8923,0.8923,0.0022,0.0409,0.0645
Sample_Dataset/Reichel/images_with_faces/265476_140268_image.jpeg,Optimistic,0.8074,0.8074,0.001,0.0043,0.1873
Sample_Dataset/Reichel/images_with_faces/265477_140269_image.jpeg,Optimistic,0.6542,0.6542,0.0029,0.0077,0.3352
Sample_Dataset/Reichel/images_with_faces/265479_140270_image.jpeg,Optimistic,0.829,0.829,0.0338,0.0358,0.1014
Sample_Dataset/Reichel/images_with_faces/265539_140328_image.jpeg,Neutral,0.4443,0.2312,0.3136,0.0109,0.4443
Sample_Dataset/Reichel/images_with_faces/265571_140355_image.jpeg,Neutral,0.5868,0.3669,0.0447,0.0016,0.5868
Sample_Dataset/Reichel/images_with_faces/265816_140525_image.jpeg,Optimistic,0.9676,0.9676,0.0237,0.0011,0.0076
Sample_Dataset/Reichel/images_with_faces/266005_140685_image.jpeg,Neutral,0.9869,0.0108,0.0021,0.0002,0.9869
Sample_Dataset/Reichel/images_with_faces/266068_140735_image.jpeg,Neutral,0.6804,0.069,0.2324,0.0182,0.6804
Sample_Dataset/Reichel/images_with_faces/266069_140736_image.jpeg,Optimistic,0.9355,0.9355,0.0227,0.0348,0.0071
Sample_Dataset/Reichel/images_with_faces/266071_140738_image.jpeg,Pessimistic,0.5596,0.0637,0.5596,0.2416,0.1351
Sample_Dataset/Reichel/images_with_faces/266077_140742_image.jpeg,Optimistic,0.6633,0.6633,0.1102,0.0298,0.1967
Sample_Dataset/Reichel/images_with_faces/270255_144080_image.jpeg,Neutral,0.9532,0.0312,0.0001,0.0155,0.9532
Sample_Dataset/Reichel/images_with_faces/270256_144081_image.jpeg,Neutral,0.9671,0.0276,0.0001,0.0052,0.9671
Sample_Dataset/Reichel/images_with_faces/270270_144095_image.jpeg,Neutral,0.9541,0.0407,0.0025,0.0027,0.9541
Sample_Dataset/Reichel/images_with_faces/270279_144106_image.jpeg,Optimistic,0.9731,0.9731,0.0002,0.0261,0.0006
Sample_Dataset/Reichel/images_with_faces/270763_144289_image.jpeg,Optimistic,0.7277,0.7277,0.0027,0.0158,0.2538
Sample_Dataset/Reichel/images_with_faces/270948_144438_image.jpeg,Hostile,0.5676,0.1502,0.0692,0.5676,0.213
Sample_Dataset/Reichel/images_with_faces/271041_144521_image.jpeg,Optimistic,0.9718,0.9718,0.0077,0.0101,0.0103
Sample_Dataset/Reichel/images_with_faces/271206_144620_image.jpeg,Neutral,0.9607,0.0032,0.0294,0.0067,0.9607
Sample_Dataset/Reichel/images_with_faces/271771_145020_image.jpeg,Unknown,0.3644,0.2413,0.0548,0.3395,0.3644
Sample_Dataset/Reichel/images_with_faces/271774_145023_image.jpeg,Neutral,0.9466,0.0046,0.0029,0.0459,0.9466
Sample_Dataset/Reichel/images_with_faces/271782_145024_image.jpeg,Neutral,0.6695,0.3021,0.0002,0.0282,0.6695
Sample_Dataset/Reichel/images_with_faces/271853_145065_image.jpeg,Neutral,0.9259,0.0027,0.0241,0.0473,0.9259
Sample_Dataset/Reichel/images_with_faces/271856_145067_image.jpeg,Optimistic,0.9217,0.9217,0.0061,0.0133,0.0589
Sample_Dataset/Reichel/images_with_faces/272000_145168_image.jpeg,Hostile,0.8885,0.0141,0.023,0.8885,0.0745
Sample_Dataset/Reichel/images_with_faces/291028_147098_image.jpeg,Hostile,0.4787,0.036,0.1208,0.4787,0.3644
Sample_Dataset/Reichel/images_with_faces/291162_147192_image.jpeg,Hostile,0.9971,0.0002,0.0024,0.9971,0.0004
Sample_Dataset/Reichel/images_with_faces/292844_148204_image.jpeg,Optimistic,0.4747,0.4747,0.0141,0.1231,0.3881
Sample_Dataset/Reichel/images_with_faces/292850_148210_image.jpeg,Pessimistic,0.4471,0.1204,0.4471,0.0238,0.4088
Sample_Dataset/Reichel/images_with_faces/292880_148228_image.jpeg,Hostile,0.9228,0.0482,0.0062,0.9228,0.0228
Sample_Dataset/Reichel/images_with_faces/293047_148295_image.jpeg,Neutral,0.5799,0.3259,0.0084,0.0857,0.5799
Sample_Dataset/Reichel/images_with_faces/293097_148319_image.jpeg,Neutral,0.4054,0.3372,0.2191,0.0382,0.4054
Sample_Dataset/Reichel/images_with_faces/293100_148320_image.jpeg,Optimistic,0.6096,0.6096,0.0627,0.0711,0.2566
Sample_Dataset/Reichel/images_with_faces/293105_148323_image.jpeg,Optimistic,0.9902,0.9902,0.0015,0.0077,0.0006
Sample_Dataset/Reichel/images_with_faces/293106_148324_image.jpeg,Hostile,0.9734,0.024,0.0002,0.9734,0.0024
Sample_Dataset/Reichel/images_with_faces/293121_148332_image.jpeg,Neutral,0.5528,0.0854,0.1657,0.196,0.5528
Sample_Dataset/Reichel/images_with_faces/293125_148334_image.jpeg,Unknown,0.3859,0.3859,0.3634,0.1453,0.1053
Sample_Dataset/Reichel/images_with_faces/293241_148404_image.jpeg,Pessimistic,0.8815,0.0727,0.8815,0.003,0.0428
Sample_Dataset/Reichel/images_with_faces/293263_148423_image.jpeg,Pessimistic,0.5474,0.0863,0.5474,0.3308,0.0355
Sample_Dataset/Reichel/images_with_faces/293292_148449_image.jpeg,Hostile,0.8888,0.1046,0.0031,0.8888,0.0035
Sample_Dataset/Reichel/images_with_faces/293293_148450_image.jpeg,Neutral,0.9402,0.055,0.001,0.0037,0.9402
Sample_Dataset/Reichel/images_with_faces/293368_148510_image.jpeg,Optimistic,0.9448,0.9448,0.0003,0.0042,0.0507
Sample_Dataset/Reichel/images_with_faces/293453_148548_image.jpeg,Optimistic,0.6713,0.6713,0.0005,0.0647,0.2635
Sample_Dataset/Reichel/images_with_faces/293530_148600_image.jpeg,Hostile,0.4772,0.1696,0.3327,0.4772,0.0205
Sample_Dataset/Reichel/images_with_faces/293699_148679_image.jpeg,Hostile,0.9583,0.0393,0.0003,0.9583,0.0021
Sample_Dataset/Reichel/images_with_faces/293723_148681_image.jpeg,Unknown,0.351,0.3121,0.0034,0.3335,0.351
Sample_Dataset/Reichel/images_with_faces/293732_148683_image.jpeg,Neutral,0.8701,0.1188,0.0006,0.0105,0.8701
Sample_Dataset/Reichel/images_with_faces/293775_148693_image.jpeg,Optimistic,0.835,0.835,0.0458,0.0896,0.0296
Sample_Dataset/Reichel/images_with_faces/293779_148696_image.jpeg,Neutral,0.4968,0.0122,0.3447,0.1463,0.4968
Sample_Dataset/Reichel/images_with_faces/293823_148723_image.jpeg,Optimistic,0.9917,0.9917,0.0012,0.0041,0.0029
Sample_Dataset/Reichel/images_with_faces/293824_148724_image.jpeg,Unknown,0.3473,0.1791,0.1284,0.3452,0.3473
Sample_Dataset/Reichel/images_with_faces/293825_148725_image.jpeg,Optimistic,0.5487,0.5487,0.0106,0.3024,0.1383
Sample_Dataset/Reichel/images_with_faces/293844_148737_image.jpeg,Optimistic,0.9726,0.9726,0.0071,0.0179,0.0024
Sample_Dataset/Reichel/images_with_faces/293872_148756_image.jpeg,Optimistic,0.4608,0.4608,0.1562,0.2077,0.1753
Sample_Dataset/Reichel/images_with_faces/293874_148759_image.jpeg,Optimistic,0.4077,0.4077,0.1272,0.2961,0.169
Sample_Dataset/Reichel/images_with_faces/296403_150949_image.jpeg,Pessimistic,0.4653,0.0149,0.4653,0.3982,0.1216
Sample_Dataset/Reichel/images_with_faces/296498_151030_image.jpeg,Optimistic,0.9535,0.9535,0.0432,0.0016,0.0016
Sample_Dataset/Reichel/images_with_faces/296502_151035_image.jpeg,Hostile,0.9852,0.0026,0.0109,0.9852,0.0013
Sample_Dataset/Reichel/images_with_faces/296746_151257_image.jpeg,Neutral,0.4671,0.2592,0.0812,0.1924,0.4671
Sample_Dataset/Reichel/images_with_faces/297895_152113_image.jpeg,Hostile,0.7579,0.1954,0.0147,0.7579,0.0321
Sample_Dataset/Reichel/images_with_faces/297915_152132_image.jpeg,Hostile,0.5636,0.034,0.0414,0.5636,0.3611
Sample_Dataset/Reichel/images_with_faces/298008_152195_image.jpeg,Neutral,0.4678,0.1441,0.1138,0.2743,0.4678
Sample_Dataset/Reichel/images_with_faces/298010_152197_image.jpeg,Hostile,0.9669,0.0076,0.0001,0.9669,0.0254
Sample_Dataset/Reichel/images_with_faces/298103_152263_image.jpeg,Neutral,0.572,0.2629,0.0834,0.0817,0.572
Sample_Dataset/Reichel/images_with_faces/298127_152271_image.jpeg,Optimistic,0.9976,0.9976,0.0002,0.0,0.0021
Sample_Dataset/Reichel/images_with_faces/298128_152272_image.jpeg,Neutral,0.8436,0.1219,0.0023,0.0323,0.8436
Sample_Dataset/Reichel/images_with_faces/298363_152448_image.jpeg,Pessimistic,0.4996,0.4269,0.4996,0.0455,0.028
Sample_Dataset/Reichel/images_with_faces/298452_152524_image.jpeg,Hostile,0.8751,0.0438,0.0573,0.8751,0.0237
Sample_Dataset/Reichel/images_with_faces/298505_152558_image.jpeg,Neutral,0.5878,0.1176,0.2746,0.0199,0.5878
Sample_Dataset/Reichel/images_with_faces/298745_152693_image.jpeg,Pessimistic,0.9936,0.0018,0.9936,0.0038,0.0007
Sample_Dataset/Reichel/images_with_faces/298806_152717_image.jpeg,Hostile,0.8558,0.0915,0.0023,0.8558,0.0503
Sample_Dataset/Reichel/images_with_faces/299212_152813_image.jpeg,Hostile,0.9905,0.0009,0.0065,0.9905,0.0022
Sample_Dataset/Reichel/images_with_faces/299256_152838_image.jpeg,Neutral,0.4403,0.2988,0.2035,0.0574,0.4403
Sample_Dataset/Reichel/images_with_faces/299261_152839_image.jpeg,Optimistic,0.8454,0.8454,0.0784,0.0339,0.0422
Sample_Dataset/Reichel/images_with_faces/299342_152884_image.jpeg,Pessimistic,0.5566,0.369,0.5566,0.0078,0.0666
Sample_Dataset/Reichel/images_with_faces/299356_152901_image.jpeg,Hostile,0.7165,0.05,0.045,0.7165,0.1885
Sample_Dataset/Reichel/images_with_faces/299382_152927_image.jpeg,Optimistic,0.9826,0.9826,0.0009,0.0011,0.0154
Sample_Dataset/Reichel/images_with_faces/304511_157307_image.jpeg,Hostile,0.6505,0.1026,0.0129,0.6505,0.234
Sample_Dataset/Reichel/images_with_faces/304555_157345_image.jpeg,Neutral,0.9054,0.0715,0.0014,0.0217,0.9054
Sample_Dataset/Reichel/images_with_faces/304802_157511_image.jpeg,Hostile,0.8911,0.0546,0.0251,0.8911,0.0293
Sample_Dataset/Reichel/images_with_faces/304812_157516_image.jpeg,Hostile,0.8931,0.0372,0.0545,0.8931,0.0153
Sample_Dataset/Reichel/images_with_faces/304869_157546_image.jpeg,Hostile,0.9231,0.0111,0.0639,0.9231,0.0018
Sample_Dataset/Reichel/images_with_faces/305029_157620_image.jpeg,Hostile,0.9989,0.0009,0.0,0.9989,0.0002
Sample_Dataset/Reichel/images_with_faces/305045_157632_image.jpeg,Hostile,0.5286,0.4591,0.0008,0.5286,0.0115
Sample_Dataset/Reichel/images_with_faces/305095_157668_image.jpeg,Neutral,0.9948,0.0045,0.0006,0.0002,0.9948
Sample_Dataset/Reichel/images_with_faces/305200_157742_image.jpeg,Pessimistic,0.8479,0.0401,0.8479,0.0819,0.0301
Sample_Dataset/Reichel/images_with_faces/305243_157755_image.jpeg,Pessimistic,0.9952,0.0003,0.9952,0.0043,0.0001
Sample_Dataset/Reichel/images_with_faces/305247_157758_image.jpeg,Hostile,0.5771,0.0625,0.2929,0.5771,0.0676
Sample_Dataset/Reichel/images_with_faces/305263_157768_image.jpeg,Neutral,0.8873,0.0005,0.0926,0.0196,0.8873
Sample_Dataset/Reichel/images_with_faces/305270_157773_image.jpeg,Neutral,0.6329,0.0066,0.2047,0.1558,0.6329
Sample_Dataset/Reichel/images_with_faces/305273_157775_image.jpeg,Pessimistic,0.4304,0.0569,0.4304,0.2323,0.2804
Sample_Dataset/Reichel/images_with_faces/305281_157782_image.jpeg,Hostile,0.7002,0.1128,0.0921,0.7002,0.0949
Sample_Dataset/Reichel/images_with_faces/305282_157783_image.jpeg,Pessimistic,0.8987,0.025,0.8987,0.0742,0.0021
Sample_Dataset/Reichel/images_with_faces/305285_157785_image.jpeg,Pessimistic,0.9701,0.0019,0.9701,0.0145,0.0136
Sample_Dataset/Reichel/images_with_faces/305404_157861_image.jpeg,Optimistic,0.6857,0.6857,0.0019,0.0002,0.3123
Sample_Dataset/Reichel/images_with_faces/305424_157878_image.jpeg,Neutral,0.934,0.0052,0.0202,0.0407,0.934
Sample_Dataset/Reichel/images_with_faces/305489_157909_image.jpeg,Hostile,0.8607,0.0456,0.0349,0.8607,0.0589
Sample_Dataset/Reichel/images_with_faces/305520_157925_image.jpeg,Pessimistic,0.9746,0.0017,0.9746,0.0187,0.005
Sample_Dataset/Reichel/images_with_faces/305523_157927_image.jpeg,Pessimistic,0.5937,0.2988,0.5937,0.0378,0.0697
Sample_Dataset/Reichel/images_with_faces/305531_157932_image.jpeg,Hostile,0.471,0.1269,0.4008,0.471,0.0013
Sample_Dataset/Reichel/images_with_faces/305545_157941_image.jpeg,Optimistic,0.9174,0.9174,0.0013,0.0041,0.0772
Sample_Dataset/Reichel/images_with_faces/305549_157942_image.jpeg,Neutral,0.6031,0.0604,0.0702,0.2662,0.6031
Sample_Dataset/Reichel/images_with_faces/305550_157943_image.jpeg,Optimistic,0.9829,0.9829,0.0012,0.0003,0.0156
Sample_Dataset/Reichel/images_with_faces/305552_157944_image.jpeg,Hostile,0.5746,0.3012,0.0267,0.5746,0.0975
Sample_Dataset/Reichel/images_with_faces/305559_157949_image.jpeg,Optimistic,0.528,0.528,0.0537,0.0811,0.3373
Sample_Dataset/Reichel/images_with_faces/305561_157951_image.jpeg,Neutral,0.9874,0.0106,0.0008,0.0012,0.9874
Sample_Dataset/Reichel/images_with_faces/305563_157953_image.jpeg,Neutral,0.9871,0.0032,0.0096,0.0002,0.9871
Sample_Dataset/Reichel/images_with_faces/305566_157956_image.jpeg,Neutral,0.8568,0.0349,0.1057,0.0025,0.8568
Sample_Dataset/Reichel/images_with_faces/305570_157958_image.jpeg,Neutral,0.9949,0.0041,0.0007,0.0003,0.9949
Sample_Dataset/Reichel/images_with_faces/305573_157961_image.jpeg,Neutral,0.5713,0.1602,0.0564,0.2121,0.5713
Sample_Dataset/Reichel/images_with_faces/305576_157964_image.jpeg,Optimistic,0.7191,0.7191,0.0049,0.0002,0.2758
Sample_Dataset/Reichel/images_with_faces/305590_157966_image.jpeg,Optimistic,0.578,0.578,0.2524,0.0045,0.1651
Sample_Dataset/Reichel/images_with_faces/308500_160222_image.jpeg,Neutral,0.4332,0.2142,0.0786,0.274,0.4332
Sample_Dataset/Reichel/images_with_faces/309065_160632_image.jpeg,Neutral,0.5124,0.1588,0.3277,0.0011,0.5124
Sample_Dataset/Reichel/images_with_faces/309198_160698_image.jpeg,Neutral,0.6973,0.0918,0.2098,0.0011,0.6973
Sample_Dataset/Reichel/images_with_faces/309283_160732_image.jpeg,Pessimistic,0.7608,0.2184,0.7608,0.0006,0.0202
Sample_Dataset/Reichel/images_with_faces/309293_160736_image.jpeg,Optimistic,0.9469,0.9469,0.0005,0.0428,0.0099
Sample_Dataset/Reichel/images_with_faces/309370_160793_image.jpeg,Optimistic,0.6154,0.6154,0.0013,0.0414,0.3419
Sample_Dataset/Reichel/images_with_faces/309415_160832_image.jpeg,Neutral,0.7207,0.211,0.0376,0.0307,0.7207
Sample_Dataset/Reichel/images_with_faces/309435_160840_image.jpeg,Optimistic,0.5127,0.5127,0.2149,0.1616,0.1107
Sample_Dataset/Reichel/images_with_faces/309494_160867_image.jpeg,Hostile,0.6601,0.3166,0.0053,0.6601,0.018
Sample_Dataset/Reichel/images_with_faces/309562_160902_image.jpeg,Optimistic,0.9987,0.9987,0.0002,0.0,0.0011
Sample_Dataset/Reichel/images_with_faces/309563_160903_image.jpeg,Optimistic,0.9947,0.9947,0.0005,0.0009,0.0039
Sample_Dataset/Reichel/images_with_faces/309564_160904_image.jpeg,Optimistic,0.9625,0.9625,0.001,0.0002,0.0363
Sample_Dataset/Reichel/images_with_faces/309565_160906_image.jpeg,Optimistic,0.7856,0.7856,0.0099,0.0226,0.1819
Sample_Dataset/Reichel/images_with_faces/309649_160947_image.jpeg,Neutral,0.7251,0.2116,0.0088,0.0545,0.7251
Sample_Dataset/Reichel/images_with_faces/311307_161961_image.jpeg,Hostile,0.985,0.0141,0.0,0.985,0.0009
Sample_Dataset/Reichel/images_with_faces/311345_161991_image.jpeg,Unknown,0.3776,0.3776,0.1943,0.0874,0.3407
Sample_Dataset/Reichel/images_with_faces/311368_161996_image.jpeg,Optimistic,0.5733,0.5733,0.0481,0.2098,0.1689
Sample_Dataset/Reichel/images_with_faces/311371_161999_image.jpeg,Optimistic,0.7932,0.7932,0.0016,0.0162,0.1891
Sample_Dataset/Reichel/images_with_faces/311403_162024_image.jpeg,Neutral,0.5725,0.1706,0.1706,0.0863,0.5725
Sample_Dataset/Reichel/images_with_faces/311463_162072_image.jpeg,Optimistic,0.7805,0.7805,0.0088,0.155,0.0557
Sample_Dataset/Reichel/images_with_faces/311468_162074_image.jpeg,Neutral,0.4077,0.2977,0.1486,0.1461,0.4077
Sample_Dataset/Reichel/images_with_faces/311504_162099_image.jpeg,Neutral,0.9391,0.0463,0.0078,0.0067,0.9391
Sample_Dataset/Reichel/images_with_faces/311596_162131_image.jpeg,Optimistic,0.5771,0.5771,0.0053,0.1662,0.2515
Sample_Dataset/Reichel/images_with_faces/311598_162132_image.jpeg,Neutral,0.7384,0.198,0.0283,0.0353,0.7384
Sample_Dataset/Reichel/images_with_faces/311608_162133_image.jpeg,Optimistic,0.8302,0.8302,0.0059,0.0758,0.0881
Sample_Dataset/Reichel/images_with_faces/311611_162134_image.jpeg,Hostile,0.7901,0.1762,0.0284,0.7901,0.0054
Sample_Dataset/Reichel/images_with_faces/314032_163903_image.jpeg,Hostile,0.9908,0.0038,0.0002,0.9908,0.0053
Sample_Dataset/Reichel/images_with_faces/314052_163919_image.jpeg,Optimistic,0.9963,0.9963,0.0009,0.0014,0.0014
Sample_Dataset/Reichel/images_with_faces/314055_163922_image.jpeg,Unknown,0.3241,0.2906,0.0723,0.3131,0.3241
Sample_Dataset/Reichel/images_with_faces/314170_163996_image.jpeg,Optimistic,0.7839,0.7839,0.0088,0.0037,0.2036
Sample_Dataset/Reichel/images_with_faces/315878_165153_image.jpeg,Neutral,0.9775,0.0034,0.0177,0.0015,0.9775
Sample_Dataset/Reichel/images_with_faces/315936_165197_image.jpeg,Hostile,0.8516,0.0679,0.0303,0.8516,0.0501
Sample_Dataset/Reichel/images_with_faces/315961_165215_image.jpeg,Optimistic,0.8228,0.8228,0.0044,0.0831,0.0896
Sample_Dataset/Reichel/images_with_faces/316065_165270_image.jpeg,Optimistic,0.9483,0.9483,0.0008,0.0072,0.0438
Sample_Dataset/Reichel/images_with_faces/318484_167085_image.jpeg,Pessimistic,0.9918,0.0003,0.9918,0.0052,0.0027
Sample_Dataset/Reichel/images_with_faces/318493_167094_image.jpeg,Neutral,0.5282,0.4279,0.0194,0.0244,0.5282
Sample_Dataset/Reichel/images_with_faces/318496_167097_image.jpeg,Optimistic,0.8039,0.8039,0.0025,0.0971,0.0965
Sample_Dataset/Reichel/images_with_faces/318506_167107_image.jpeg,Hostile,0.5797,0.1127,0.0804,0.5797,0.2272
Sample_Dataset/Reichel/images_with_faces/318538_167121_image.jpeg,Optimistic,0.993,0.993,0.0,0.0003,0.0067
Sample_Dataset/Reichel/images_with_faces/318562_167141_image.jpeg,Hostile,0.568,0.4177,0.0002,0.568,0.0141
Sample_Dataset/Reichel/images_with_faces/318713_167245_image.jpeg,Optimistic,0.9251,0.9251,0.0275,0.0377,0.0097
Sample_Dataset/Reichel/images_with_faces/318778_167285_image.jpeg,Hostile,0.9355,0.0073,0.0557,0.9355,0.0015
Sample_Dataset/Reichel/images_with_faces/318945_167431_image.jpeg,Neutral,0.7941,0.0601,0.0258,0.12,0.7941
Sample_Dataset/Reichel/images_with_faces/322351_170104_image.jpeg,Neutral,0.9081,0.0899,0.0012,0.0008,0.9081
Sample_Dataset/Reichel/images_with_faces/322360_170112_image.jpeg,Optimistic,0.437,0.437,0.12,0.3166,0.1263
Sample_Dataset/Reichel/images_with_faces/322363_170114_image.jpeg,Pessimistic,0.526,0.3361,0.526,0.0426,0.0954
Sample_Dataset/Reichel/images_with_faces/322371_170123_image.jpeg,Pessimistic,0.898,0.0005,0.898,0.0934,0.0081
Sample_Dataset/Reichel/images_with_faces/322385_170133_image.jpeg,Optimistic,0.5339,0.5339,0.161,0.0609,0.2442
Sample_Dataset/Reichel/images_with_faces/322391_170139_image.jpeg,Pessimistic,0.5966,0.0812,0.5966,0.0846,0.2377
Sample_Dataset/Reichel/images_with_faces/322531_170239_image.jpeg,Optimistic,0.9912,0.9912,0.0001,0.0075,0.0012
Sample_Dataset/Reichel/images_with_faces/322651_170300_image.jpeg,Optimistic,0.9968,0.9968,0.0,0.0001,0.003
Sample_Dataset/Reichel/images_with_faces/322723_170362_image.jpeg,Neutral,0.9537,0.0236,0.0185,0.0042,0.9537
Sample_Dataset/Reichel/images_with_faces/322833_170422_image.jpeg,Optimistic,0.9925,0.9925,0.0003,0.0024,0.0048
Sample_Dataset/Reichel/images_with_faces/322945_170504_image.jpeg,Neutral,0.5281,0.4678,0.0032,0.0009,0.5281
Sample_Dataset/Reichel/images_with_faces/323123_170620_image.jpeg,Optimistic,0.6784,0.6784,0.0359,0.2056,0.0802
Sample_Dataset/Reichel/images_with_faces/323128_170625_image.jpeg,Optimistic,0.494,0.494,0.0388,0.253,0.2142
Sample_Dataset/Reichel/images_with_faces/323159_170651_image.jpeg,Neutral,0.8729,0.1046,0.0098,0.0127,0.8729
Sample_Dataset/Reichel/images_with_faces/327000_173421_image.jpeg,Neutral,0.8109,0.1877,0.0004,0.0009,0.8109
Sample_Dataset/Reichel/images_with_faces/327037_173451_image.jpeg,Neutral,0.9211,0.0698,0.003,0.0062,0.9211
Sample_Dataset/Reichel/images_with_faces/327039_173453_image.jpeg,Neutral,0.9916,0.0029,0.0026,0.0029,0.9916
Sample_Dataset/Reichel/images_with_faces/327081_173480_image.jpeg,Neutral,0.8395,0.1147,0.0278,0.018,0.8395
Sample_Dataset/Reichel/images_with_faces/327109_173503_image.jpeg,Hostile,0.4045,0.1749,0.233,0.4045,0.1876
Sample_Dataset/Reichel/images_with_faces/327118_173512_image.jpeg,Neutral,0.7009,0.2504,0.0045,0.0442,0.7009
Sample_Dataset/Reichel/images_with_faces/327121_173515_image.jpeg,Hostile,0.6,0.0299,0.1587,0.6,0.2114
Sample_Dataset/Reichel/images_with_faces/327145_173528_image.jpeg,Optimistic,0.5892,0.5892,0.0001,0.0012,0.4094
Sample_Dataset/Reichel/images_with_faces/327274_173606_image.jpeg,Optimistic,0.7615,0.7615,0.0387,0.0223,0.1775
Sample_Dataset/Reichel/images_with_faces/327302_173615_image.jpeg,Hostile,0.8195,0.0851,0.0671,0.8195,0.0282
Sample_Dataset/Reichel/images_with_faces/327305_173618_image.jpeg,Neutral,0.9672,0.0092,0.0056,0.018,0.9672
Sample_Dataset/Reichel/images_with_faces/327313_173623_image.jpeg,Optimistic,0.9138,0.9138,0.0025,0.0781,0.0056
Sample_Dataset/Reichel/images_with_faces/327373_173668_image.jpeg,Pessimistic,0.4393,0.1958,0.4393,0.2996,0.0653
Sample_Dataset/Reichel/images_with_faces/327416_173695_image.jpeg,Hostile,0.9901,0.004,0.0002,0.9901,0.0057
Sample_Dataset/Reichel/images_with_faces/327685_173858_image.jpeg,Optimistic,0.9593,0.9593,0.0013,0.0052,0.0343
Sample_Dataset/Reichel/images_with_faces/327690_173860_image.jpeg,Neutral,0.5405,0.447,0.0096,0.003,0.5405
Sample_Dataset/Reichel/images_with_faces/328131_174018_image.jpeg,Optimistic,0.9388,0.9388,0.0005,0.0097,0.0511
Sample_Dataset/Reichel/images_with_faces/328133_174020_image.jpeg,Neutral,0.43,0.1729,0.3335,0.0636,0.43
Sample_Dataset/Reichel/images_with_faces/328137_174022_image.jpeg,Neutral,0.6671,0.2357,0.0042,0.093,0.6671
Sample_Dataset/Reichel/images_with_faces/328148_174027_image.jpeg,Hostile,0.6198,0.1015,0.2283,0.6198,0.0504
Sample_Dataset/Reichel/images_with_faces/328150_174029_image.jpeg,Neutral,0.6241,0.3273,0.0001,0.0485,0.6241
Sample_Dataset/Reichel/images_with_faces/328185_174043_image.jpeg,Neutral,0.9968,0.003,0.0,0.0001,0.9968
Sample_Dataset/Reichel/images_with_faces/328188_174044_image.jpeg,Optimistic,0.9841,0.9841,0.0,0.0003,0.0156
Sample_Dataset/Reichel/images_with_faces/328195_174048_image.jpeg,Optimistic,0.9876,0.9876,0.0016,0.0064,0.0043
Sample_Dataset/Reichel/images_with_faces/328204_174057_image.jpeg,Optimistic,0.6269,0.6269,0.0341,0.0174,0.3215
Sample_Dataset/Reichel/images_with_faces/328206_174059_image.jpeg,Neutral,0.7286,0.1491,0.0009,0.1215,0.7286
Sample_Dataset/Reichel/images_with_faces/329854_175052_image.jpeg,Hostile,0.9594,0.0371,0.0,0.9594,0.0036
Sample_Dataset/Reichel/images_with_faces/330843_175862_image.jpeg,Optimistic,0.9533,0.9533,0.0333,0.0013,0.0122
Sample_Dataset/Reichel/images_with_faces/330887_175894_image.jpeg,Optimistic,0.9852,0.9852,0.0003,0.0028,0.0117
Sample_Dataset/Reichel/images_with_faces/330906_175913_image.jpeg,Optimistic,0.7351,0.7351,0.0053,0.2444,0.0152
Sample_Dataset/Reichel/images_with_faces/330930_175929_image.jpeg,Pessimistic,0.9514,0.0253,0.9514,0.0103,0.013
Sample_Dataset/Reichel/images_with_faces/330936_175933_image.jpeg,Neutral,0.6578,0.3378,0.0009,0.0035,0.6578
Sample_Dataset/Reichel/images_with_faces/330946_175942_image.jpeg,Optimistic,0.9445,0.9445,0.0371,0.0015,0.0169
Sample_Dataset/Reichel/images_with_faces/330969_175959_image.jpeg,Optimistic,0.9985,0.9985,0.0002,0.0012,0.0001
Sample_Dataset/Reichel/images_with_faces/331009_175993_image.jpeg,Neutral,0.651,0.0963,0.2072,0.0456,0.651
Sample_Dataset/Reichel/images_with_faces/331026_176007_image.jpeg,Optimistic,0.5049,0.5049,0.0039,0.0337,0.4575
Sample_Dataset/Reichel/images_with_faces/331047_176020_image.jpeg,Hostile,0.6791,0.1823,0.0666,0.6791,0.072
Sample_Dataset/Reichel/images_with_faces/331349_176155_image.jpeg,Neutral,0.8744,0.1186,0.0037,0.0033,0.8744
Sample_Dataset/Reichel/images_with_faces/331352_176157_image.jpeg,Optimistic,0.6751,0.6751,0.0006,0.003,0.3213
Sample_Dataset/Reichel/images_with_faces/331364_176163_image.jpeg,Optimistic,0.9626,0.9626,0.0,0.0002,0.0372
Sample_Dataset/Reichel/images_with_faces/331389_176178_image.jpeg,Optimistic,0.9915,0.9915,0.0002,0.0013,0.007
Sample_Dataset/Reichel/images_with_faces/331390_176179_image.jpeg,Hostile,0.5522,0.2466,0.0041,0.5522,0.1972
Sample_Dataset/Reichel/images_with_faces/331452_176216_image.jpeg,Hostile,0.9327,0.0045,0.0568,0.9327,0.006
Sample_Dataset/Reichel/images_with_faces/331545_176259_image.jpeg,Neutral,0.6579,0.1386,0.1937,0.0099,0.6579
Sample_Dataset/Reichel/images_with_faces/331841_176473_image.jpeg,Neutral,0.4821,0.4566,0.0025,0.0589,0.4821
Sample_Dataset/Reichel/images_with_faces/331843_176475_image.jpeg,Neutral,0.8696,0.1286,0.0007,0.0011,0.8696
Sample_Dataset/Reichel/images_with_faces/331890_176492_image.jpeg,Optimistic,0.9863,0.9863,0.0012,0.0013,0.0112
Sample_Dataset/Reichel/images_with_faces/331894_176494_image.jpeg,Optimistic,0.5681,0.5681,0.035,0.1058,0.2912
Sample_Dataset/Reichel/images_with_faces/331895_176495_image.jpeg,Neutral,0.5788,0.3907,0.0012,0.0294,0.5788
Sample_Dataset/Reichel/images_with_faces/331897_176496_image.jpeg,Optimistic,0.9991,0.9991,0.0002,0.0,0.0007
Sample_Dataset/Reichel/images_with_faces/331898_176497_image.jpeg,Optimistic,0.4565,0.4565,0.0016,0.4177,0.1242
Sample_Dataset/Reichel/images_with_faces/331926_176519_image.jpeg,Optimistic,0.7978,0.7978,0.0765,0.055,0.0706
Sample_Dataset/Reichel/images_with_faces/335645_179120_image.jpeg,Pessimistic,0.9305,0.0055,0.9305,0.0391,0.0249
Sample_Dataset/Reichel/images_with_faces/335720_179196_image.jpeg,Pessimistic,0.9068,0.0107,0.9068,0.0082,0.0743
Sample_Dataset/Reichel/images_with_faces/335777_179248_image.jpeg,Optimistic,0.9959,0.9959,0.0002,0.0004,0.0035
Sample_Dataset/Reichel/images_with_faces/335813_179274_image.jpeg,Optimistic,0.6132,0.6132,0.0046,0.0429,0.3393
Sample_Dataset/Reichel/images_with_faces/335817_179275_image.jpeg,Neutral,0.87,0.1282,0.0004,0.0014,0.87
Sample_Dataset/Reichel/images_with_faces/335978_179393_image.jpeg,Neutral,0.9631,0.0334,0.0017,0.0017,0.9631
Sample_Dataset/Reichel/images_with_faces/335998_179407_image.jpeg,Optimistic,0.8408,0.8408,0.1087,0.0066,0.0439
Sample_Dataset/Reichel/images_with_faces/336002_179410_image.jpeg,Neutral,0.5346,0.455,0.0093,0.0011,0.5346
Sample_Dataset/Reichel/images_with_faces/357504_180870_image.jpeg,Neutral,0.9415,0.0251,0.0104,0.023,0.9415
Sample_Dataset/Reichel/images_with_faces/357548_180890_image.jpeg,Optimistic,0.5907,0.5907,0.0048,0.3769,0.0276
Sample_Dataset/Reichel/images_with_faces/357574_180906_image.jpeg,Pessimistic,0.4578,0.0114,0.4578,0.1716,0.3592
Sample_Dataset/Reichel/images_with_faces/357581_180911_image.jpeg,Hostile,0.4588,0.0114,0.1069,0.4588,0.423
Sample_Dataset/Reichel/images_with_faces/357676_180953_image.jpeg,Hostile,0.7806,0.0077,0.1633,0.7806,0.0484
Sample_Dataset/Reichel/images_with_faces/357729_180967_image.jpeg,Neutral,0.5699,0.3564,0.0497,0.0241,0.5699
Sample_Dataset/Reichel/images_with_faces/357818_181008_image.jpeg,Hostile,0.4612,0.1227,0.0587,0.4612,0.3574
Sample_Dataset/Reichel/images_with_faces/358075_181096_image.jpeg,Optimistic,0.6264,0.6264,0.0093,0.0575,0.3067
Sample_Dataset/Reichel/images_with_faces/358240_181149_image.jpeg,Hostile,0.9946,0.0034,0.0014,0.9946,0.0006
Sample_Dataset/Reichel/images_with_faces/358245_181151_image.jpeg,Pessimistic,0.834,0.1523,0.834,0.0009,0.0127
Sample_Dataset/Reichel/images_with_faces/358282_181162_image.jpeg,Pessimistic,0.9088,0.0082,0.9088,0.0026,0.0804
Sample_Dataset/Reichel/images_with_faces/358310_181176_image.jpeg,Optimistic,0.6472,0.6472,0.1951,0.0036,0.1541
Sample_Dataset/Reichel/images_with_faces/358354_181190_image.jpeg,Pessimistic,0.9756,0.0007,0.9756,0.0036,0.02
Sample_Dataset/Reichel/images_with_faces/358425_181211_image.jpeg,Hostile,0.8927,0.0544,0.0476,0.8927,0.0053
Sample_Dataset/Reichel/images_with_faces/358470_181229_image.jpeg,Neutral,0.6951,0.2613,0.0404,0.0032,0.6951
Sample_Dataset/Reichel/images_with_faces/358471_181230_image.jpeg,Optimistic,0.6463,0.6463,0.3403,0.0026,0.0109
Sample_Dataset/Reichel/images_with_faces/358752_181325_image.jpeg,Optimistic,0.7055,0.7055,0.0285,0.2032,0.0628
Sample_Dataset/Reichel/images_with_faces/358789_181331_image.jpeg,Optimistic,0.7703,0.7703,0.0448,0.1754,0.0095
Sample_Dataset/Reichel/images_with_faces/358981_181391_image.jpeg,Neutral,0.9668,0.0034,0.024,0.0059,0.9668
Sample_Dataset/Reichel/images_with_faces/359062_181419_image.jpeg,Pessimistic,0.917,0.0435,0.917,0.034,0.0056
Sample_Dataset/Reichel/images_with_faces/359115_181432_image.jpeg,Hostile,0.5893,0.0363,0.3668,0.5893,0.0076
Sample_Dataset/Reichel/images_with_faces/359120_181434_image.jpeg,Hostile,0.7121,0.2728,0.0075,0.7121,0.0076
Sample_Dataset/Reichel/images_with_faces/359240_181456_image.jpeg,Optimistic,0.9937,0.9937,0.0002,0.0003,0.0058
Sample_Dataset/Reichel/images_with_faces/359242_181457_image.jpeg,Optimistic,0.9345,0.9345,0.0139,0.0024,0.0493
Sample_Dataset/Reichel/images_with_faces/359244_181459_image.jpeg,Optimistic,0.4539,0.4539,0.433,0.0678,0.0453
Sample_Dataset/Reichel/images_with_faces/359288_181469_image.jpeg,Optimistic,0.7772,0.7772,0.0376,0.0153,0.1699
Sample_Dataset/Reichel/images_with_faces/359297_181476_image.jpeg,Optimistic,0.4591,0.4591,0.0016,0.1441,0.3952
Sample_Dataset/Reichel/images_with_faces/359298_181477_image.jpeg,Hostile,0.9884,0.0029,0.0003,0.9884,0.0084
Sample_Dataset/Reichel/images_with_faces/359349_181480_image.jpeg,Optimistic,0.8507,0.8507,0.0467,0.0934,0.0091
Sample_Dataset/Reichel/images_with_faces/359455_181528_image.jpeg,Optimistic,0.9527,0.9527,0.0145,0.0228,0.01
Sample_Dataset/Reichel/images_with_faces/369889_183457_image.jpeg,Pessimistic,0.9926,0.0018,0.9926,0.0031,0.0026
Sample_Dataset/Reichel/images_with_faces/369895_183459_image.jpeg,Hostile,0.9513,0.0251,0.0031,0.9513,0.0205
Sample_Dataset/Reichel/images_with_faces/370293_183817_image.jpeg,Hostile,0.776,0.2085,0.0078,0.776,0.0077
Sample_Dataset/Reichel/images_with_faces/370340_183851_image.jpeg,Neutral,0.5597,0.0328,0.0001,0.4074,0.5597
Sample_Dataset/Reichel/images_with_faces/370375_183884_image.jpeg,Neutral,0.6357,0.3624,0.0003,0.0017,0.6357
Sample_Dataset/Reichel/images_with_faces/370377_183886_image.jpeg,Neutral,0.8306,0.1688,0.0001,0.0005,0.8306
Sample_Dataset/Reichel/images_with_faces/370407_183913_image.jpeg,Optimistic,0.632,0.632,0.0518,0.2392,0.0769
Sample_Dataset/Reichel/images_with_faces/370432_183939_image.jpeg,Neutral,0.5794,0.1468,0.0039,0.27,0.5794
Sample_Dataset/Reichel/images_with_faces/370444_183953_image.jpeg,Optimistic,0.4842,0.4842,0.1982,0.0089,0.3088
Sample_Dataset/Reichel/images_with_faces/370516_184024_image.jpeg,Hostile,0.8111,0.1762,0.0067,0.8111,0.0059
Sample_Dataset/Reichel/images_with_faces/370548_184050_image.jpeg,Hostile,0.9307,0.0071,0.0014,0.9307,0.0608
Sample_Dataset/Reichel/images_with_faces/370821_184230_image.jpeg,Optimistic,0.7855,0.7855,0.0195,0.1931,0.0019
Sample_Dataset/Reichel/images_with_faces/370823_184232_image.jpeg,Hostile,0.9631,0.0286,0.0079,0.9631,0.0004
Sample_Dataset/Reichel/images_with_faces/370880_184262_image.jpeg,Pessimistic,0.451,0.0934,0.451,0.1212,0.3344
Sample_Dataset/Reichel/images_with_faces/370932_184303_image.jpeg,Pessimistic,0.8587,0.0053,0.8587,0.0016,0.1344
Sample_Dataset/Reichel/images_with_faces/371002_184356_image.jpeg,Neutral,0.7804,0.0346,0.1811,0.0038,0.7804
Sample_Dataset/Reichel/images_with_faces/371051_184388_image.jpeg,Pessimistic,0.6782,0.0114,0.6782,0.1231,0.1872
Sample_Dataset/Reichel/images_with_faces/371073_184399_image.jpeg,Pessimistic,0.505,0.01,0.505,0.2255,0.2596
Sample_Dataset/Reichel/images_with_faces/371394_184601_image.jpeg,Optimistic,0.9996,0.9996,0.0001,0.0003,0.0
Sample_Dataset/Reichel/images_with_faces/371402_184602_image.jpeg,Optimistic,0.9766,0.9766,0.001,0.0042,0.0181
Sample_Dataset/Reichel/images_with_faces/371956_184823_image.jpeg,Neutral,0.9713,0.0286,0.0,0.0001,0.9713
Sample_Dataset/Reichel/images_with_faces/371962_184826_image.jpeg,Optimistic,0.9858,0.9858,0.0089,0.004,0.0013
Sample_Dataset/Reichel/images_with_faces/371980_184831_image.jpeg,Optimistic,0.9633,0.9633,0.0003,0.0002,0.0361
Sample_Dataset/Reichel/images_with_faces/372290_184860_image.jpeg,Neutral,0.7382,0.0863,0.1692,0.0063,0.7382
Sample_Dataset/Reichel/images_with_faces/372322_184883_image.jpeg,Optimistic,0.9759,0.9759,0.0051,0.0031,0.0159
Sample_Dataset/Reichel/images_with_faces/378635_190822_image.jpeg,Pessimistic,0.6641,0.0135,0.6641,0.0629,0.2594
Sample_Dataset/Reichel/images_with_faces/378719_190902_image.jpeg,Neutral,0.5284,0.4638,0.0026,0.0051,0.5284
Sample_Dataset/Reichel/images_with_faces/378748_190930_image.jpeg,Optimistic,0.5365,0.5365,0.0017,0.1247,0.3371
Sample_Dataset/Reichel/images_with_faces/378939_191072_image.jpeg,Neutral,0.6559,0.3419,0.0009,0.0013,0.6559
Sample_Dataset/Reichel/images_with_faces/379141_191247_image.jpeg,Optimistic,0.8861,0.8861,0.095,0.0005,0.0184
Sample_Dataset/Reichel/images_with_faces/379419_191461_image.jpeg,Neutral,0.4807,0.3487,0.0589,0.1117,0.4807
Sample_Dataset/Reichel/images_with_faces/379421_191464_image.jpeg,Optimistic,0.7822,0.7822,0.0476,0.0408,0.1295
Sample_Dataset/Reichel/images_with_faces/379601_191597_image.jpeg,Pessimistic,0.4928,0.0125,0.4928,0.4649,0.0298
Sample_Dataset/Reichel/images_with_faces/380310_192125_image.jpeg,Optimistic,0.9834,0.9834,0.0,0.0018,0.0148
Sample_Dataset/Reichel/images_with_faces/380322_192129_image.jpeg,Neutral,0.7085,0.2548,0.0036,0.0331,0.7085
Sample_Dataset/Reichel/images_with_faces/380686_192217_image.jpeg,Optimistic,0.6521,0.6521,0.0012,0.0024,0.3443
Sample_Dataset/Reichel/images_with_faces/380690_192221_image.jpeg,Pessimistic,0.4559,0.0777,0.4559,0.1222,0.3442
Sample_Dataset/Reichel/images_with_faces/385925_196296_image.jpeg,Hostile,0.9901,0.005,0.0001,0.9901,0.0047
Sample_Dataset/Reichel/images_with_faces/386172_196486_image.jpeg,Optimistic,0.9432,0.9432,0.0077,0.0443,0.0048
Sample_Dataset/Reichel/images_with_faces/387349_197452_image.jpeg,Neutral,0.5867,0.0251,0.0054,0.3828,0.5867
Sample_Dataset/Reichel/images_with_faces/387488_197538_image.jpeg,Neutral,0.6433,0.0285,0.0004,0.3278,0.6433
Sample_Dataset/Reichel/images_with_faces/387535_197578_image.jpeg,Optimistic,0.4997,0.4997,0.072,0.036,0.3923
Sample_Dataset/Reichel/images_with_faces/387768_197718_image.jpeg,Neutral,0.5845,0.0649,0.0526,0.298,0.5845
Sample_Dataset/Reichel/images_with_faces/387799_197738_image.jpeg,Optimistic,0.8659,0.8659,0.0349,0.0603,0.0389
Sample_Dataset/Reichel/images_with_faces/387862_197796_image.jpeg,Neutral,0.4229,0.3974,0.0435,0.1362,0.4229
Sample_Dataset/Reichel/images_with_faces/387876_197808_image.jpeg,Optimistic,0.679,0.679,0.2081,0.0079,0.105
Sample_Dataset/Reichel/images_with_faces/387879_197809_image.jpeg,Optimistic,0.9019,0.9019,0.0027,0.0068,0.0886
Sample_Dataset/Reichel/images_with_faces/387893_197819_image.jpeg,Unknown,0.3432,0.3129,0.3432,0.1686,0.1753
Sample_Dataset/Reichel/images_with_faces/389829_199214_image.jpeg,Optimistic,0.9624,0.9624,0.0005,0.0345,0.0025
Sample_Dataset/Reichel/images_with_faces/389834_199218_image.jpeg,Optimistic,0.5384,0.5384,0.3997,0.0233,0.0386
Sample_Dataset/Reichel/images_with_faces/389866_199235_image.jpeg,Hostile,0.8964,0.0975,0.0045,0.8964,0.0016
Sample_Dataset/Reichel/images_with_faces/389888_199256_image.jpeg,Optimistic,0.9982,0.9982,0.0012,0.0004,0.0002
Sample_Dataset/Reichel/images_with_faces/389979_199312_image.jpeg,Pessimistic,0.8591,0.1312,0.8591,0.0009,0.0088
Sample_Dataset/Reichel/images_with_faces/390011_199324_image.jpeg,Optimistic,0.5734,0.5734,0.0012,0.3858,0.0396
Sample_Dataset/Reichel/images_with_faces/390034_199334_image.jpeg,Pessimistic,0.4488,0.1396,0.4488,0.0014,0.4102
Sample_Dataset/Reichel/images_with_faces/390063_199341_image.jpeg,Optimistic,0.565,0.565,0.0014,0.3819,0.0516
Sample_Dataset/Reichel/images_with_faces/392496_201133_image.jpeg,Neutral,0.5726,0.4074,0.0017,0.0183,0.5726
Sample_Dataset/Reichel/images_with_faces/392498_201135_image.jpeg,Optimistic,0.6481,0.6481,0.0614,0.0443,0.2462
Sample_Dataset/Reichel/images_with_faces/392646_201231_image.jpeg,Pessimistic,0.93,0.0519,0.93,0.0138,0.0042
Sample_Dataset/Reichel/images_with_faces/392699_201260_image.jpeg,Optimistic,0.9981,0.9981,0.0,0.0012,0.0006
Sample_Dataset/Reichel/images_with_faces/392717_201269_image.jpeg,Optimistic,0.8443,0.8443,0.0622,0.0001,0.0933
Sample_Dataset/Reichel/images_with_faces/395160_202904_image.jpeg,Hostile,0.8901,0.1052,0.0003,0.8901,0.0044
Sample_Dataset/Reichel/images_with_faces/395186_202930_image.jpeg,Neutral,0.8005,0.1123,0.0077,0.0795,0.8005
Sample_Dataset/Reichel/images_with_faces/395189_202933_image.jpeg,Neutral,0.9952,0.0001,0.0019,0.0028,0.9952
Sample_Dataset/Reichel/images_with_faces/395208_202945_image.jpeg,Optimistic,0.9818,0.9818,0.0085,0.0003,0.0094
Sample_Dataset/Reichel/images_with_faces/395352_203028_image.jpeg,Optimistic,0.9374,0.9374,0.0057,0.0079,0.0491
Sample_Dataset/Reichel/images_with_faces/395417_203061_image.jpeg,Optimistic,0.6799,0.6799,0.0859,0.0159,0.2183
Sample_Dataset/Reichel/images_with_faces/395420_203064_image.jpeg,Optimistic,0.7354,0.7354,0.0004,0.0724,0.1918
Sample_Dataset/Reichel/images_with_faces/395421_203065_image.jpeg,Optimistic,0.8582,0.8582,0.0005,0.0868,0.0545
Sample_Dataset/Reichel/images_with_faces/395424_203068_image.jpeg,Optimistic,0.6777,0.6777,0.0021,0.2617,0.0585
Sample_Dataset/Reichel/images_with_faces/395425_203069_image.jpeg,Optimistic,0.5717,0.5717,0.0002,0.3617,0.0664
Sample_Dataset/Reichel/images_with_faces/395426_203070_image.jpeg,Optimistic,0.7484,0.7484,0.001,0.0118,0.2388
Sample_Dataset/Reichel/images_with_faces/395427_203071_image.jpeg,Optimistic,0.4641,0.4641,0.0029,0.2618,0.2712
Sample_Dataset/Reichel/images_with_faces/395450_203079_image.jpeg,Neutral,0.9512,0.0077,0.0394,0.0017,0.9512
Sample_Dataset/Reichel/images_with_faces/397482_204399_image.jpeg,Neutral,0.6424,0.325,0.009,0.0237,0.6424
Sample_Dataset/Reichel/images_with_faces/397506_204421_image.jpeg,Pessimistic,0.5206,0.0294,0.5206,0.027,0.423
Sample_Dataset/Reichel/images_with_faces/397514_204427_image.jpeg,Neutral,0.7068,0.001,0.2916,0.0005,0.7068
Sample_Dataset/Reichel/images_with_faces/397533_204435_image.jpeg,Optimistic,0.5611,0.5611,0.0068,0.1457,0.2865
Sample_Dataset/Reichel/images_with_faces/397552_204447_image.jpeg,Pessimistic,0.7822,0.0592,0.7822,0.0246,0.1339
Sample_Dataset/Reichel/images_with_faces/397554_204449_image.jpeg,Neutral,0.474,0.1808,0.2552,0.09,0.474
Sample_Dataset/Reichel/images_with_faces/397555_204450_image.jpeg,Pessimistic,0.9992,0.0005,0.9992,0.0002,0.0002
Sample_Dataset/Reichel/images_with_faces/397577_204469_image.jpeg,Optimistic,0.9936,0.9936,0.0004,0.0,0.0059
Sample_Dataset/Reichel/images_with_faces/397578_204470_image.jpeg,Neutral,0.9939,0.0053,0.0005,0.0004,0.9939
Sample_Dataset/Reichel/images_with_faces/397636_204487_image.jpeg,Neutral,0.775,0.1356,0.0212,0.0681,0.775
Sample_Dataset/Reichel/images_with_faces/398007_204753_image.jpeg,Hostile,0.9012,0.012,0.0178,0.9012,0.0689
Sample_Dataset/Reichel/images_with_faces/398084_204821_image.jpeg,Neutral,0.6828,0.2243,0.0641,0.0288,0.6828
Sample_Dataset/Reichel/images_with_faces/398086_204823_image.jpeg,Neutral,0.5136,0.424,0.0386,0.0238,0.5136
Sample_Dataset/Reichel/images_with_faces/398273_204955_image.jpeg,Neutral,0.44,0.269,0.1476,0.1433,0.44
Sample_Dataset/Reichel/images_with_faces/402524_208525_image.jpeg,Optimistic,0.6137,0.6137,0.0173,0.0066,0.3624
Sample_Dataset/Reichel/images_with_faces/402528_208530_image.jpeg,Optimistic,0.56,0.56,0.006,0.2721,0.1619
Sample_Dataset/Reichel/images_with_faces/402529_208531_image.jpeg,Pessimistic,0.7975,0.1094,0.7975,0.0686,0.0245
Sample_Dataset/Reichel/images_with_faces/402544_208546_image.jpeg,Unknown,0.3678,0.3678,0.2542,0.2384,0.1396
Sample_Dataset/Reichel/images_with_faces/402552_208554_image.jpeg,Pessimistic,0.8265,0.0899,0.8265,0.0014,0.0822
Sample_Dataset/Reichel/images_with_faces/402646_208650_image.jpeg,Neutral,0.9732,0.0221,0.0012,0.0035,0.9732
Sample_Dataset/Reichel/images_with_faces/402650_208654_image.jpeg,Neutral,0.9539,0.0404,0.0037,0.002,0.9539
Sample_Dataset/Reichel/images_with_faces/402679_208681_image.jpeg,Neutral,0.8708,0.0888,0.0102,0.0302,0.8708
Sample_Dataset/Reichel/images_with_faces/402819_208785_image.jpeg,Neutral,0.5592,0.4112,0.0044,0.0252,0.5592
Sample_Dataset/Reichel/images_with_faces/402897_208857_image.jpeg,Neutral,0.7613,0.19,0.0235,0.0252,0.7613
Sample_Dataset/Reichel/images_with_faces/403005_208938_image.jpeg,Pessimistic,0.489,0.2095,0.489,0.0493,0.2522
Sample_Dataset/Reichel/images_with_faces/403017_208947_image.jpeg,Optimistic,0.9721,0.9721,0.0128,0.0064,0.0086
Sample_Dataset/Reichel/images_with_faces/403076_208992_image.jpeg,Unknown,0.3227,0.3227,0.2084,0.2712,0.1977
Sample_Dataset/Reichel/images_with_faces/403090_209000_image.jpeg,Hostile,0.4452,0.2014,0.0044,0.4452,0.3489
Sample_Dataset/Reichel/images_with_faces/403175_209056_image.jpeg,Optimistic,0.9988,0.9988,0.0,0.0008,0.0003
Sample_Dataset/Reichel/images_with_faces/403296_209107_image.jpeg,Neutral,0.9215,0.0396,0.0221,0.0168,0.9215
Sample_Dataset/Reichel/images_with_faces/403310_209113_image.jpeg,Optimistic,0.8775,0.8775,0.0,0.0991,0.0234
Sample_Dataset/Reichel/images_with_faces/403482_209204_image.jpeg,Optimistic,0.745,0.745,0.0407,0.0311,0.1831
Sample_Dataset/Reichel/images_with_faces/403830_209338_image.jpeg,Pessimistic,0.8183,0.1685,0.8183,0.0018,0.0113
Sample_Dataset/Reichel/images_with_faces/403880_209363_image.jpeg,Hostile,0.984,0.0122,0.0015,0.984,0.0024
Sample_Dataset/Reichel/images_with_faces/403989_209417_image.jpeg,Optimistic,0.5657,0.5657,0.0126,0.4122,0.0095
Sample_Dataset/Reichel/images_with_faces/404097_209462_image.jpeg,Hostile,0.9242,0.0271,0.0129,0.9242,0.0358
Sample_Dataset/Reichel/images_with_faces/404110_209466_image.jpeg,Neutral,0.5527,0.1057,0.0134,0.3281,0.5527
Sample_Dataset/Reichel/images_with_faces/404251_209550_image.jpeg,Neutral,0.7232,0.0327,0.2423,0.0018,0.7232
Sample_Dataset/Reichel/images_with_faces/407367_211558_image.jpeg,Neutral,0.4752,0.0135,0.0527,0.4587,0.4752
Sample_Dataset/Reichel/images_with_faces/407375_211567_image.jpeg,Neutral,0.9812,0.0185,0.0001,0.0001,0.9812
Sample_Dataset/Reichel/images_with_faces/407395_211587_image.jpeg,Neutral,0.7506,0.2395,0.0008,0.0091,0.7506
Sample_Dataset/Reichel/images_with_faces/407409_211600_image.jpeg,Hostile,0.9123,0.0247,0.0467,0.9123,0.0163
Sample_Dataset/Reichel/images_with_faces/407412_211603_image.jpeg,Optimistic,0.5526,0.5526,0.0736,0.0432,0.3306
Sample_Dataset/Reichel/images_with_faces/407419_211611_image.jpeg,Hostile,0.7882,0.1334,0.0022,0.7882,0.0762
Sample_Dataset/Reichel/images_with_faces/407422_211614_image.jpeg,Neutral,0.9839,0.013,0.001,0.002,0.9839
Sample_Dataset/Reichel/images_with_faces/407425_211617_image.jpeg,Neutral,0.6325,0.2127,0.031,0.1237,0.6325
Sample_Dataset/Reichel/images_with_faces/407460_211652_image.jpeg,Neutral,0.9626,0.0327,0.0005,0.0041,0.9626
Sample_Dataset/Reichel/images_with_faces/407480_211670_image.jpeg,Hostile,0.8111,0.1754,0.0065,0.8111,0.007
Sample_Dataset/Reichel/images_with_faces/407512_211702_image.jpeg,Neutral,0.8583,0.139,0.0004,0.0024,0.8583
Sample_Dataset/Reichel/images_with_faces/407514_211704_image.jpeg,Pessimistic,0.4975,0.0295,0.4975,0.2769,0.1961
Sample_Dataset/Reichel/images_with_faces/407524_211712_image.jpeg,Neutral,0.5757,0.3908,0.0002,0.0332,0.5757
Sample_Dataset/Reichel/images_with_faces/407583_211756_image.jpeg,Neutral,0.5154,0.056,0.3484,0.0802,0.5154
Sample_Dataset/Reichel/images_with_faces/407598_211771_image.jpeg,Neutral,0.9143,0.0231,0.0617,0.001,0.9143
Sample_Dataset/Reichel/images_with_faces/407620_211796_image.jpeg,Unknown,0.3542,0.3542,0.1659,0.1314,0.3485
Sample_Dataset/Reichel/images_with_faces/407623_211798_image.jpeg,Neutral,0.8216,0.1508,0.0022,0.0254,0.8216
Sample_Dataset/Reichel/images_with_faces/407706_211861_image.jpeg,Hostile,0.517,0.232,0.0024,0.517,0.2485
Sample_Dataset/Reichel/images_with_faces/407850_211930_image.jpeg,Hostile,0.6068,0.0473,0.2552,0.6068,0.0907
Sample_Dataset/Reichel/images_with_faces/407852_211932_image.jpeg,Pessimistic,0.9183,0.0124,0.9183,0.0277,0.0416
Sample_Dataset/Reichel/images_with_faces/408028_212001_image.jpeg,Hostile,0.8589,0.0533,0.0123,0.8589,0.0755
Sample_Dataset/Reichel/images_with_faces/408035_212002_image.jpeg,Optimistic,0.4338,0.4338,0.213,0.2445,0.1086
Sample_Dataset/Reichel/images_with_faces/408239_212109_image.jpeg,Hostile,0.678,0.1205,0.0454,0.678,0.1561
Sample_Dataset/Reichel/images_with_faces/408255_212118_image.jpeg,Optimistic,0.6575,0.6575,0.1749,0.0643,0.1034
Sample_Dataset/Reichel/images_with_faces/408366_212161_image.jpeg,Neutral,0.8302,0.0414,0.1241,0.0043,0.8302
Sample_Dataset/Reichel/images_with_faces/408653_212361_image.jpeg,Hostile,0.5346,0.0282,0.2052,0.5346,0.232
Sample_Dataset/Reichel/images_with_faces/408658_212362_image.jpeg,Neutral,0.4913,0.2863,0.0473,0.1751,0.4913
Sample_Dataset/Reichel/images_with_faces/409153_212567_image.jpeg,Unknown,0.3644,0.2095,0.1034,0.3644,0.3227
Sample_Dataset/Reichel/images_with_faces/409228_212625_image.jpeg,Neutral,0.9951,0.0022,0.0004,0.0024,0.9951
Sample_Dataset/Reichel/images_with_faces/409246_212639_image.jpeg,Neutral,0.5599,0.4328,0.001,0.0063,0.5599
Sample_Dataset/Reichel/images_with_faces/409412_212725_image.jpeg,Optimistic,0.9164,0.9164,0.0,0.0014,0.0822
Sample_Dataset/Reichel/images_with_faces/409478_212787_image.jpeg,Neutral,0.9162,0.0806,0.0001,0.0031,0.9162
Sample_Dataset/Reichel/images_with_faces/409498_212793_image.jpeg,Optimistic,0.5006,0.5006,0.1251,0.1269,0.2474
Sample_Dataset/Reichel/images_with_faces/409680_212923_image.jpeg,Pessimistic,0.5299,0.1029,0.5299,0.2664,0.1008
Sample_Dataset/Reichel/images_with_faces/409681_212924_image.jpeg,Optimistic,0.9936,0.9936,0.0002,0.0036,0.0026
Sample_Dataset/Reichel/images_with_faces/415220_216716_image.jpeg,Neutral,0.7095,0.1565,0.0791,0.0549,0.7095
Sample_Dataset/Reichel/images_with_faces/415644_217178_image.jpeg,Optimistic,0.6498,0.6498,0.0037,0.1996,0.147
Sample_Dataset/Reichel/images_with_faces/415660_217196_image.jpeg,Optimistic,0.8104,0.8104,0.0487,0.0461,0.0948
Sample_Dataset/Reichel/images_with_faces/415662_217198_image.jpeg,Optimistic,0.9447,0.9447,0.0003,0.0004,0.0546
Sample_Dataset/Reichel/images_with_faces/415663_217199_image.jpeg,Neutral,0.5119,0.244,0.0276,0.2166,0.5119
Sample_Dataset/Reichel/images_with_faces/415676_217218_image.jpeg,Neutral,0.4886,0.2681,0.0047,0.2386,0.4886
Sample_Dataset/Reichel/images_with_faces/415685_217226_image.jpeg,Neutral,0.553,0.1882,0.0036,0.2552,0.553
Sample_Dataset/Reichel/images_with_faces/415701_217245_image.jpeg,Neutral,0.5746,0.0528,0.2592,0.1134,0.5746
Sample_Dataset/Reichel/images_with_faces/415704_217248_image.jpeg,Optimistic,0.6911,0.6911,0.0063,0.0192,0.2834
Sample_Dataset/Reichel/images_with_faces/415759_217298_image.jpeg,Pessimistic,0.4913,0.0115,0.4913,0.088,0.4092
Sample_Dataset/Reichel/images_with_faces/415767_217307_image.jpeg,Optimistic,0.9542,0.9542,0.001,0.0007,0.0442
Sample_Dataset/Reichel/images_with_faces/415770_217310_image.jpeg,Neutral,0.5588,0.0045,0.3969,0.0398,0.5588
Sample_Dataset/Reichel/images_with_faces/415820_217363_image.jpeg,Pessimistic,0.658,0.0135,0.658,0.0552,0.2734
Sample_Dataset/Reichel/images_with_faces/415828_217371_image.jpeg,Neutral,0.628,0.2564,0.1119,0.0037,0.628
Sample_Dataset/Reichel/images_with_faces/415852_217396_image.jpeg,Neutral,0.5645,0.1067,0.0009,0.3279,0.5645
Sample_Dataset/Reichel/images_with_faces/415860_217406_image.jpeg,Optimistic,0.6907,0.6907,0.0005,0.0032,0.3056
Sample_Dataset/Reichel/images_with_faces/415863_217411_image.jpeg,Neutral,0.6526,0.3396,0.0002,0.0076,0.6526
Sample_Dataset/Reichel/images_with_faces/415968_217483_image.jpeg,Optimistic,0.5345,0.5345,0.037,0.0103,0.4182
Sample_Dataset/Reichel/images_with_faces/416000_217509_image.jpeg,Neutral,0.6772,0.1981,0.0529,0.0718,0.6772
Sample_Dataset/Reichel/images_with_faces/416006_217515_image.jpeg,Optimistic,0.4797,0.4797,0.0165,0.0262,0.4775
Sample_Dataset/Reichel/images_with_faces/416135_217614_image.jpeg,Optimistic,0.6482,0.6482,0.0007,0.0051,0.346
Sample_Dataset/Reichel/images_with_faces/416148_217624_image.jpeg,Optimistic,0.6576,0.6576,0.0003,0.0111,0.3309
Sample_Dataset/Reichel/images_with_faces/416256_217661_image.jpeg,Neutral,0.9801,0.0166,0.0007,0.0025,0.9801
Sample_Dataset/Reichel/images_with_faces/416259_217663_image.jpeg,Neutral,0.6001,0.2235,0.0325,0.144,0.6001
Sample_Dataset/Reichel/images_with_faces/416348_217698_image.jpeg,Hostile,0.692,0.0567,0.1632,0.692,0.088
Sample_Dataset/Reichel/images_with_faces/416368_217700_image.jpeg,Optimistic,0.6394,0.6394,0.0121,0.0158,0.3327
Sample_Dataset/Reichel/images_with_faces/416418_217718_image.jpeg,Neutral,0.8937,0.0259,0.0062,0.0742,0.8937
Sample_Dataset/Reichel/images_with_faces/416538_217784_image.jpeg,Pessimistic,0.9254,0.0006,0.9254,0.0484,0.0257
Sample_Dataset/Reichel/images_with_faces/416830_217944_image.jpeg,Neutral,0.9553,0.0439,0.0001,0.0006,0.9553
Sample_Dataset/Reichel/images_with_faces/416836_217949_image.jpeg,Optimistic,0.8376,0.8376,0.0076,0.0323,0.1225
Sample_Dataset/Reichel/images_with_faces/416890_217990_image.jpeg,Hostile,0.8701,0.011,0.0021,0.8701,0.1168
Sample_Dataset/Reichel/images_with_faces/417006_218060_image.jpeg,Pessimistic,0.8546,0.0549,0.8546,0.0078,0.0827
Sample_Dataset/Reichel/images_with_faces/417198_218180_image.jpeg,Neutral,0.9215,0.0645,0.0106,0.0034,0.9215
Sample_Dataset/Reichel/images_with_faces/417249_218201_image.jpeg,Pessimistic,0.7655,0.0348,0.7655,0.1826,0.0171
Sample_Dataset/Reichel/images_with_faces/417291_218242_image.jpeg,Optimistic,0.7475,0.7475,0.0002,0.0003,0.252
Sample_Dataset/Reichel/images_with_faces/417405_218317_image.jpeg,Optimistic,0.6921,0.6921,0.0057,0.014,0.2882
Sample_Dataset/Reichel/images_with_faces/417411_218320_image.jpeg,Optimistic,0.908,0.908,0.0022,0.0004,0.0895
Sample_Dataset/Reichel/images_with_faces/417418_218324_image.jpeg,Optimistic,0.9163,0.9163,0.003,0.0034,0.0773
Sample_Dataset/Reichel/images_with_faces/417427_218326_image.jpeg,Optimistic,0.9384,0.9384,0.0188,0.0128,0.03
Sample_Dataset/Reichel/images_with_faces/417430_218328_image.jpeg,Neutral,0.6465,0.0337,0.221,0.0988,0.6465
Sample_Dataset/Reichel/images_with_faces/417431_218330_image.jpeg,Optimistic,0.9276,0.9276,0.0,0.0558,0.0166
Sample_Dataset/Reichel/images_with_faces/425576_224124_image.jpeg,Optimistic,0.6117,0.6117,0.0002,0.0017,0.3865
Sample_Dataset/Reichel/images_with_faces/425578_224127_image.jpeg,Neutral,0.5555,0.4405,0.0003,0.0036,0.5555
Sample_Dataset/Reichel/images_with_faces/425585_224134_image.jpeg,Optimistic,0.6415,0.6415,0.0003,0.0097,0.3486
Sample_Dataset/Reichel/images_with_faces/425589_224138_image.jpeg,Optimistic,0.8298,0.8298,0.0002,0.0121,0.1579
Sample_Dataset/Reichel/images_with_faces/425601_224151_image.jpeg,Neutral,0.9682,0.0303,0.0004,0.0011,0.9682
Sample_Dataset/Reichel/images_with_faces/425614_224165_image.jpeg,Neutral,0.9099,0.0787,0.0023,0.0092,0.9099
Sample_Dataset/Reichel/images_with_faces/425620_224173_image.jpeg,Neutral,0.6467,0.3415,0.0039,0.0079,0.6467
Sample_Dataset/Reichel/images_with_faces/425625_224181_image.jpeg,Neutral,0.8193,0.1749,0.0026,0.0032,0.8193
Sample_Dataset/Reichel/images_with_faces/425652_224202_image.jpeg,Pessimistic,0.5143,0.1068,0.5143,0.0459,0.3329
Sample_Dataset/Reichel/images_with_faces/425716_224269_image.jpeg,Neutral,0.9715,0.0096,0.0004,0.0186,0.9715
Sample_Dataset/Reichel/images_with_faces/425816_224356_image.jpeg,Optimistic,0.7479,0.7479,0.0036,0.122,0.1265
Sample_Dataset/Reichel/images_with_faces/425826_224362_image.jpeg,Optimistic,0.9792,0.9792,0.0029,0.0001,0.0179
Sample_Dataset/Reichel/images_with_faces/425863_224388_image.jpeg,Neutral,0.7417,0.2488,0.0019,0.0076,0.7417
Sample_Dataset/Reichel/images_with_faces/425905_224421_image.jpeg,Neutral,0.4502,0.3034,0.1035,0.1429,0.4502
Sample_Dataset/Reichel/images_with_faces/425915_224428_image.jpeg,Neutral,0.9464,0.0418,0.0022,0.0096,0.9464
Sample_Dataset/Reichel/images_with_faces/425919_224432_image.jpeg,Optimistic,0.6481,0.6481,0.0004,0.0236,0.3279
Sample_Dataset/Reichel/images_with_faces/425947_224449_image.jpeg,Optimistic,0.6399,0.6399,0.0132,0.0669,0.28
Sample_Dataset/Reichel/images_with_faces/426114_224601_image.jpeg,Neutral,0.9357,0.0628,0.0001,0.0014,0.9357
Sample_Dataset/Reichel/images_with_faces/426142_224617_image.jpeg,Pessimistic,0.7643,0.0547,0.7643,0.0831,0.0979
Sample_Dataset/Reichel/images_with_faces/426149_224624_image.jpeg,Optimistic,0.881,0.881,0.001,0.0845,0.0335
Sample_Dataset/Reichel/images_with_faces/426165_224635_image.jpeg,Optimistic,0.9723,0.9723,0.0017,0.0003,0.0257
Sample_Dataset/Reichel/images_with_faces/426166_224636_image.jpeg,Hostile,0.9439,0.0376,0.0012,0.9439,0.0173
Sample_Dataset/Reichel/images_with_faces/426203_224657_image.jpeg,Neutral,0.9936,0.003,0.0001,0.0033,0.9936
Sample_Dataset/Reichel/images_with_faces/426210_224661_image.jpeg,Neutral,0.8957,0.0926,0.0088,0.0029,0.8957
Sample_Dataset/Reichel/images_with_faces/426232_224674_image.jpeg,Neutral,0.9978,0.0014,0.0,0.0008,0.9978
Sample_Dataset/Reichel/images_with_faces/426242_224679_image.jpeg,Neutral,0.9623,0.0108,0.0,0.0269,0.9623
Sample_Dataset/Reichel/images_with_faces/426308_224720_image.jpeg,Neutral,0.9792,0.0068,0.0,0.0139,0.9792
Sample_Dataset/Reichel/images_with_faces/426326_224737_image.jpeg,Pessimistic,0.8568,0.0194,0.8568,0.0057,0.1181
Sample_Dataset/Reichel/images_with_faces/426345_224747_image.jpeg,Hostile,0.708,0.246,0.0016,0.708,0.0443
Sample_Dataset/Reichel/images_with_faces/426577_224855_image.jpeg,Hostile,0.692,0.0567,0.1632,0.692,0.088
Sample_Dataset/Reichel/images_with_faces/426591_224856_image.jpeg,Optimistic,0.5768,0.5768,0.0063,0.0306,0.3863
Sample_Dataset/Reichel/images_with_faces/426600_224862_image.jpeg,Hostile,0.6742,0.138,0.0032,0.6742,0.1846
Sample_Dataset/Reichel/images_with_faces/426749_224934_image.jpeg,Pessimistic,0.9358,0.0005,0.9358,0.0392,0.0245
Sample_Dataset/Reichel/images_with_faces/426781_224944_image.jpeg,Pessimistic,0.9056,0.0292,0.9056,0.0419,0.0232
Sample_Dataset/Reichel/images_with_faces/426792_224949_image.jpeg,Hostile,0.805,0.1247,0.0052,0.805,0.0651
Sample_Dataset/Reichel/images_with_faces/427684_225395_image.jpeg,Unknown,0.3403,0.2972,0.1014,0.2611,0.3403
Sample_Dataset/Reichel/images_with_faces/427688_225399_image.jpeg,Hostile,0.9727,0.0254,0.0002,0.9727,0.0017
Sample_Dataset/Reichel/images_with_faces/427857_225532_image.jpeg,Hostile,0.5937,0.092,0.0037,0.5937,0.3106
Sample_Dataset/Reichel/images_with_faces/427858_225533_image.jpeg,Pessimistic,0.5151,0.2039,0.5151,0.0374,0.2435
Sample_Dataset/Reichel/images_with_faces/427877_225536_image.jpeg,Neutral,0.7816,0.183,0.0097,0.0257,0.7816
Sample_Dataset/Reichel/images_with_faces/427878_225539_image.jpeg,Optimistic,0.9644,0.9644,0.0008,0.0048,0.0299
Sample_Dataset/Reichel/images_with_faces/427917_225542_image.jpeg,Neutral,0.6264,0.1639,0.0028,0.2069,0.6264
Sample_Dataset/Reichel/images_with_faces/427918_225543_image.jpeg,Pessimistic,0.6273,0.0262,0.6273,0.2069,0.1396
Sample_Dataset/Reichel/images_with_faces/428094_225681_image.jpeg,Neutral,0.4378,0.3168,0.0485,0.1969,0.4378
Sample_Dataset/Reichel/images_with_faces/438530_228393_image.jpeg,Hostile,0.7649,0.0077,0.149,0.7649,0.0784
Sample_Dataset/Reichel/images_with_faces/438645_228499_image.jpeg,Optimistic,0.9957,0.9957,0.0001,0.0042,0.0001
Sample_Dataset/Reichel/images_with_faces/439033_228804_image.jpeg,Neutral,0.9753,0.0234,0.0004,0.0009,0.9753
Sample_Dataset/Reichel/images_with_faces/439034_228805_image.jpeg,Neutral,0.6502,0.3041,0.0144,0.0313,0.6502
Sample_Dataset/Reichel/images_with_faces/439065_228841_image.jpeg,Optimistic,0.5265,0.5265,0.005,0.0483,0.4203
Sample_Dataset/Reichel/images_with_faces/439086_228863_image.jpeg,Neutral,0.5676,0.422,0.0007,0.0096,0.5676
Sample_Dataset/Reichel/images_with_faces/439096_228874_image.jpeg,Optimistic,0.5316,0.5316,0.0086,0.0318,0.428
Sample_Dataset/Reichel/images_with_faces/439099_228877_image.jpeg,Neutral,0.8126,0.1805,0.0003,0.0067,0.8126
Sample_Dataset/Reichel/images_with_faces/439101_228879_image.jpeg,Neutral,0.9353,0.0283,0.0001,0.0363,0.9353
Sample_Dataset/Reichel/images_with_faces/439102_228881_image.jpeg,Neutral,0.9796,0.0096,0.0,0.0108,0.9796
Sample_Dataset/Reichel/images_with_faces/439105_228884_image.jpeg,Neutral,0.8707,0.0969,0.0005,0.0319,0.8707
Sample_Dataset/Reichel/images_with_faces/439115_228896_image.jpeg,Neutral,0.9628,0.035,0.0001,0.0021,0.9628
Sample_Dataset/Reichel/images_with_faces/439122_228903_image.jpeg,Neutral,0.9745,0.0128,0.0,0.0126,0.9745
Sample_Dataset/Reichel/images_with_faces/439124_228905_image.jpeg,Neutral,0.9804,0.0098,0.0,0.0098,0.9804
Sample_Dataset/Reichel/images_with_faces/439135_228918_image.jpeg,Optimistic,0.7282,0.7282,0.0022,0.0229,0.2467
Sample_Dataset/Reichel/images_with_faces/439141_228924_image.jpeg,Neutral,0.8191,0.125,0.0087,0.0473,0.8191
Sample_Dataset/Reichel/images_with_faces/439143_228926_image.jpeg,Neutral,0.9885,0.0071,0.0001,0.0043,0.9885
Sample_Dataset/Reichel/images_with_faces/439144_228927_image.jpeg,Neutral,0.9754,0.0156,0.0002,0.0088,0.9754
Sample_Dataset/Reichel/images_with_faces/439145_228928_image.jpeg,Neutral,0.6711,0.3123,0.0007,0.0158,0.6711
Sample_Dataset/Reichel/images_with_faces/439147_228930_image.jpeg,Optimistic,0.7954,0.7954,0.0004,0.0227,0.1815
Sample_Dataset/Reichel/images_with_faces/439148_228931_image.jpeg,Optimistic,0.6984,0.6984,0.0004,0.0266,0.2747
Sample_Dataset/Reichel/images_with_faces/439150_228933_image.jpeg,Hostile,0.7395,0.0213,0.0588,0.7395,0.1804
Sample_Dataset/Reichel/images_with_faces/439157_228941_image.jpeg,Optimistic,0.8165,0.8165,0.0087,0.0556,0.1192
Sample_Dataset/Reichel/images_with_faces/439158_228942_image.jpeg,Optimistic,0.7433,0.7433,0.0088,0.0588,0.1891
Sample_Dataset/Reichel/images_with_faces/439239_229017_image.jpeg,Hostile,0.4547,0.1659,0.0046,0.4547,0.3748
Sample_Dataset/Reichel/images_with_faces/439243_229022_image.jpeg,Hostile,0.9982,0.001,0.0002,0.9982,0.0006
Sample_Dataset/Reichel/images_with_faces/439311_229103_image.jpeg,Neutral,0.6357,0.0467,0.0605,0.2571,0.6357
Sample_Dataset/Reichel/images_with_faces/439312_229105_image.jpeg,Neutral,0.6103,0.3639,0.0016,0.0242,0.6103
Sample_Dataset/Reichel/images_with_faces/439343_229132_image.jpeg,Neutral,0.6425,0.3334,0.0022,0.0219,0.6425
Sample_Dataset/Reichel/images_with_faces/439366_229155_image.jpeg,Neutral,0.829,0.1385,0.0208,0.0116,0.829
Sample_Dataset/Reichel/images_with_faces/439488_229265_image.jpeg,Neutral,0.9043,0.0902,0.0042,0.0014,0.9043
Sample_Dataset/Reichel/images_with_faces/439490_229268_image.jpeg,Optimistic,0.5543,0.5543,0.0318,0.0092,0.4047
Sample_Dataset/Reichel/images_with_faces/439517_229289_image.jpeg,Neutral,0.5304,0.0939,0.1863,0.1894,0.5304
Sample_Dataset/Reichel/images_with_faces/439558_229334_image.jpeg,Neutral,0.9547,0.0206,0.0001,0.0247,0.9547
Sample_Dataset/Reichel/images_with_faces/439628_229395_image.jpeg,Neutral,0.9505,0.0492,0.0001,0.0003,0.9505
Sample_Dataset/Reichel/images_with_faces/439682_229441_image.jpeg,Neutral,0.6191,0.3298,0.0184,0.0327,0.6191
Sample_Dataset/Reichel/images_with_faces/439717_229472_image.jpeg,Optimistic,0.4983,0.4983,0.0139,0.0217,0.466
Sample_Dataset/Reichel/images_with_faces/439754_229500_image.jpeg,Neutral,0.8781,0.0632,0.0022,0.0564,0.8781
Sample_Dataset/Reichel/images_with_faces/439800_229538_image.jpeg,Pessimistic,0.7824,0.0441,0.7824,0.0964,0.077
Sample_Dataset/Reichel/images_with_faces/439804_229540_image.jpeg,Optimistic,0.7644,0.7644,0.002,0.0385,0.1951
Sample_Dataset/Reichel/images_with_faces/440029_229704_image.jpeg,Optimistic,0.6257,0.6257,0.0054,0.0558,0.3131
Sample_Dataset/Reichel/images_with_faces/440044_229706_image.jpeg,Optimistic,0.5105,0.5105,0.0123,0.0809,0.3963
Sample_Dataset/Reichel/images_with_faces/440055_229708_image.jpeg,Hostile,0.6431,0.1725,0.0045,0.6431,0.1799
Sample_Dataset/Reichel/images_with_faces/440057_229710_image.jpeg,Hostile,0.717,0.1446,0.0036,0.717,0.1348
Sample_Dataset/Reichel/images_with_faces/440620_230065_image.jpeg,Optimistic,0.9198,0.9198,0.001,0.005,0.0742
Sample_Dataset/Reichel/images_with_faces/440714_230129_image.jpeg,Pessimistic,0.9402,0.0196,0.9402,0.0158,0.0243
Sample_Dataset/Reichel/images_with_faces/440775_230175_image.jpeg,Neutral,0.5569,0.377,0.0294,0.0367,0.5569
Sample_Dataset/Reichel/images_with_faces/440862_230225_image.jpeg,Optimistic,0.92,0.92,0.0015,0.0783,0.0002
Sample_Dataset/Reichel/images_with_faces/441282_230479_image.jpeg,Hostile,0.8463,0.0089,0.0099,0.8463,0.1349
Sample_Dataset/Reichel/images_with_faces/441495_230637_image.jpeg,Hostile,0.8927,0.0344,0.0073,0.8927,0.0656
Sample_Dataset/Reichel/images_with_faces/441753_230770_image.jpeg,Neutral,0.6394,0.0469,0.0052,0.3085,0.6394
Sample_Dataset/Reichel/images_with_faces/441842_230803_image.jpeg,Pessimistic,0.4779,0.084,0.4779,0.1895,0.2486
Sample_Dataset/Reichel/images_with_faces/441860_230820_image.jpeg,Pessimistic,0.7844,0.1174,0.7844,0.0918,0.0064
Sample_Dataset/Reichel/images_with_faces/441925_230877_image.jpeg,Neutral,0.56,0.2231,0.1913,0.0256,0.56
Sample_Dataset/Reichel/images_with_faces/441926_230878_image.jpeg,Neutral,0.5243,0.1452,0.1782,0.1523,0.5243
Sample_Dataset/Reichel/images_with_faces/445337_233351_image.jpeg,Neutral,0.9752,0.0119,0.0108,0.0021,0.9752
Sample_Dataset/Reichel/images_with_faces/446721_234232_image.jpeg,Neutral,0.8059,0.1244,0.0178,0.052,0.8059
Sample_Dataset/Reichel/images_with_faces/446802_234276_image.jpeg,Neutral,0.7314,0.2571,0.0011,0.0103,0.7314
Sample_Dataset/Reichel/images_with_faces/446821_234293_image.jpeg,Neutral,0.5004,0.4144,0.0141,0.0711,0.5004
Sample_Dataset/Reichel/images_with_faces/447061_234558_image.jpeg,Optimistic,0.6878,0.6878,0.0407,0.2271,0.0445
Sample_Dataset/Reichel/images_with_faces/447068_234566_image.jpeg,Optimistic,0.957,0.957,0.0005,0.0005,0.0419
Sample_Dataset/Reichel/images_with_faces/447140_234613_image.jpeg,Pessimistic,0.9995,0.0001,0.9995,0.0002,0.0002
Sample_Dataset/Reichel/images_with_faces/447306_234712_image.jpeg,Neutral,0.9319,0.0588,0.0034,0.0059,0.9319
Sample_Dataset/Reichel/images_with_faces/447310_234716_image.jpeg,Neutral,0.629,0.2385,0.0015,0.1309,0.629
Sample_Dataset/Reichel/images_with_faces/447330_234731_image.jpeg,Pessimistic,0.5512,0.0147,0.5512,0.0939,0.3402
Sample_Dataset/Reichel/images_with_faces/447355_234746_image.jpeg,Pessimistic,0.951,0.0034,0.951,0.002,0.0436
Sample_Dataset/Reichel/images_with_faces/447401_234767_image.jpeg,Neutral,0.9744,0.0253,0.0,0.0003,0.9744
Sample_Dataset/Reichel/images_with_faces/447412_234774_image.jpeg,Neutral,0.5309,0.3642,0.0143,0.0906,0.5309
Sample_Dataset/Reichel/images_with_faces/447441_234787_image.jpeg,Optimistic,0.6578,0.6578,0.0016,0.0061,0.3345
Sample_Dataset/Reichel/images_with_faces/447589_234877_image.jpeg,Optimistic,0.8281,0.8281,0.0225,0.0192,0.1302
Sample_Dataset/Reichel/images_with_faces/447628_234904_image.jpeg,Hostile,0.5686,0.3367,0.0002,0.5686,0.0944
Sample_Dataset/Reichel/images_with_faces/447654_234915_image.jpeg,Neutral,0.5355,0.4317,0.0011,0.0317,0.5355
Sample_Dataset/Reichel/images_with_faces/447659_234916_image.jpeg,Neutral,0.6107,0.3488,0.0072,0.0333,0.6107
Sample_Dataset/Reichel/images_with_faces/447661_234917_image.jpeg,Optimistic,0.6581,0.6581,0.0059,0.0073,0.3287
Sample_Dataset/Reichel/images_with_faces/447662_234918_image.jpeg,Optimistic,0.9611,0.9611,0.0001,0.0001,0.0387
Sample_Dataset/Reichel/images_with_faces/447663_234919_image.jpeg,Neutral,0.6855,0.2657,0.0039,0.0449,0.6855
Sample_Dataset/Reichel/images_with_faces/447664_234920_image.jpeg,Neutral,0.5339,0.4367,0.007,0.0223,0.5339
Sample_Dataset/Reichel/images_with_faces/447667_234922_image.jpeg,Neutral,0.8196,0.1769,0.0003,0.0032,0.8196
Sample_Dataset/Reichel/images_with_faces/447671_234925_image.jpeg,Neutral,0.9539,0.0447,0.0001,0.0013,0.9539
Sample_Dataset/Reichel/images_with_faces/447675_234927_image.jpeg,Neutral,0.9233,0.0718,0.0002,0.0047,0.9233
Sample_Dataset/Reichel/images_with_faces/447691_234930_image.jpeg,Neutral,0.9779,0.0148,0.0,0.0072,0.9779
Sample_Dataset/Reichel/images_with_faces/447698_234931_image.jpeg,Neutral,0.8683,0.0798,0.0021,0.0498,0.8683
Sample_Dataset/Reichel/images_with_faces/447700_234933_image.jpeg,Neutral,0.9382,0.0568,0.0006,0.0044,0.9382
Sample_Dataset/Reichel/images_with_faces/447709_234937_image.jpeg,Neutral,0.9728,0.0259,0.0003,0.001,0.9728
Sample_Dataset/Reichel/images_with_faces/447715_234938_image.jpeg,Neutral,0.8262,0.1206,0.0271,0.026,0.8262
Sample_Dataset/Reichel/images_with_faces/447954_235025_image.jpeg,Pessimistic,0.5854,0.0705,0.5854,0.1619,0.1822
Sample_Dataset/Reichel/images_with_faces/447971_235029_image.jpeg,Neutral,0.7736,0.2227,0.0009,0.0028,0.7736
Sample_Dataset/Reichel/images_with_faces/448286_235237_image.jpeg,Hostile,0.6606,0.3001,0.0011,0.6606,0.0382
Sample_Dataset/Reichel/images_with_faces/448649_235405_image.jpeg,Optimistic,0.901,0.901,0.0883,0.0044,0.0063
Sample_Dataset/Reichel/images_with_faces/448654_235407_image.jpeg,Neutral,0.4853,0.0333,0.119,0.3624,0.4853
Sample_Dataset/Reichel/images_with_faces/448705_235428_image.jpeg,Neutral,0.6025,0.0275,0.0318,0.3381,0.6025
Sample_Dataset/Reichel/images_with_faces/448706_235429_image.jpeg,Hostile,0.9693,0.0304,0.0,0.9693,0.0003
Sample_Dataset/Reichel/images_with_faces/449087_235634_image.jpeg,Neutral,0.5003,0.4641,0.0013,0.0344,0.5003
Sample_Dataset/Reichel/images_with_faces/449092_235637_image.jpeg,Neutral,0.626,0.1508,0.0106,0.2126,0.626
Sample_Dataset/Reichel/images_with_faces/449097_235640_image.jpeg,Optimistic,0.7104,0.7104,0.0109,0.0363,0.2423
Sample_Dataset/Reichel/images_with_faces/449103_235643_image.jpeg,Optimistic,0.9775,0.9775,0.0001,0.0001,0.0222
Sample_Dataset/Reichel/images_with_faces/449105_235646_image.jpeg,Neutral,0.617,0.2931,0.006,0.0839,0.617
Sample_Dataset/Reichel/images_with_faces/449116_235649_image.jpeg,Optimistic,0.4964,0.4964,0.0055,0.0308,0.4673
Sample_Dataset/Reichel/images_with_faces/449122_235652_image.jpeg,Neutral,0.717,0.2664,0.0008,0.0158,0.717
Sample_Dataset/Reichel/images_with_faces/449127_235656_image.jpeg,Neutral,0.933,0.0626,0.0001,0.0042,0.933
Sample_Dataset/Reichel/images_with_faces/449135_235659_image.jpeg,Neutral,0.8799,0.0956,0.0005,0.024,0.8799
Sample_Dataset/Reichel/images_with_faces/449143_235662_image.jpeg,Optimistic,0.5299,0.5299,0.0179,0.2092,0.243
Sample_Dataset/Reichel/images_with_faces/449153_235666_image.jpeg,Neutral,0.9343,0.0373,0.0,0.0284,0.9343
Sample_Dataset/Reichel/images_with_faces/449161_235670_image.jpeg,Neutral,0.8571,0.0668,0.0012,0.0749,0.8571
Sample_Dataset/Reichel/images_with_faces/449168_235673_image.jpeg,Neutral,0.9217,0.072,0.0006,0.0057,0.9217
Sample_Dataset/Reichel/images_with_faces/449278_235715_image.jpeg,Neutral,0.6976,0.1206,0.0237,0.158,0.6976
Sample_Dataset/Reichel/images_with_faces/449280_235717_image.jpeg,Pessimistic,0.9087,0.029,0.9087,0.0049,0.0575
Sample_Dataset/Reichel/images_with_faces/449368_235773_image.jpeg,Optimistic,0.7301,0.7301,0.0657,0.0408,0.1633
Sample_Dataset/Reichel/images_with_faces/455086_240110_image.jpeg,Hostile,0.9811,0.0006,0.0028,0.9811,0.0155
Sample_Dataset/Reichel/images_with_faces/455672_240585_image.jpeg,Neutral,0.9436,0.0323,0.0038,0.0203,0.9436
Sample_Dataset/Reichel/images_with_faces/455690_240603_image.jpeg,Optimistic,0.9948,0.9948,0.0001,0.0025,0.0026
Sample_Dataset/Reichel/images_with_faces/455695_240608_image.jpeg,Neutral,0.7214,0.1406,0.0345,0.1035,0.7214
Sample_Dataset/Reichel/images_with_faces/455697_240610_image.jpeg,Pessimistic,0.5494,0.1213,0.5494,0.0829,0.2464
Sample_Dataset/Reichel/images_with_faces/455706_240618_image.jpeg,Hostile,0.9627,0.0034,0.0038,0.9627,0.0301
Sample_Dataset/Reichel/images_with_faces/455718_240624_image.jpeg,Neutral,0.5822,0.2484,0.0167,0.1526,0.5822
Sample_Dataset/Reichel/images_with_faces/455803_240696_image.jpeg,Neutral,0.5227,0.3564,0.0506,0.0702,0.5227
Sample_Dataset/Reichel/images_with_faces/455840_240720_image.jpeg,Optimistic,0.7289,0.7289,0.2368,0.0034,0.0308
Sample_Dataset/Reichel/images_with_faces/456074_240910_image.jpeg,Unknown,0.3995,0.3995,0.194,0.2944,0.1121
Sample_Dataset/Reichel/images_with_faces/456095_240922_image.jpeg,Neutral,0.4392,0.0128,0.3758,0.1721,0.4392
Sample_Dataset/Reichel/images_with_faces/456102_240926_image.jpeg,Neutral,0.7972,0.202,0.0,0.0008,0.7972
Sample_Dataset/Reichel/images_with_faces/456165_240964_image.jpeg,Optimistic,0.9927,0.9927,0.0,0.0054,0.0019
Sample_Dataset/Reichel/images_with_faces/456218_240988_image.jpeg,Optimistic,0.6874,0.6874,0.0132,0.0447,0.2547
Sample_Dataset/Reichel/images_with_faces/456284_241020_image.jpeg,Optimistic,0.7872,0.7872,0.0067,0.0374,0.1687
Sample_Dataset/Reichel/images_with_faces/456339_241025_image.jpeg,Optimistic,0.5253,0.5253,0.0091,0.0084,0.4571
Sample_Dataset/Reichel/images_with_faces/456358_241033_image.jpeg,Neutral,0.6753,0.2303,0.014,0.0803,0.6753
Sample_Dataset/Reichel/images_with_faces/456530_241120_image.jpeg,Optimistic,0.6709,0.6709,0.0086,0.0021,0.3184
Sample_Dataset/Reichel/images_with_faces/456718_241231_image.jpeg,Optimistic,0.7488,0.7488,0.0218,0.2047,0.0247
Sample_Dataset/Reichel/images_with_faces/456756_241256_image.jpeg,Neutral,0.9665,0.0306,0.0,0.0029,0.9665
Sample_Dataset/Reichel/images_with_faces/457027_241377_image.jpeg,Optimistic,0.47,0.47,0.0517,0.1193,0.359
Sample_Dataset/Reichel/images_with_faces/457031_241378_image.jpeg,Neutral,0.5531,0.3008,0.067,0.0791,0.5531
Sample_Dataset/Reichel/images_with_faces/457074_241402_image.jpeg,Optimistic,0.9845,0.9845,0.001,0.012,0.0026
Sample_Dataset/Reichel/images_with_faces/457558_241687_image.jpeg,Optimistic,0.5043,0.5043,0.0255,0.1312,0.339
Sample_Dataset/Reichel/images_with_faces/457603_241730_image.jpeg,Hostile,0.636,0.114,0.0282,0.636,0.2219
Sample_Dataset/Reichel/images_with_faces/457609_241735_image.jpeg,Neutral,0.7688,0.0531,0.0788,0.0993,0.7688
Sample_Dataset/Reichel/images_with_faces/457753_241839_image.jpeg,Optimistic,0.8222,0.8222,0.008,0.0246,0.1453
Sample_Dataset/Reichel/images_with_faces/457756_241842_image.jpeg,Neutral,0.8697,0.0908,0.0358,0.0037,0.8697
Sample_Dataset/Reichel/images_with_faces/466022_246133_image.jpeg,Optimistic,0.8745,0.8745,0.0056,0.0357,0.0842
Sample_Dataset/Reichel/images_with_faces/467045_246674_image.jpeg,Optimistic,0.6117,0.6117,0.006,0.0215,0.3607
Sample_Dataset/Reichel/images_with_faces/467087_246709_image.jpeg,Optimistic,0.9623,0.9623,0.0009,0.0056,0.0312
Sample_Dataset/Reichel/images_with_faces/467968_247318_image.jpeg,Pessimistic,0.9939,0.0001,0.9939,0.0041,0.002
Sample_Dataset/Reichel/images_with_faces/468233_247514_image.jpeg,Unknown,0.3473,0.2299,0.1088,0.3473,0.314
Sample_Dataset/Reichel/images_with_faces/473536_250362_image.jpeg,Optimistic,0.986,0.986,0.0002,0.0029,0.011
Sample_Dataset/Reichel/images_with_faces/473714_250459_image.jpeg,Optimistic,0.9988,0.9988,0.0,0.0012,0.0
Sample_Dataset/Reichel/images_with_faces/473730_250475_image.jpeg,Optimistic,0.7323,0.7323,0.0335,0.1118,0.1224
Sample_Dataset/Reichel/images_with_faces/473810_250536_image.jpeg,Hostile,0.799,0.0181,0.0004,0.799,0.1825
Sample_Dataset/Reichel/images_with_faces/474089_250689_image.jpeg,Optimistic,0.796,0.796,0.006,0.1028,0.0952
Sample_Dataset/Reichel/images_with_faces/474097_250694_image.jpeg,Neutral,0.9901,0.001,0.0081,0.0008,0.9901
Sample_Dataset/Reichel/images_with_faces/474109_250700_image.jpeg,Hostile,0.6321,0.3367,0.0009,0.6321,0.0302
Sample_Dataset/Reichel/images_with_faces/474115_250705_image.jpeg,Optimistic,0.9771,0.9771,0.0066,0.0026,0.0137
Sample_Dataset/Reichel/images_with_faces/474126_250713_image.jpeg,Hostile,0.9498,0.0453,0.0007,0.9498,0.0042
Sample_Dataset/Reichel/images_with_faces/474242_250756_image.jpeg,Neutral,0.9761,0.0219,0.001,0.0009,0.9761
Sample_Dataset/Reichel/images_with_faces/474450_250854_image.jpeg,Hostile,0.8246,0.0134,0.1074,0.8246,0.0546
Sample_Dataset/Reichel/images_with_faces/474452_250856_image.jpeg,Optimistic,0.5234,0.5234,0.0225,0.0255,0.4287
Sample_Dataset/Reichel/images_with_faces/478106_253126_image.jpeg,Optimistic,0.5826,0.5826,0.1742,0.055,0.1882
Sample_Dataset/Reichel/images_with_faces/481088_255193_image.jpeg,Neutral,0.5394,0.0363,0.3202,0.1041,0.5394
Sample_Dataset/Reichel/images_with_faces/481099_255204_image.jpeg,Neutral,0.9856,0.0142,0.0002,0.0,0.9856
Sample_Dataset/Reichel/images_with_faces/481112_255217_image.jpeg,Hostile,0.7667,0.0117,0.172,0.7667,0.0496
Sample_Dataset/Reichel/images_with_faces/481122_255226_image.jpeg,Hostile,0.7173,0.015,0.1769,0.7173,0.0908
Sample_Dataset/Reichel/images_with_faces/481141_255233_image.jpeg,Neutral,0.4482,0.4061,0.0,0.1457,0.4482
Sample_Dataset/Reichel/images_with_faces/481511_255501_image.jpeg,Optimistic,0.5709,0.5709,0.0365,0.1549,0.2376
Sample_Dataset/Reichel/images_with_faces/481515_255504_image.jpeg,Hostile,0.5304,0.0525,0.0237,0.5304,0.3935
Sample_Dataset/Reichel/images_with_faces/481516_255505_image.jpeg,Optimistic,0.749,0.749,0.0343,0.0204,0.1963
Sample_Dataset/Reichel/images_with_faces/481539_255514_image.jpeg,Neutral,0.9277,0.0197,0.0387,0.0139,0.9277
Sample_Dataset/Reichel/images_with_faces/481694_255611_image.jpeg,Pessimistic,0.9799,0.0101,0.9799,0.0046,0.0055
Sample_Dataset/Reichel/images_with_faces/481696_255612_image.jpeg,Neutral,0.9839,0.0006,0.0002,0.0153,0.9839
Sample_Dataset/Reichel/images_with_faces/481708_255616_image.jpeg,Pessimistic,0.4679,0.3907,0.4679,0.0791,0.0623
Sample_Dataset/Reichel/images_with_faces/481711_255619_image.jpeg,Optimistic,0.9898,0.9898,0.0008,0.0084,0.001
Sample_Dataset/Reichel/images_with_faces/481714_255621_image.jpeg,Hostile,0.5006,0.18,0.0856,0.5006,0.2338
Sample_Dataset/Reichel/images_with_faces/481719_255624_image.jpeg,Pessimistic,0.8742,0.016,0.8742,0.0748,0.035
Sample_Dataset/Reichel/images_with_faces/481720_255625_image.jpeg,Neutral,0.5345,0.2313,0.161,0.0732,0.5345
Sample_Dataset/Reichel/images_with_faces/483840_256928_image.jpeg,Neutral,0.7986,0.1681,0.0034,0.0299,0.7986
Sample_Dataset/Reichel/images_with_faces/483842_256930_image.jpeg,Hostile,0.9614,0.0192,0.0133,0.9614,0.0062
Sample_Dataset/Reichel/images_with_faces/483843_256931_image.jpeg,Optimistic,0.9854,0.9854,0.0,0.0004,0.0142
Sample_Dataset/Reichel/images_with_faces/483862_256951_image.jpeg,Neutral,0.4027,0.3094,0.1287,0.1592,0.4027
Sample_Dataset/Reichel/images_with_faces/483890_256970_image.jpeg,Pessimistic,0.9997,0.0002,0.9997,0.0,0.0001
Sample_Dataset/Reichel/images_with_faces/483894_256974_image.jpeg,Optimistic,0.6349,0.6349,0.0021,0.0025,0.3605
Sample_Dataset/Reichel/images_with_faces/483902_256982_image.jpeg,Neutral,0.6402,0.0385,0.045,0.2763,0.6402
Sample_Dataset/Reichel/images_with_faces/483917_256996_image.jpeg,Pessimistic,0.9945,0.0028,0.9945,0.0001,0.0026
Sample_Dataset/Reichel/images_with_faces/483933_257008_image.jpeg,Neutral,0.798,0.094,0.0989,0.0091,0.798
Sample_Dataset/Reichel/images_with_faces/483935_257010_image.jpeg,Optimistic,0.7325,0.7325,0.04,0.038,0.1895
Sample_Dataset/Reichel/images_with_faces/483940_257014_image.jpeg,Neutral,0.621,0.0512,0.3247,0.0031,0.621
Sample_Dataset/Reichel/images_with_faces/483949_257023_image.jpeg,Pessimistic,0.7526,0.0131,0.7526,0.1282,0.1061
Sample_Dataset/Reichel/images_with_faces/483960_257034_image.jpeg,Pessimistic,0.6975,0.0959,0.6975,0.1539,0.0528
Sample_Dataset/Reichel/images_with_faces/483967_257038_image.jpeg,Neutral,0.7575,0.2035,0.0051,0.0339,0.7575
Sample_Dataset/Reichel/images_with_faces/483969_257040_image.jpeg,Hostile,0.7676,0.0135,0.1592,0.7676,0.0598
Sample_Dataset/Reichel/images_with_faces/484023_257069_image.jpeg,Optimistic,0.4647,0.4647,0.0002,0.4535,0.0817
Sample_Dataset/Reichel/images_with_faces/484037_257075_image.jpeg,Neutral,0.8494,0.1053,0.0069,0.0384,0.8494
Sample_Dataset/Reichel/images_with_faces/484041_257078_image.jpeg,Neutral,0.7953,0.1971,0.0002,0.0074,0.7953
Sample_Dataset/Reichel/images_with_faces/484085_257099_image.jpeg,Optimistic,0.5634,0.5634,0.1496,0.0061,0.2809
Sample_Dataset/Reichel/images_with_faces/484518_257284_image.jpeg,Unknown,0.3654,0.334,0.1372,0.3654,0.1635
Sample_Dataset/Reichel/images_with_faces/484519_257285_image.jpeg,Optimistic,0.8661,0.8661,0.0013,0.0059,0.1267
Sample_Dataset/Reichel/images_with_faces/484529_257286_image.jpeg,Optimistic,0.6767,0.6767,0.0089,0.211,0.1034
Sample_Dataset/Reichel/images_with_faces/484530_257287_image.jpeg,Optimistic,0.7398,0.7398,0.0086,0.0801,0.1716
Sample_Dataset/Reichel/images_with_faces/484567_257299_image.jpeg,Pessimistic,0.6031,0.002,0.6031,0.0002,0.3947
Sample_Dataset/Reichel/images_with_faces/484578_257305_image.jpeg,Optimistic,0.6397,0.6397,0.1374,0.0682,0.1547
Sample_Dataset/Reichel/images_with_faces/488555_260984_image.jpeg,Neutral,0.7041,0.2815,0.0061,0.0084,0.7041
Sample_Dataset/Reichel/images_with_faces/488568_260998_image.jpeg,Neutral,0.9305,0.0593,0.0023,0.0079,0.9305
Sample_Dataset/Reichel/images_with_faces/488569_260999_image.jpeg,Neutral,0.5993,0.2141,0.0146,0.1721,0.5993
Sample_Dataset/Reichel/images_with_faces/488586_261015_image.jpeg,Neutral,0.5998,0.2272,0.0026,0.1704,0.5998
Sample_Dataset/Reichel/images_with_faces/488588_261017_image.jpeg,Unknown,0.39,0.3045,0.0019,0.3036,0.39
Sample_Dataset/Reichel/images_with_faces/488590_261019_image.jpeg,Pessimistic,0.4944,0.3269,0.4944,0.0291,0.1497
Sample_Dataset/Reichel/images_with_faces/488594_261024_image.jpeg,Neutral,0.4847,0.27,0.0153,0.23,0.4847
Sample_Dataset/Reichel/images_with_faces/488601_261032_image.jpeg,Hostile,0.7771,0.0124,0.1534,0.7771,0.0571
Sample_Dataset/Reichel/images_with_faces/488624_261045_image.jpeg,Optimistic,0.9582,0.9582,0.0005,0.0002,0.0411
Sample_Dataset/Reichel/images_with_faces/488628_261049_image.jpeg,Hostile,0.9904,0.0064,0.0019,0.9904,0.0013
Sample_Dataset/Reichel/images_with_faces/488630_261051_image.jpeg,Neutral,0.5276,0.2887,0.005,0.1788,0.5276
Sample_Dataset/Reichel/images_with_faces/488636_261057_image.jpeg,Neutral,0.8917,0.1067,0.0005,0.0011,0.8917
Sample_Dataset/Reichel/images_with_faces/488640_261061_image.jpeg,Optimistic,0.9488,0.9488,0.0011,0.0015,0.0486
Sample_Dataset/Reichel/images_with_faces/488646_261068_image.jpeg,Optimistic,0.7859,0.7859,0.0024,0.0025,0.2092
Sample_Dataset/Reichel/images_with_faces/488650_261073_image.jpeg,Optimistic,0.8747,0.8747,0.0012,0.0003,0.1238
Sample_Dataset/Reichel/images_with_faces/488651_261074_image.jpeg,Neutral,0.9764,0.0222,0.0005,0.0009,0.9764
Sample_Dataset/Reichel/images_with_faces/488653_261076_image.jpeg,Optimistic,0.8401,0.8401,0.0016,0.0008,0.1575
Sample_Dataset/Reichel/images_with_faces/488654_261077_image.jpeg,Optimistic,0.737,0.737,0.0042,0.0011,0.2578
Sample_Dataset/Reichel/images_with_faces/488666_261084_image.jpeg,Optimistic,0.8657,0.8657,0.0011,0.0025,0.1307
Sample_Dataset/Reichel/images_with_faces/488674_261091_image.jpeg,Optimistic,0.7504,0.7504,0.0005,0.0002,0.2489
Sample_Dataset/Reichel/images_with_faces/488675_261092_image.jpeg,Hostile,0.9553,0.0022,0.0059,0.9553,0.0366
Sample_Dataset/Reichel/images_with_faces/488706_261116_image.jpeg,Neutral,0.9333,0.065,0.0,0.0017,0.9333
Sample_Dataset/Reichel/images_with_faces/488712_261121_image.jpeg,Optimistic,0.9584,0.9584,0.0196,0.0062,0.0158
Sample_Dataset/Reichel/images_with_faces/488721_261129_image.jpeg,Hostile,0.9104,0.0198,0.0169,0.9104,0.053
Sample_Dataset/Reichel/images_with_faces/488723_261131_image.jpeg,Optimistic,0.9582,0.9582,0.0004,0.0002,0.0412
Sample_Dataset/Reichel/images_with_faces/488725_261133_image.jpeg,Optimistic,0.8207,0.8207,0.0006,0.0004,0.1784
Sample_Dataset/Reichel/images_with_faces/488737_261147_image.jpeg,Optimistic,0.8675,0.8675,0.0004,0.0005,0.1317
Sample_Dataset/Reichel/images_with_faces/488744_261155_image.jpeg,Optimistic,0.7667,0.7667,0.0016,0.0004,0.2313
Sample_Dataset/Reichel/images_with_faces/488746_261157_image.jpeg,Optimistic,0.9698,0.9698,0.0003,0.0002,0.0297
Sample_Dataset/Reichel/images_with_faces/488747_261158_image.jpeg,Neutral,0.7514,0.0947,0.1147,0.0392,0.7514
Sample_Dataset/Reichel/images_with_faces/488752_261164_image.jpeg,Optimistic,0.9866,0.9866,0.0,0.0,0.0134
Sample_Dataset/Reichel/images_with_faces/488756_261168_image.jpeg,Optimistic,0.9647,0.9647,0.0001,0.0005,0.0347
Sample_Dataset/Reichel/images_with_faces/488779_261186_image.jpeg,Optimistic,0.9218,0.9218,0.0019,0.0009,0.0754
Sample_Dataset/Reichel/images_with_faces/488781_261188_image.jpeg,Optimistic,0.9973,0.9973,0.0002,0.0002,0.0023
Sample_Dataset/Reichel/images_with_faces/488783_261190_image.jpeg,Optimistic,0.842,0.842,0.001,0.0005,0.1565
Sample_Dataset/Reichel/images_with_faces/488787_261193_image.jpeg,Optimistic,0.9392,0.9392,0.0018,0.0239,0.0351
Sample_Dataset/Reichel/images_with_faces/488788_261194_image.jpeg,Optimistic,0.9306,0.9306,0.0012,0.0059,0.0623
Sample_Dataset/Reichel/images_with_faces/488792_261198_image.jpeg,Hostile,0.7565,0.0397,0.0108,0.7565,0.193
Sample_Dataset/Reichel/images_with_faces/488814_261209_image.jpeg,Neutral,0.9888,0.0102,0.0,0.0009,0.9888
Sample_Dataset/Reichel/images_with_faces/488852_261228_image.jpeg,Neutral,0.8839,0.0722,0.0029,0.041,0.8839
Sample_Dataset/Reichel/images_with_faces/488870_261245_image.jpeg,Optimistic,0.8028,0.8028,0.0002,0.1922,0.0048
Sample_Dataset/Reichel/images_with_faces/488880_261254_image.jpeg,Neutral,0.4708,0.0757,0.2438,0.2098,0.4708
Sample_Dataset/Reichel/images_with_faces/490089_261911_image.jpeg,Neutral,0.4817,0.4525,0.0032,0.0625,0.4817
Sample_Dataset/Reichel/images_with_faces/490093_261914_image.jpeg,Neutral,0.535,0.0339,0.0068,0.4243,0.535
Sample_Dataset/Reichel/images_with_faces/490094_261915_image.jpeg,Neutral,0.6659,0.3189,0.0002,0.015,0.6659
Sample_Dataset/Reichel/images_with_faces/490101_261916_image.jpeg,Optimistic,0.7648,0.7648,0.0004,0.2292,0.0056
Sample_Dataset/Reichel/images_with_faces/490107_261918_image.jpeg,Neutral,0.5007,0.1331,0.0949,0.2713,0.5007
Sample_Dataset/Reichel/images_with_faces/490189_261944_image.jpeg,Optimistic,0.5012,0.5012,0.0249,0.0308,0.443
Sample_Dataset/Reichel/images_with_faces/490195_261946_image.jpeg,Unknown,0.3727,0.1959,0.1617,0.2698,0.3727
Sample_Dataset/Reichel/images_with_faces/490246_261983_image.jpeg,Hostile,0.5849,0.396,0.0129,0.5849,0.0061
Sample_Dataset/Reichel/images_with_faces/494766_264569_image.jpeg,Hostile,0.9963,0.0031,0.0,0.9963,0.0006
Sample_Dataset/Reichel/images_with_faces/495331_264958_image.jpeg,Optimistic,0.5229,0.5229,0.0497,0.1064,0.321
Sample_Dataset/Reichel/images_with_faces/495341_264969_image.jpeg,Optimistic,0.987,0.987,0.0003,0.0036,0.0091
Sample_Dataset/Reichel/images_with_faces/495365_264995_image.jpeg,Pessimistic,0.6277,0.0421,0.6277,0.0075,0.3227
Sample_Dataset/Reichel/images_with_faces/495377_265007_image.jpeg,Neutral,0.9988,0.0007,0.0003,0.0001,0.9988
Sample_Dataset/Reichel/images_with_faces/495381_265011_image.jpeg,Hostile,0.7649,0.0304,0.0021,0.7649,0.2025
Sample_Dataset/Reichel/images_with_faces/495387_265018_image.jpeg,Neutral,0.9985,0.0012,0.0003,0.0,0.9985
Sample_Dataset/Reichel/images_with_faces/495391_265022_image.jpeg,Neutral,0.9992,0.0002,0.0005,0.0,0.9992
Sample_Dataset/Reichel/images_with_faces/495416_265048_image.jpeg,Optimistic,0.9823,0.9823,0.0002,0.0001,0.0173
Sample_Dataset/Reichel/images_with_faces/495418_265050_image.jpeg,Optimistic,0.9747,0.9747,0.0002,0.0001,0.025
Sample_Dataset/Reichel/images_with_faces/495439_265071_image.jpeg,Neutral,0.6007,0.3343,0.0102,0.0547,0.6007
Sample_Dataset/Reichel/images_with_faces/495440_265072_image.jpeg,Neutral,0.7523,0.2165,0.003,0.0283,0.7523
Sample_Dataset/Reichel/images_with_faces/495464_265092_image.jpeg,Optimistic,0.9659,0.9659,0.0004,0.0007,0.033
Sample_Dataset/Reichel/images_with_faces/495488_265115_image.jpeg,Optimistic,0.9789,0.9789,0.0004,0.0006,0.0201
Sample_Dataset/Reichel/images_with_faces/495490_265117_image.jpeg,Optimistic,0.9695,0.9695,0.0003,0.0006,0.0296
Sample_Dataset/Reichel/images_with_faces/495507_265137_image.jpeg,Optimistic,0.9953,0.9953,0.0,0.0,0.0047
Sample_Dataset/Reichel/images_with_faces/495524_265155_image.jpeg,Optimistic,0.9894,0.9894,0.0,0.0,0.0106
Sample_Dataset/Reichel/images_with_faces/495531_265164_image.jpeg,Neutral,0.5561,0.388,0.0208,0.035,0.5561
Sample_Dataset/Reichel/images_with_faces/495534_265168_image.jpeg,Neutral,0.4451,0.4207,0.057,0.0772,0.4451
Sample_Dataset/Reichel/images_with_faces/495539_265173_image.jpeg,Neutral,0.7802,0.1895,0.0026,0.0277,0.7802
Sample_Dataset/Reichel/images_with_faces/495540_265174_image.jpeg,Hostile,0.5697,0.1425,0.0173,0.5697,0.2705
Sample_Dataset/Reichel/images_with_faces/495553_265189_image.jpeg,Neutral,0.584,0.0487,0.0125,0.3549,0.584
Sample_Dataset/Reichel/images_with_faces/495558_265195_image.jpeg,Hostile,0.7342,0.1286,0.0982,0.7342,0.039
Sample_Dataset/Reichel/images_with_faces/495562_265199_image.jpeg,Optimistic,0.4423,0.4423,0.1905,0.2161,0.1511
Sample_Dataset/Reichel/images_with_faces/495566_265203_image.jpeg,Hostile,0.618,0.0155,0.0105,0.618,0.356
Sample_Dataset/Reichel/images_with_faces/495569_265206_image.jpeg,Optimistic,0.9977,0.9977,0.0002,0.0002,0.0019
Sample_Dataset/Reichel/images_with_faces/495605_265242_image.jpeg,Neutral,0.5745,0.2834,0.0177,0.1244,0.5745
Sample_Dataset/Reichel/images_with_faces/495608_265245_image.jpeg,Optimistic,0.9985,0.9985,0.0002,0.0002,0.0011
Sample_Dataset/Reichel/images_with_faces/495616_265255_image.jpeg,Optimistic,0.9408,0.9408,0.0008,0.0003,0.058
Sample_Dataset/Reichel/images_with_faces/495620_265259_image.jpeg,Optimistic,0.9317,0.9317,0.0,0.0662,0.0021
Sample_Dataset/Reichel/images_with_faces/495635_265275_image.jpeg,Unknown,0.3886,0.3359,0.0121,0.2634,0.3886
Sample_Dataset/Reichel/images_with_faces/495641_265281_image.jpeg,Optimistic,0.9695,0.9695,0.0004,0.0001,0.0301
Sample_Dataset/Reichel/images_with_faces/495649_265289_image.jpeg,Neutral,0.6266,0.0499,0.0147,0.3089,0.6266
Sample_Dataset/Reichel/images_with_faces/495650_265290_image.jpeg,Optimistic,0.9295,0.9295,0.0004,0.0001,0.0699
Sample_Dataset/Reichel/images_with_faces/495677_265319_image.jpeg,Neutral,0.4958,0.1025,0.014,0.3877,0.4958
Sample_Dataset/Reichel/images_with_faces/495696_265336_image.jpeg,Neutral,0.5111,0.2898,0.008,0.191,0.5111
Sample_Dataset/Reichel/images_with_faces/495723_265362_image.jpeg,Optimistic,0.9853,0.9853,0.0,0.0002,0.0146
Sample_Dataset/Reichel/images_with_faces/495735_265373_image.jpeg,Optimistic,0.9578,0.9578,0.0004,0.0001,0.0417
Sample_Dataset/Reichel/images_with_faces/495753_265387_image.jpeg,Optimistic,0.93,0.93,0.0111,0.0057,0.0533
Sample_Dataset/Reichel/images_with_faces/495756_265388_image.jpeg,Neutral,0.9153,0.0103,0.0522,0.0223,0.9153
Sample_Dataset/Reichel/images_with_faces/495767_265396_image.jpeg,Neutral,0.6561,0.1675,0.1654,0.0109,0.6561
Sample_Dataset/Reichel/images_with_faces/495782_265403_image.jpeg,Neutral,0.5713,0.3417,0.0109,0.0761,0.5713
Sample_Dataset/Reichel/images_with_faces/495828_265436_image.jpeg,Neutral,0.5484,0.2901,0.0126,0.1489,0.5484
Sample_Dataset/Reichel/images_with_faces/495867_265457_image.jpeg,Hostile,0.4951,0.0873,0.0164,0.4951,0.4013
Sample_Dataset/Reichel/images_with_faces/495915_265482_image.jpeg,Neutral,0.4948,0.2514,0.0008,0.2531,0.4948
Sample_Dataset/Reichel/images_with_faces/495923_265489_image.jpeg,Hostile,0.7444,0.1983,0.0065,0.7444,0.0508
Sample_Dataset/Reichel/images_with_faces/496000_265532_image.jpeg,Optimistic,0.871,0.871,0.001,0.0008,0.1272
Sample_Dataset/Reichel/images_with_faces/496003_265533_image.jpeg,Optimistic,0.9279,0.9279,0.0006,0.0001,0.0714
Sample_Dataset/Reichel/images_with_faces/496007_265535_image.jpeg,Optimistic,0.9329,0.9329,0.0006,0.0009,0.0656
Sample_Dataset/Reichel/images_with_faces/496008_265536_image.jpeg,Optimistic,0.976,0.976,0.0003,0.0001,0.0237
Sample_Dataset/Reichel/images_with_faces/496014_265537_image.jpeg,Optimistic,0.5945,0.5945,0.0008,0.0038,0.4009
Sample_Dataset/Reichel/images_with_faces/496029_265540_image.jpeg,Optimistic,0.9803,0.9803,0.0002,0.0003,0.0192
Sample_Dataset/Reichel/images_with_faces/496107_265566_image.jpeg,Optimistic,0.8988,0.8988,0.0081,0.0044,0.0887
Sample_Dataset/Reichel/images_with_faces/496216_265625_image.jpeg,Neutral,0.6201,0.3411,0.0004,0.0384,0.6201
Sample_Dataset/Reichel/images_with_faces/496279_265646_image.jpeg,Neutral,0.6526,0.327,0.0061,0.0143,0.6526
Sample_Dataset/Reichel/images_with_faces/496438_265744_image.jpeg,Optimistic,0.9918,0.9918,0.0026,0.0004,0.0052
Sample_Dataset/Reichel/images_with_faces/496458_265753_image.jpeg,Neutral,0.7901,0.168,0.0229,0.0191,0.7901
Sample_Dataset/Reichel/images_with_faces/496658_265827_image.jpeg,Optimistic,0.9144,0.9144,0.0009,0.036,0.0488
Sample_Dataset/Reichel/images_with_faces/496804_265884_image.jpeg,Neutral,0.7165,0.1802,0.1023,0.001,0.7165
Sample_Dataset/Reichel/images_with_faces/496813_265892_image.jpeg,Neutral,0.8325,0.125,0.0117,0.0308,0.8325
Sample_Dataset/Reichel/images_with_faces/496903_265953_image.jpeg,Neutral,0.9834,0.0144,0.0001,0.0021,0.9834
Sample_Dataset/Reichel/images_with_faces/496965_265994_image.jpeg,Optimistic,0.8364,0.8364,0.0076,0.0318,0.1241
Sample_Dataset/Reichel/images_with_faces/496969_265997_image.jpeg,Hostile,0.5387,0.4593,0.0005,0.5387,0.0015
Sample_Dataset/Reichel/images_with_faces/496976_265999_image.jpeg,Optimistic,0.5392,0.5392,0.0001,0.0177,0.443
Sample_Dataset/Reichel/images_with_faces/496979_266000_image.jpeg,Optimistic,0.939,0.939,0.0053,0.0056,0.0501
Sample_Dataset/Reichel/images_with_faces/497029_266001_image.jpeg,Pessimistic,0.6878,0.2988,0.6878,0.0049,0.0085
Sample_Dataset/Reichel/images_with_faces/497055_266003_image.jpeg,Neutral,0.5789,0.1179,0.2133,0.0899,0.5789
Sample_Dataset/Reichel/images_with_faces/497059_266008_image.jpeg,Neutral,0.6913,0.0774,0.0957,0.1356,0.6913
Sample_Dataset/Reichel/images_with_faces/497061_266010_image.jpeg,Optimistic,0.9919,0.9919,0.0007,0.0038,0.0036
Sample_Dataset/Reichel/images_with_faces/497083_266032_image.jpeg,Neutral,0.6057,0.3768,0.0003,0.0172,0.6057
Sample_Dataset/Reichel/images_with_faces/497087_266035_image.jpeg,Optimistic,0.7134,0.7134,0.0205,0.0031,0.2629
Sample_Dataset/Reichel/images_with_faces/500341_268666_image.jpeg,Optimistic,0.9867,0.9867,0.0,0.0031,0.0102
Sample_Dataset/Reichel/images_with_faces/502123_269922_image.jpeg,Neutral,0.4805,0.1655,0.03,0.324,0.4805
Sample_Dataset/Reichel/images_with_faces/502226_269999_image.jpeg,Neutral,0.8967,0.1018,0.0005,0.001,0.8967
Sample_Dataset/Reichel/images_with_faces/502238_270004_image.jpeg,Neutral,0.8832,0.1151,0.0004,0.0013,0.8832
Sample_Dataset/Reichel/images_with_faces/502276_270030_image.jpeg,Neutral,0.958,0.0266,0.0,0.0153,0.958
Sample_Dataset/Reichel/images_with_faces/502325_270064_image.jpeg,Neutral,0.9991,0.0005,0.0,0.0003,0.9991
Sample_Dataset/Reichel/images_with_faces/502335_270070_image.jpeg,Neutral,0.9354,0.0374,0.0001,0.0271,0.9354
Sample_Dataset/Reichel/images_with_faces/502354_270088_image.jpeg,Neutral,0.9875,0.012,0.0001,0.0004,0.9875
Sample_Dataset/Reichel/images_with_faces/502374_270100_image.jpeg,Neutral,0.9985,0.0013,0.0001,0.0001,0.9985
Sample_Dataset/Reichel/images_with_faces/502420_270127_image.jpeg,Neutral,0.9641,0.035,0.0008,0.0001,0.9641
Sample_Dataset/Reichel/images_with_faces/502451_270157_image.jpeg,Neutral,0.9989,0.0009,0.0001,0.0001,0.9989
Sample_Dataset/Reichel/images_with_faces/502526_270223_image.jpeg,Neutral,0.7429,0.0263,0.0013,0.2296,0.7429
Sample_Dataset/Reichel/images_with_faces/502638_270255_image.jpeg,Optimistic,0.8795,0.8795,0.0001,0.011,0.1093
Sample_Dataset/Reichel/images_with_faces/502744_270332_image.jpeg,Hostile,0.4095,0.28,0.0257,0.4095,0.2848
Sample_Dataset/Reichel/images_with_faces/502748_270336_image.jpeg,Hostile,0.7689,0.138,0.0798,0.7689,0.0133
Sample_Dataset/Reichel/images_with_faces/502808_270386_image.jpeg,Optimistic,0.865,0.865,0.0006,0.0001,0.1342
Sample_Dataset/Reichel/images_with_faces/502817_270393_image.jpeg,Neutral,0.673,0.1512,0.1692,0.0067,0.673
Sample_Dataset/Reichel/images_with_faces/502838_270414_image.jpeg,Optimistic,0.7712,0.7712,0.0317,0.1513,0.0458
Sample_Dataset/Reichel/images_with_faces/502861_270429_image.jpeg,Optimistic,0.8876,0.8876,0.0012,0.001,0.1102
Sample_Dataset/Reichel/images_with_faces/502902_270453_image.jpeg,Optimistic,0.7964,0.7964,0.0013,0.0006,0.2017
Sample_Dataset/Reichel/images_with_faces/502949_270493_image.jpeg,Optimistic,0.9143,0.9143,0.0024,0.0014,0.082
Sample_Dataset/Reichel/images_with_faces/502973_270517_image.jpeg,Neutral,0.9473,0.0087,0.0229,0.021,0.9473
Sample_Dataset/Reichel/images_with_faces/503021_270552_image.jpeg,Optimistic,0.9291,0.9291,0.0014,0.0002,0.0693
Sample_Dataset/Reichel/images_with_faces/503030_270561_image.jpeg,Optimistic,0.6508,0.6508,0.0124,0.014,0.3228
Sample_Dataset/Reichel/images_with_faces/503035_270566_image.jpeg,Optimistic,0.8005,0.8005,0.0016,0.0001,0.1978
Sample_Dataset/Reichel/images_with_faces/503140_270653_image.jpeg,Optimistic,0.9104,0.9104,0.0008,0.0005,0.0883
Sample_Dataset/Reichel/images_with_faces/503147_270657_image.jpeg,Neutral,0.4666,0.0197,0.0959,0.4179,0.4666
Sample_Dataset/Reichel/images_with_faces/503153_270664_image.jpeg,Optimistic,0.9071,0.9071,0.0005,0.0001,0.0923
Sample_Dataset/Reichel/images_with_faces/503242_270733_image.jpeg,Neutral,0.5221,0.2501,0.1514,0.0764,0.5221
Sample_Dataset/Reichel/images_with_faces/503266_270753_image.jpeg,Optimistic,0.9921,0.9921,0.0,0.0,0.0078
Sample_Dataset/Reichel/images_with_faces/503273_270758_image.jpeg,Neutral,0.7247,0.2487,0.0121,0.0145,0.7247
Sample_Dataset/Reichel/images_with_faces/503278_270762_image.jpeg,Neutral,0.9161,0.0786,0.0018,0.0035,0.9161
Sample_Dataset/Reichel/images_with_faces/503377_270827_image.jpeg,Optimistic,0.9985,0.9985,0.0001,0.0,0.0014
Sample_Dataset/Reichel/images_with_faces/503402_270851_image.jpeg,Neutral,0.9275,0.0695,0.0012,0.0018,0.9275
Sample_Dataset/Reichel/images_with_faces/503414_270858_image.jpeg,Optimistic,0.8016,0.8016,0.0007,0.0002,0.1975
Sample_Dataset/Reichel/images_with_faces/503454_270882_image.jpeg,Pessimistic,0.676,0.007,0.676,0.1158,0.2011
Sample_Dataset/Reichel/images_with_faces/503508_270921_image.jpeg,Neutral,0.6869,0.2399,0.0045,0.0686,0.6869
Sample_Dataset/Reichel/images_with_faces/503524_270931_image.jpeg,Neutral,0.572,0.1061,0.3084,0.0135,0.572
Sample_Dataset/Reichel/images_with_faces/503557_270951_image.jpeg,Neutral,0.8609,0.1225,0.0116,0.005,0.8609
Sample_Dataset/Reichel/images_with_faces/503562_270954_image.jpeg,Pessimistic,0.9277,0.0011,0.9277,0.058,0.0132
Sample_Dataset/Reichel/images_with_faces/503604_270993_image.jpeg,Hostile,0.7935,0.0927,0.1083,0.7935,0.0054
Sample_Dataset/Reichel/images_with_faces/503651_271007_image.jpeg,Optimistic,0.9853,0.9853,0.0045,0.0038,0.0064
Sample_Dataset/Reichel/images_with_faces/503670_271024_image.jpeg,Neutral,0.849,0.0525,0.0672,0.0313,0.849
Sample_Dataset/Reichel/images_with_faces/503699_271046_image.jpeg,Neutral,0.5525,0.0166,0.16,0.2709,0.5525
Sample_Dataset/Reichel/images_with_faces/503751_271074_image.jpeg,Neutral,0.9975,0.0006,0.0005,0.0014,0.9975
Sample_Dataset/Reichel/images_with_faces/503788_271088_image.jpeg,Unknown,0.3623,0.3623,0.006,0.333,0.2987
Sample_Dataset/Reichel/images_with_faces/503798_271093_image.jpeg,Optimistic,0.9675,0.9675,0.0009,0.0018,0.0298
Sample_Dataset/Reichel/images_with_faces/503937_271167_image.jpeg,Optimistic,0.6861,0.6861,0.0009,0.0002,0.3128
Sample_Dataset/Reichel/images_with_faces/504114_271280_image.jpeg,Neutral,0.6289,0.3499,0.0096,0.0116,0.6289
Sample_Dataset/Reichel/images_with_faces/504523_271471_image.jpeg,Neutral,0.5253,0.2157,0.2451,0.014,0.5253
Sample_Dataset/Reichel/images_with_faces/504546_271478_image.jpeg,Optimistic,0.9338,0.9338,0.0005,0.0013,0.0644
Sample_Dataset/Reichel/images_with_faces/504556_271480_image.jpeg,Optimistic,0.5962,0.5962,0.0014,0.0014,0.401
Sample_Dataset/Reichel/images_with_faces/504591_271492_image.jpeg,Optimistic,0.9913,0.9913,0.0002,0.0027,0.0059
Sample_Dataset/Reichel/images_with_faces/504700_271511_image.jpeg,Neutral,0.456,0.4534,0.0026,0.088,0.456
Sample_Dataset/Reichel/images_with_faces/504746_271526_image.jpeg,Neutral,0.4651,0.0467,0.4384,0.0498,0.4651
Sample_Dataset/Reichel/images_with_faces/504759_271528_image.jpeg,Optimistic,0.9374,0.9374,0.0053,0.0092,0.0481
Sample_Dataset/Reichel/images_with_faces/505354_271888_image.jpeg,Neutral,0.5762,0.376,0.0036,0.0442,0.5762
Sample_Dataset/Reichel/images_with_faces/505528_271940_image.jpeg,Neutral,0.583,0.2094,0.0357,0.1719,0.583
Sample_Dataset/Reichel/images_with_faces/505633_272012_image.jpeg,Hostile,0.4064,0.0447,0.4013,0.4064,0.1476
Sample_Dataset/Reichel/images_with_faces/509273_274553_image.jpeg,Optimistic,0.9855,0.9855,0.0001,0.0053,0.0091
Sample_Dataset/Reichel/images_with_faces/510105_275250_image.jpeg,Neutral,0.999,0.0001,0.0008,0.0,0.999
Sample_Dataset/Reichel/images_with_faces/510109_275254_image.jpeg,Pessimistic,0.7992,0.0255,0.7992,0.0035,0.1718
Sample_Dataset/Reichel/images_with_faces/510119_275257_image.jpeg,Pessimistic,0.5836,0.0612,0.5836,0.0127,0.3425
Sample_Dataset/Reichel/images_with_faces/510126_275263_image.jpeg,Neutral,0.9988,0.0008,0.0004,0.0001,0.9988
Sample_Dataset/Reichel/images_with_faces/510132_275270_image.jpeg,Neutral,0.9979,0.0012,0.0007,0.0002,0.9979
Sample_Dataset/Reichel/images_with_faces/510136_275274_image.jpeg,Neutral,0.9983,0.001,0.0001,0.0007,0.9983
Sample_Dataset/Reichel/images_with_faces/510146_275285_image.jpeg,Neutral,0.9977,0.0013,0.0001,0.0009,0.9977
Sample_Dataset/Reichel/images_with_faces/510148_275287_image.jpeg,Neutral,0.9984,0.0013,0.0001,0.0001,0.9984
Sample_Dataset/Reichel/images_with_faces/510162_275295_image.jpeg,Neutral,0.9983,0.0015,0.0001,0.0001,0.9983
Sample_Dataset/Reichel/images_with_faces/510164_275297_image.jpeg,Neutral,0.9964,0.003,0.0002,0.0004,0.9964
Sample_Dataset/Reichel/images_with_faces/510167_275301_image.jpeg,Neutral,0.999,0.0006,0.0004,0.0,0.999
Sample_Dataset/Reichel/images_with_faces/510172_275306_image.jpeg,Neutral,0.9836,0.0122,0.0008,0.0035,0.9836
Sample_Dataset/Reichel/images_with_faces/510178_275313_image.jpeg,Neutral,0.9909,0.0083,0.0,0.0008,0.9909
Sample_Dataset/Reichel/images_with_faces/510181_275315_image.jpeg,Neutral,0.999,0.0003,0.0,0.0006,0.999
Sample_Dataset/Reichel/images_with_faces/510185_275319_image.jpeg,Neutral,0.4481,0.2745,0.0149,0.2626,0.4481
Sample_Dataset/Reichel/images_with_faces/510196_275321_image.jpeg,Neutral,0.9991,0.0005,0.0,0.0004,0.9991
Sample_Dataset/Reichel/images_with_faces/510212_275331_image.jpeg,Neutral,0.4176,0.2972,0.0078,0.2774,0.4176
Sample_Dataset/Reichel/images_with_faces/510213_275332_image.jpeg,Optimistic,0.6197,0.6197,0.0131,0.3585,0.0088
Sample_Dataset/Reichel/images_with_faces/510230_275349_image.jpeg,Optimistic,0.9999,0.9999,0.0001,0.0,0.0
Sample_Dataset/Reichel/images_with_faces/510268_275385_image.jpeg,Neutral,0.4525,0.2323,0.058,0.2572,0.4525
Sample_Dataset/Reichel/images_with_faces/510353_275464_image.jpeg,Neutral,0.9993,0.0005,0.0,0.0001,0.9993
Sample_Dataset/Reichel/images_with_faces/510360_275474_image.jpeg,Neutral,0.9999,0.0,0.0,0.0001,0.9999
Sample_Dataset/Reichel/images_with_faces/510368_275484_image.jpeg,Neutral,0.9747,0.0248,0.0002,0.0004,0.9747
Sample_Dataset/Reichel/images_with_faces/510389_275512_image.jpeg,Neutral,0.9991,0.0008,0.0,0.0001,0.9991
Sample_Dataset/Reichel/images_with_faces/510395_275518_image.jpeg,Neutral,0.9996,0.0003,0.0,0.0,0.9996
Sample_Dataset/Reichel/images_with_faces/510399_275524_image.jpeg,Neutral,0.9994,0.0005,0.0,0.0001,0.9994
Sample_Dataset/Reichel/images_with_faces/510405_275530_image.jpeg,Neutral,0.9978,0.0011,0.0,0.0011,0.9978
Sample_Dataset/Reichel/images_with_faces/510409_275538_image.jpeg,Neutral,0.987,0.011,0.0001,0.002,0.987
Sample_Dataset/Reichel/images_with_faces/510427_275550_image.jpeg,Optimistic,0.4822,0.4822,0.0704,0.0227,0.4246
Sample_Dataset/Reichel/images_with_faces/510442_275554_image.jpeg,Neutral,0.5753,0.2941,0.0045,0.126,0.5753
Sample_Dataset/Reichel/images_with_faces/510454_275562_image.jpeg,Optimistic,0.5258,0.5258,0.0345,0.2929,0.1468
Sample_Dataset/Reichel/images_with_faces/510457_275565_image.jpeg,Neutral,0.6316,0.277,0.0021,0.0892,0.6316
Sample_Dataset/Reichel/images_with_faces/510553_275642_image.jpeg,Neutral,0.92,0.0628,0.0029,0.0143,0.92
Sample_Dataset/Reichel/images_with_faces/510558_275647_image.jpeg,Neutral,0.9487,0.035,0.0072,0.0091,0.9487
Sample_Dataset/Reichel/images_with_faces/510560_275652_image.jpeg,Neutral,0.5473,0.3771,0.003,0.0727,0.5473
Sample_Dataset/Reichel/images_with_faces/510605_275669_image.jpeg,Neutral,0.5067,0.3509,0.0037,0.1386,0.5067
Sample_Dataset/Reichel/images_with_faces/510642_275698_image.jpeg,Unknown,0.3958,0.3958,0.1071,0.1229,0.3741
Sample_Dataset/Reichel/images_with_faces/510659_275717_image.jpeg,Hostile,0.8832,0.0713,0.0206,0.8832,0.025
Sample_Dataset/Reichel/images_with_faces/510729_275785_image.jpeg,Unknown,0.3634,0.1449,0.3634,0.1617,0.33
Sample_Dataset/Reichel/images_with_faces/510777_275830_image.jpeg,Neutral,0.5881,0.3552,0.0028,0.0539,0.5881
Sample_Dataset/Reichel/images_with_faces/510779_275833_image.jpeg,Neutral,0.5227,0.3437,0.0048,0.1288,0.5227
Sample_Dataset/Reichel/images_with_faces/510937_275942_image.jpeg,Neutral,0.9996,0.0003,0.0001,0.0,0.9996
Sample_Dataset/Reichel/images_with_faces/510943_275948_image.jpeg,Neutral,0.9954,0.0019,0.0022,0.0005,0.9954
Sample_Dataset/Reichel/images_with_faces/510950_275954_image.jpeg,Neutral,0.9415,0.0583,0.0,0.0002,0.9415
Sample_Dataset/Reichel/images_with_faces/510956_275959_image.jpeg,Neutral,0.9989,0.0009,0.0,0.0002,0.9989
Sample_Dataset/Reichel/images_with_faces/510969_275967_image.jpeg,Neutral,0.9997,0.0002,0.0,0.0,0.9997
Sample_Dataset/Reichel/images_with_faces/510972_275970_image.jpeg,Neutral,0.9995,0.0004,0.0,0.0001,0.9995
Sample_Dataset/Reichel/images_with_faces/510980_275978_image.jpeg,Neutral,0.996,0.0035,0.0001,0.0003,0.996
Sample_Dataset/Reichel/images_with_faces/511003_276002_image.jpeg,Hostile,0.8782,0.1208,0.0001,0.8782,0.0009
Sample_Dataset/Reichel/images_with_faces/511121_276035_image.jpeg,Neutral,0.6557,0.2658,0.0001,0.0784,0.6557
Sample_Dataset/Reichel/images_with_faces/511381_276096_image.jpeg,Neutral,0.596,0.0173,0.0141,0.3726,0.596
Sample_Dataset/Reichel/images_with_faces/511399_276115_image.jpeg,Neutral,0.5867,0.2728,0.0352,0.1053,0.5867
Sample_Dataset/Reichel/images_with_faces/511410_276125_image.jpeg,Hostile,0.8859,0.0015,0.0028,0.8859,0.1097
Sample_Dataset/Reichel/images_with_faces/511669_276172_image.jpeg,Optimistic,0.5934,0.5934,0.0124,0.0322,0.3619
Sample_Dataset/Reichel/images_with_faces/511691_276182_image.jpeg,Neutral,0.7151,0.0335,0.227,0.0245,0.7151
Sample_Dataset/Reichel/images_with_faces/511730_276203_image.jpeg,Neutral,0.7667,0.2312,0.0016,0.0005,0.7667
Sample_Dataset/Reichel/images_with_faces/511739_276211_image.jpeg,Neutral,0.996,0.0037,0.0002,0.0001,0.996
Sample_Dataset/Reichel/images_with_faces/511791_276255_image.jpeg,Neutral,0.9978,0.0018,0.0001,0.0004,0.9978
Sample_Dataset/Reichel/images_with_faces/512151_276534_image.jpeg,Neutral,0.5053,0.4168,0.0102,0.0677,0.5053
Sample_Dataset/Reichel/images_with_faces/512193_276569_image.jpeg,Neutral,0.5046,0.3295,0.018,0.148,0.5046
Sample_Dataset/Reichel/images_with_faces/512215_276579_image.jpeg,Neutral,0.6103,0.2313,0.0169,0.1416,0.6103
Sample_Dataset/Reichel/images_with_faces/512294_276631_image.jpeg,Neutral,0.5281,0.316,0.0063,0.1496,0.5281
Sample_Dataset/Reichel/images_with_faces/512829_276951_image.jpeg,Neutral,0.4758,0.1013,0.3211,0.1018,0.4758
Sample_Dataset/Reichel/images_with_faces/513090_277110_image.jpeg,Optimistic,0.9815,0.9815,0.0003,0.0018,0.0165
Sample_Dataset/Reichel/images_with_faces/513146_277151_image.jpeg,Optimistic,0.9973,0.9973,0.0002,0.0001,0.0024
Sample_Dataset/Reichel/images_with_faces/513505_277327_image.jpeg,Pessimistic,0.6095,0.2424,0.6095,0.1102,0.0379
Sample_Dataset/Reichel/images_with_faces/514158_277781_image.jpeg,Neutral,0.9939,0.0009,0.0008,0.0044,0.9939
Sample_Dataset/Reichel/images_with_faces/514210_277785_image.jpeg,Optimistic,0.7396,0.7396,0.1072,0.0197,0.1335
Sample_Dataset/Reichel/images_with_faces/514332_277845_image.jpeg,Hostile,0.5309,0.1633,0.1291,0.5309,0.1767
Sample_Dataset/Reichel/images_with_faces/514445_277917_image.jpeg,Optimistic,0.8169,0.8169,0.0102,0.004,0.1688
Sample_Dataset/Reichel/images_with_faces/534895_283826_image.jpeg,Neutral,0.7787,0.2182,0.0013,0.0018,0.7787
Sample_Dataset/Reichel/images_with_faces/534897_283828_image.jpeg,Neutral,0.5591,0.2398,0.0018,0.1993,0.5591
Sample_Dataset/Reichel/images_with_faces/534918_283853_image.jpeg,Neutral,0.9962,0.0035,0.0003,0.0001,0.9962
Sample_Dataset/Reichel/images_with_faces/534922_283857_image.jpeg,Neutral,0.9972,0.0024,0.0001,0.0003,0.9972
Sample_Dataset/Reichel/images_with_faces/534923_283858_image.jpeg,Neutral,0.6037,0.3685,0.0039,0.0239,0.6037
Sample_Dataset/Reichel/images_with_faces/534924_283860_image.jpeg,Neutral,0.936,0.054,0.0002,0.0097,0.936
Sample_Dataset/Reichel/images_with_faces/534925_283861_image.jpeg,Neutral,0.9491,0.043,0.0015,0.0064,0.9491
Sample_Dataset/Reichel/images_with_faces/534931_283867_image.jpeg,Neutral,0.4437,0.3196,0.0029,0.2337,0.4437
Sample_Dataset/Reichel/images_with_faces/534933_283870_image.jpeg,Neutral,0.7964,0.1899,0.0062,0.0076,0.7964
Sample_Dataset/Reichel/images_with_faces/534953_283891_image.jpeg,Neutral,0.5649,0.3488,0.0134,0.0729,0.5649
Sample_Dataset/Reichel/images_with_faces/534968_283908_image.jpeg,Optimistic,0.996,0.996,0.0002,0.0007,0.0031
Sample_Dataset/Reichel/images_with_faces/534971_283911_image.jpeg,Neutral,0.8703,0.0019,0.0982,0.0296,0.8703
Sample_Dataset/Reichel/images_with_faces/534978_283921_image.jpeg,Optimistic,0.4418,0.4418,0.0896,0.2682,0.2004
Sample_Dataset/Reichel/images_with_faces/535006_283952_image.jpeg,Neutral,0.9992,0.0006,0.0,0.0001,0.9992
Sample_Dataset/Reichel/images_with_faces/535043_283996_image.jpeg,Hostile,0.5095,0.18,0.0265,0.5095,0.284
Sample_Dataset/Reichel/images_with_faces/535044_283998_image.jpeg,Neutral,0.585,0.1026,0.0992,0.2132,0.585
Sample_Dataset/Reichel/images_with_faces/535136_284091_image.jpeg,Hostile,0.8883,0.009,0.0003,0.8883,0.1023
Sample_Dataset/Reichel/images_with_faces/535160_284123_image.jpeg,Neutral,0.4269,0.4223,0.0437,0.107,0.4269
Sample_Dataset/Reichel/images_with_faces/535180_284144_image.jpeg,Neutral,0.9985,0.0011,0.0004,0.0,0.9985
Sample_Dataset/Reichel/images_with_faces/535188_284155_image.jpeg,Neutral,0.9527,0.0453,0.0001,0.0019,0.9527
Sample_Dataset/Reichel/images_with_faces/535315_284277_image.jpeg,Neutral,0.9981,0.0005,0.0012,0.0001,0.9981
Sample_Dataset/Reichel/images_with_faces/535359_284320_image.jpeg,Neutral,0.9136,0.0666,0.0018,0.018,0.9136
Sample_Dataset/Reichel/images_with_faces/535459_284419_image.jpeg,Optimistic,0.9808,0.9808,0.0013,0.0043,0.0137
Sample_Dataset/Reichel/images_with_faces/535461_284422_image.jpeg,Optimistic,0.9997,0.9997,0.0,0.0003,0.0001
Sample_Dataset/Reichel/images_with_faces/535486_284445_image.jpeg,Neutral,0.4317,0.2942,0.0571,0.217,0.4317
Sample_Dataset/Reichel/images_with_faces/535510_284470_image.jpeg,Hostile,0.5271,0.4235,0.0144,0.5271,0.035
Sample_Dataset/Reichel/images_with_faces/535701_284641_image.jpeg,Pessimistic,0.8195,0.0341,0.8195,0.0629,0.0835
Sample_Dataset/Reichel/images_with_faces/535800_284706_image.jpeg,Neutral,0.5469,0.3739,0.0149,0.0643,0.5469
Sample_Dataset/Reichel/images_with_faces/535810_284716_image.jpeg,Hostile,0.4954,0.2304,0.0025,0.4954,0.2717
Sample_Dataset/Reichel/images_with_faces/535812_284718_image.jpeg,Optimistic,0.5264,0.5264,0.0124,0.0797,0.3815
Sample_Dataset/Reichel/images_with_faces/535837_284740_image.jpeg,Pessimistic,0.9252,0.021,0.9252,0.0009,0.053
Sample_Dataset/Reichel/images_with_faces/535857_284755_image.jpeg,Neutral,0.9942,0.0042,0.0001,0.0015,0.9942
Sample_Dataset/Reichel/images_with_faces/535984_284857_image.jpeg,Optimistic,0.7396,0.7396,0.0089,0.0641,0.1873
Sample_Dataset/Reichel/images_with_faces/535989_284862_image.jpeg,Optimistic,0.5247,0.5247,0.1751,0.0494,0.2508
Sample_Dataset/Reichel/images_with_faces/536276_285093_image.jpeg,Neutral,0.4399,0.4037,0.0035,0.1528,0.4399
Sample_Dataset/Reichel/images_with_faces/536463_285247_image.jpeg,Neutral,0.9615,0.037,0.0013,0.0002,0.9615
Sample_Dataset/Reichel/images_with_faces/536465_285249_image.jpeg,Neutral,0.9861,0.0126,0.0002,0.0011,0.9861
Sample_Dataset/Reichel/images_with_faces/536468_285251_image.jpeg,Neutral,0.9988,0.001,0.0001,0.0001,0.9988
Sample_Dataset/Reichel/images_with_faces/536495_285270_image.jpeg,Neutral,0.9968,0.0028,0.0001,0.0003,0.9968
Sample_Dataset/Reichel/images_with_faces/536503_285276_image.jpeg,Neutral,0.9969,0.0023,0.0001,0.0008,0.9969
Sample_Dataset/Reichel/images_with_faces/536508_285280_image.jpeg,Neutral,0.8395,0.1201,0.0003,0.04,0.8395
Sample_Dataset/Reichel/images_with_faces/536517_285286_image.jpeg,Neutral,0.9819,0.0153,0.0005,0.0024,0.9819
Sample_Dataset/Reichel/images_with_faces/536523_285289_image.jpeg,Neutral,0.7755,0.2097,0.0043,0.0105,0.7755
Sample_Dataset/Reichel/images_with_faces/536531_285296_image.jpeg,Neutral,0.5748,0.3317,0.0086,0.0849,0.5748
Sample_Dataset/Reichel/images_with_faces/536593_285337_image.jpeg,Neutral,0.5459,0.1282,0.2761,0.0498,0.5459
Sample_Dataset/Reichel/images_with_faces/536598_285343_image.jpeg,Neutral,0.4655,0.428,0.0268,0.0796,0.4655
Sample_Dataset/Reichel/images_with_faces/537220_285787_image.jpeg,Optimistic,0.6171,0.6171,0.0632,0.0635,0.2562
Sample_Dataset/Reichel/images_with_faces/537223_285791_image.jpeg,Neutral,0.9767,0.0066,0.0137,0.0031,0.9767
Sample_Dataset/Reichel/images_with_faces/537246_285799_image.jpeg,Optimistic,0.8662,0.8662,0.0032,0.1142,0.0164
Sample_Dataset/Reichel/images_with_faces/537296_285829_image.jpeg,Hostile,0.7464,0.0102,0.2429,0.7464,0.0006
Sample_Dataset/Reichel/images_with_faces/537315_285840_image.jpeg,Pessimistic,0.6658,0.1376,0.6658,0.0561,0.1405
Sample_Dataset/Reichel/images_with_faces/537744_286114_image.jpeg,Hostile,0.9846,0.0128,0.0008,0.9846,0.0019
Sample_Dataset/Reichel/images_with_faces/537880_286199_image.jpeg,Optimistic,0.8134,0.8134,0.001,0.0875,0.0982
Sample_Dataset/Reichel/images_with_faces/537993_286255_image.jpeg,Optimistic,0.9121,0.9121,0.0005,0.0012,0.0862
Sample_Dataset/Reichel/images_with_faces/538731_286645_image.jpeg,Hostile,0.7963,0.183,0.0009,0.7963,0.0199
Sample_Dataset/Reichel/images_with_faces/538734_286647_image.jpeg,Optimistic,0.7057,0.7057,0.0674,0.0109,0.216
Sample_Dataset/Reichel/images_with_faces/539010_286917_image.jpeg,Hostile,0.5862,0.1468,0.0026,0.5862,0.2644
Sample_Dataset/Reichel/images_with_faces/539016_286919_image.jpeg,Neutral,0.9565,0.0342,0.0014,0.008,0.9565
Sample_Dataset/Reichel/images_with_faces/539027_286920_image.jpeg,Optimistic,0.9965,0.9965,0.0033,0.0,0.0002
Sample_Dataset/Reichel/images_with_faces/539040_286921_image.jpeg,Optimistic,0.9807,0.9807,0.0096,0.001,0.0087
Sample_Dataset/Reichel/images_with_faces/539055_286924_image.jpeg,Optimistic,0.9935,0.9935,0.0,0.0016,0.0049
Sample_Dataset/Reichel/images_with_faces/539251_287020_image.jpeg,Hostile,0.5946,0.223,0.0075,0.5946,0.1749
Sample_Dataset/Reichel/images_with_faces/539253_287022_image.jpeg,Optimistic,0.4464,0.4464,0.0435,0.4026,0.1075
Sample_Dataset/Reichel/images_with_faces/539259_287025_image.jpeg,Neutral,0.538,0.131,0.209,0.122,0.538
Sample_Dataset/Reichel/images_with_faces/544823_291333_image.jpeg,Hostile,0.5586,0.2681,0.0726,0.5586,0.1007
Sample_Dataset/Reichel/images_with_faces/547222_292652_image.jpeg,Neutral,0.5284,0.3994,0.016,0.0562,0.5284
Sample_Dataset/Reichel/images_with_faces/547247_292681_image.jpeg,Optimistic,0.483,0.483,0.0005,0.1867,0.3298
Sample_Dataset/Reichel/images_with_faces/547255_292689_image.jpeg,Optimistic,0.7441,0.7441,0.0143,0.0585,0.1831
Sample_Dataset/Reichel/images_with_faces/547257_292692_image.jpeg,Neutral,0.7569,0.1936,0.0016,0.048,0.7569
Sample_Dataset/Reichel/images_with_faces/547300_292726_image.jpeg,Neutral,0.9764,0.0217,0.0004,0.0015,0.9764
Sample_Dataset/Reichel/images_with_faces/547315_292740_image.jpeg,Optimistic,0.653,0.653,0.0011,0.0011,0.3448
Sample_Dataset/Reichel/images_with_faces/547333_292757_image.jpeg,Neutral,0.5567,0.0204,0.2764,0.1466,0.5567
Sample_Dataset/Reichel/images_with_faces/547352_292781_image.jpeg,Optimistic,0.8053,0.8053,0.0162,0.1157,0.0629
Sample_Dataset/Reichel/images_with_faces/547364_292784_image.jpeg,Neutral,0.998,0.0018,0.0001,0.0001,0.998
Sample_Dataset/Reichel/images_with_faces/547377_292786_image.jpeg,Neutral,0.9991,0.0006,0.0,0.0002,0.9991
Sample_Dataset/Reichel/images_with_faces/547395_292796_image.jpeg,Neutral,0.9715,0.0242,0.0,0.0042,0.9715
Sample_Dataset/Reichel/images_with_faces/547497_292889_image.jpeg,Optimistic,0.9958,0.9958,0.0022,0.0009,0.0011
Sample_Dataset/Reichel/images_with_faces/547517_292911_image.jpeg,Optimistic,0.8515,0.8515,0.0016,0.0008,0.146
Sample_Dataset/Reichel/images_with_faces/547627_292990_image.jpeg,Optimistic,0.5077,0.5077,0.0006,0.0057,0.4861
Sample_Dataset/Reichel/images_with_faces/548016_293133_image.jpeg,Optimistic,0.8204,0.8204,0.0051,0.069,0.1054
Sample_Dataset/Reichel/images_with_faces/548132_293214_image.jpeg,Optimistic,0.9881,0.9881,0.0001,0.0008,0.011
Sample_Dataset/Reichel/images_with_faces/548144_293227_image.jpeg,Neutral,0.7691,0.2194,0.0051,0.0064,0.7691
Sample_Dataset/Reichel/images_with_faces/548147_293231_image.jpeg,Neutral,0.9612,0.0377,0.0006,0.0005,0.9612
Sample_Dataset/Reichel/images_with_faces/548150_293235_image.jpeg,Neutral,0.9982,0.0015,0.0001,0.0002,0.9982
Sample_Dataset/Reichel/images_with_faces/548152_293238_image.jpeg,Neutral,0.9993,0.0006,0.0001,0.0,0.9993
Sample_Dataset/Reichel/images_with_faces/548155_293240_image.jpeg,Neutral,0.9966,0.0022,0.0,0.0012,0.9966
Sample_Dataset/Reichel/images_with_faces/548157_293241_image.jpeg,Neutral,0.9987,0.0012,0.0,0.0,0.9987
Sample_Dataset/Reichel/images_with_faces/548158_293242_image.jpeg,Neutral,0.9847,0.0136,0.0,0.0016,0.9847
Sample_Dataset/Reichel/images_with_faces/548161_293245_image.jpeg,Neutral,0.9985,0.0013,0.0,0.0001,0.9985
Sample_Dataset/Reichel/images_with_faces/548166_293247_image.jpeg,Neutral,0.999,0.0009,0.0001,0.0001,0.999
Sample_Dataset/Reichel/images_with_faces/548187_293258_image.jpeg,Neutral,0.9994,0.0005,0.0,0.0,0.9994
Sample_Dataset/Reichel/images_with_faces/548192_293261_image.jpeg,Neutral,0.9573,0.0398,0.0024,0.0004,0.9573
Sample_Dataset/Reichel/images_with_faces/548202_293267_image.jpeg,Neutral,0.9757,0.023,0.0003,0.001,0.9757
Sample_Dataset/Reichel/images_with_faces/548213_293276_image.jpeg,Neutral,0.9989,0.001,0.0001,0.0,0.9989
Sample_Dataset/Reichel/images_with_faces/548246_293294_image.jpeg,Neutral,0.9982,0.0016,0.0001,0.0001,0.9982
Sample_Dataset/Reichel/images_with_faces/548265_293300_image.jpeg,Neutral,0.9996,0.0003,0.0,0.0,0.9996
Sample_Dataset/Reichel/images_with_faces/548276_293308_image.jpeg,Neutral,0.9958,0.0013,0.0026,0.0003,0.9958
Sample_Dataset/Reichel/images_with_faces/548284_293312_image.jpeg,Neutral,0.9612,0.0385,0.0001,0.0001,0.9612
Sample_Dataset/Reichel/images_with_faces/548537_293460_image.jpeg,Pessimistic,0.93,0.0001,0.93,0.0696,0.0002
Sample_Dataset/Reichel/images_with_faces/548573_293488_image.jpeg,Optimistic,0.9291,0.9291,0.0641,0.0003,0.0066
Sample_Dataset/Reichel/images_with_faces/548628_293523_image.jpeg,Optimistic,0.9937,0.9937,0.0031,0.0004,0.0027
Sample_Dataset/Reichel/images_with_faces/548926_293772_image.jpeg,Neutral,0.6669,0.0046,0.3228,0.0057,0.6669
Sample_Dataset/Reichel/images_with_faces/548998_293810_image.jpeg,Hostile,0.899,0.0397,0.0069,0.899,0.0545
Sample_Dataset/Reichel/images_with_faces/549065_293863_image.jpeg,Optimistic,0.8698,0.8698,0.0006,0.0942,0.0354
Sample_Dataset/Reichel/images_with_faces/549333_294008_image.jpeg,Neutral,0.9286,0.0635,0.0069,0.001,0.9286
Sample_Dataset/Reichel/images_with_faces/549346_294021_image.jpeg,Optimistic,0.4641,0.4641,0.0222,0.1631,0.3506
Sample_Dataset/Reichel/images_with_faces/549358_294023_image.jpeg,Optimistic,0.947,0.947,0.0251,0.0011,0.0267
Sample_Dataset/Reichel/images_with_faces/549412_294076_image.jpeg,Optimistic,0.6998,0.6998,0.0029,0.0554,0.242
Sample_Dataset/Reichel/images_with_faces/549419_294078_image.jpeg,Optimistic,0.9192,0.9192,0.0,0.0002,0.0805
Sample_Dataset/Reichel/images_with_faces/549694_294274_image.jpeg,Neutral,0.9696,0.0261,0.0,0.0042,0.9696
Sample_Dataset/Reichel/images_with_faces/549695_294275_image.jpeg,Neutral,0.9967,0.0028,0.0001,0.0004,0.9967
Sample_Dataset/Reichel/images_with_faces/549698_294276_image.jpeg,Neutral,0.9992,0.0006,0.0001,0.0001,0.9992
Sample_Dataset/Reichel/images_with_faces/549700_294278_image.jpeg,Neutral,0.9994,0.0005,0.0,0.0001,0.9994
Sample_Dataset/Reichel/images_with_faces/549716_294282_image.jpeg,Neutral,0.9997,0.0003,0.0,0.0,0.9997
Sample_Dataset/Reichel/images_with_faces/549721_294285_image.jpeg,Neutral,0.9947,0.0035,0.0008,0.0009,0.9947
Sample_Dataset/Reichel/images_with_faces/549726_294288_image.jpeg,Neutral,0.9513,0.0484,0.0,0.0003,0.9513
Sample_Dataset/Reichel/images_with_faces/549731_294290_image.jpeg,Neutral,0.9978,0.0016,0.0,0.0005,0.9978
Sample_Dataset/Reichel/images_with_faces/549734_294291_image.jpeg,Neutral,0.9979,0.0009,0.0001,0.0012,0.9979
Sample_Dataset/Reichel/images_with_faces/549738_294292_image.jpeg,Neutral,0.8962,0.071,0.0002,0.0326,0.8962
Sample_Dataset/Reichel/images_with_faces/549745_294293_image.jpeg,Neutral,0.6417,0.3571,0.0002,0.001,0.6417
Sample_Dataset/Reichel/images_with_faces/549836_294347_image.jpeg,Optimistic,0.7439,0.7439,0.0802,0.1706,0.0053
Sample_Dataset/Reichel/images_with_faces/549837_294348_image.jpeg,Neutral,0.8334,0.0034,0.0089,0.1544,0.8334
Sample_Dataset/Reichel/images_with_faces/549856_294363_image.jpeg,Optimistic,0.5528,0.5528,0.0158,0.0009,0.4305
Sample_Dataset/Reichel/images_with_faces/560975_301233_image.jpeg,Neutral,0.9966,0.0023,0.0,0.001,0.9966
Sample_Dataset/Reichel/images_with_faces/561031_301266_image.jpeg,Neutral,0.8003,0.166,0.0026,0.0312,0.8003
Sample_Dataset/Reichel/images_with_faces/561178_301371_image.jpeg,Optimistic,0.4822,0.4822,0.0069,0.0454,0.4656
Sample_Dataset/Reichel/images_with_faces/561179_301372_image.jpeg,Neutral,0.9914,0.0081,0.0001,0.0005,0.9914
Sample_Dataset/Reichel/images_with_faces/561251_301441_image.jpeg,Neutral,0.6456,0.1667,0.0007,0.187,0.6456
Sample_Dataset/Reichel/images_with_faces/561475_301575_image.jpeg,Optimistic,0.7846,0.7846,0.0054,0.009,0.2009
Sample_Dataset/Reichel/images_with_faces/561505_301591_image.jpeg,Neutral,0.9445,0.0498,0.0012,0.0045,0.9445
Sample_Dataset/Reichel/images_with_faces/561508_301594_image.jpeg,Neutral,0.7578,0.2087,0.0028,0.0307,0.7578
Sample_Dataset/Reichel/images_with_faces/561648_301643_image.jpeg,Optimistic,0.9215,0.9215,0.0617,0.0068,0.0099
Sample_Dataset/Reichel/images_with_faces/561653_301647_image.jpeg,Optimistic,0.4197,0.4197,0.1699,0.3162,0.0942
Sample_Dataset/Reichel/images_with_faces/561656_301648_image.jpeg,Pessimistic,0.9903,0.0014,0.9903,0.0064,0.0018
Sample_Dataset/Reichel/images_with_faces/561751_301691_image.jpeg,Pessimistic,0.8881,0.0992,0.8881,0.0012,0.0115
Sample_Dataset/Reichel/images_with_faces/561766_301706_image.jpeg,Optimistic,0.9889,0.9889,0.0,0.0005,0.0105
Sample_Dataset/Reichel/images_with_faces/561775_301712_image.jpeg,Hostile,0.8325,0.074,0.0865,0.8325,0.0071
Sample_Dataset/Reichel/images_with_faces/561797_301722_image.jpeg,Optimistic,0.9548,0.9548,0.0097,0.0024,0.0331
Sample_Dataset/Reichel/images_with_faces/561843_301751_image.jpeg,Optimistic,0.9676,0.9676,0.0002,0.0014,0.0308
Sample_Dataset/Reichel/images_with_faces/562489_301957_image.jpeg,Neutral,0.5762,0.0329,0.0551,0.3358,0.5762
Sample_Dataset/Reichel/images_with_faces/562497_301959_image.jpeg,Optimistic,0.8917,0.8917,0.0764,0.0268,0.0051
Sample_Dataset/Reichel/images_with_faces/562523_301976_image.jpeg,Hostile,0.5858,0.383,0.0027,0.5858,0.0285
Sample_Dataset/Reichel/images_with_faces/562531_301990_image.jpeg,Optimistic,0.9668,0.9668,0.0023,0.0283,0.0026
Sample_Dataset/Reichel/images_with_faces/562546_302000_image.jpeg,Neutral,0.5657,0.3875,0.0297,0.0171,0.5657
Sample_Dataset/Reichel/images_with_faces/562587_302011_image.jpeg,Neutral,0.9186,0.0129,0.0318,0.0367,0.9186
Sample_Dataset/Reichel/images_with_faces/564683_304101_image.jpeg,Hostile,0.612,0.099,0.0104,0.612,0.2786
Sample_Dataset/Reichel/images_with_faces/564691_304109_image.jpeg,Optimistic,0.9176,0.9176,0.0001,0.0798,0.0025
Sample_Dataset/Reichel/images_with_faces/564702_304121_image.jpeg,Neutral,0.4249,0.2742,0.0214,0.2795,0.4249
Sample_Dataset/Reichel/images_with_faces/564744_304169_image.jpeg,Hostile,0.5862,0.1468,0.0026,0.5862,0.2644
Sample_Dataset/Reichel/images_with_faces/564767_304193_image.jpeg,Hostile,0.9238,0.0047,0.0275,0.9238,0.0439
Sample_Dataset/Reichel/images_with_faces/564772_304197_image.jpeg,Neutral,0.9875,0.0123,0.0,0.0002,0.9875
Sample_Dataset/Reichel/images_with_faces/564777_304202_image.jpeg,Pessimistic,0.8934,0.0375,0.8934,0.012,0.0571
Sample_Dataset/Reichel/images_with_faces/564842_304261_image.jpeg,Optimistic,0.9925,0.9925,0.0,0.0072,0.0003
Sample_Dataset/Reichel/images_with_faces/564877_304294_image.jpeg,Optimistic,0.9995,0.9995,0.0001,0.0002,0.0001
Sample_Dataset/Reichel/images_with_faces/565563_304774_image.jpeg,Optimistic,0.4117,0.4117,0.0439,0.4087,0.1357
Sample_Dataset/Reichel/images_with_faces/568991_307398_image.jpeg,Neutral,0.9922,0.0061,0.0,0.0016,0.9922
Sample_Dataset/Reichel/images_with_faces/569003_307410_image.jpeg,Neutral,0.995,0.0048,0.0,0.0002,0.995
Sample_Dataset/Reichel/images_with_faces/569012_307419_image.jpeg,Optimistic,0.9774,0.9774,0.0001,0.001,0.0215
Sample_Dataset/Reichel/images_with_faces/569024_307428_image.jpeg,Hostile,0.9231,0.0054,0.04,0.9231,0.0315
Sample_Dataset/Reichel/images_with_faces/569150_307500_image.jpeg,Hostile,0.4466,0.1663,0.002,0.4466,0.3851
Sample_Dataset/Reichel/images_with_faces/569368_307623_image.jpeg,Optimistic,0.8825,0.8825,0.0006,0.0059,0.111
Sample_Dataset/Reichel/images_with_faces/569398_307649_image.jpeg,Neutral,0.9807,0.0123,0.0065,0.0006,0.9807
Sample_Dataset/Reichel/images_with_faces/571529_309388_image.jpeg,Neutral,0.6862,0.3137,0.0,0.0001,0.6862
Sample_Dataset/Reichel/images_with_faces/571579_309434_image.jpeg,Pessimistic,0.6092,0.1686,0.6092,0.0433,0.1789
Sample_Dataset/Reichel/images_with_faces/571733_309579_image.jpeg,Hostile,0.9244,0.0126,0.0074,0.9244,0.0556
Sample_Dataset/Reichel/images_with_faces/574596_312016_image.jpeg,Optimistic,0.8642,0.8642,0.0109,0.0473,0.0776
Sample_Dataset/Reichel/images_with_faces/574601_312020_image.jpeg,Neutral,0.9994,0.0,0.0,0.0006,0.9994
Sample_Dataset/Reichel/images_with_faces/574608_312027_image.jpeg,Optimistic,0.7552,0.7552,0.0013,0.0981,0.1454
Sample_Dataset/Reichel/images_with_faces/574612_312031_image.jpeg,Neutral,0.9997,0.0001,0.0,0.0002,0.9997
Sample_Dataset/Reichel/images_with_faces/574671_312087_image.jpeg,Neutral,0.9995,0.0001,0.0,0.0003,0.9995
Sample_Dataset/Reichel/images_with_faces/575351_312481_image.jpeg,Optimistic,0.5944,0.5944,0.0002,0.0141,0.3913
Sample_Dataset/Reichel/images_with_faces/575709_312800_image.jpeg,Optimistic,0.9797,0.9797,0.0014,0.0,0.0189
Sample_Dataset/Reichel/images_with_faces/575712_312803_image.jpeg,Neutral,0.9504,0.0482,0.0006,0.0009,0.9504
Sample_Dataset/Reichel/images_with_faces/575830_312881_image.jpeg,Pessimistic,0.9571,0.0118,0.9571,0.0027,0.0284
Sample_Dataset/Reichel/images_with_faces/575832_312883_image.jpeg,Optimistic,0.7809,0.7809,0.1873,0.0018,0.0301
Sample_Dataset/Reichel/images_with_faces/575835_312885_image.jpeg,Pessimistic,0.544,0.1678,0.544,0.1567,0.1314
Sample_Dataset/Reichel/images_with_faces/575836_312886_image.jpeg,Pessimistic,0.7145,0.1363,0.7145,0.0101,0.1392
Sample_Dataset/Reichel/images_with_faces/575840_312889_image.jpeg,Hostile,0.8205,0.0195,0.0467,0.8205,0.1133
Sample_Dataset/Reichel/images_with_faces/578473_314367_image.jpeg,Hostile,0.5923,0.2566,0.0289,0.5923,0.1221
Sample_Dataset/Reichel/images_with_faces/578509_314405_image.jpeg,Optimistic,0.8456,0.8456,0.0005,0.0014,0.1526
Sample_Dataset/Reichel/images_with_faces/578559_314453_image.jpeg,Hostile,0.9924,0.0037,0.0,0.9924,0.0039
Sample_Dataset/Reichel/images_with_faces/578665_314532_image.jpeg,Hostile,0.9208,0.0354,0.0361,0.9208,0.0076
Sample_Dataset/Reichel/images_with_faces/578699_314553_image.jpeg,Optimistic,0.5123,0.5123,0.0006,0.0026,0.4845
Sample_Dataset/Reichel/images_with_faces/578764_314585_image.jpeg,Optimistic,0.9743,0.9743,0.0,0.0008,0.0249
Sample_Dataset/Reichel/images_with_faces/578832_314622_image.jpeg,Optimistic,0.9853,0.9853,0.0,0.0142,0.0005
Sample_Dataset/Reichel/images_with_faces/579225_314806_image.jpeg,Neutral,0.4412,0.3002,0.0155,0.2431,0.4412
Sample_Dataset/Reichel/images_with_faces/579233_314807_image.jpeg,Optimistic,0.7811,0.7811,0.0014,0.0039,0.2136
Sample_Dataset/Reichel/images_with_faces/579235_314809_image.jpeg,Neutral,0.4215,0.1323,0.2848,0.1614,0.4215
Sample_Dataset/Reichel/images_with_faces/582930_317989_image.jpeg,Neutral,0.7956,0.1412,0.0039,0.0592,0.7956
Sample_Dataset/Reichel/images_with_faces/582942_317997_image.jpeg,Neutral,0.9491,0.0305,0.0063,0.0141,0.9491
Sample_Dataset/Reichel/images_with_faces/583625_318510_image.jpeg,Optimistic,0.9053,0.9053,0.0116,0.002,0.0811
Sample_Dataset/Reichel/images_with_faces/583633_318519_image.jpeg,Neutral,0.6002,0.2559,0.0016,0.1423,0.6002
Sample_Dataset/Reichel/images_with_faces/583650_318536_image.jpeg,Neutral,0.4784,0.2537,0.0012,0.2667,0.4784
Sample_Dataset/Reichel/images_with_faces/583715_318600_image.jpeg,Optimistic,0.629,0.629,0.0218,0.0377,0.3115
Sample_Dataset/Reichel/images_with_faces/583740_318626_image.jpeg,Optimistic,0.9615,0.9615,0.0063,0.0164,0.0158
Sample_Dataset/Reichel/images_with_faces/583820_318698_image.jpeg,Neutral,0.8363,0.1349,0.0121,0.0167,0.8363
Sample_Dataset/Reichel/images_with_faces/583903_318778_image.jpeg,Neutral,0.6005,0.2712,0.1151,0.0132,0.6005
Sample_Dataset/Reichel/images_with_faces/583905_318780_image.jpeg,Optimistic,0.9952,0.9952,0.0001,0.0006,0.0041
Sample_Dataset/Reichel/images_with_faces/584335_319043_image.jpeg,Neutral,0.7705,0.2093,0.0007,0.0195,0.7705
Sample_Dataset/Reichel/images_with_faces/584352_319054_image.jpeg,Neutral,0.7492,0.1704,0.0257,0.0547,0.7492
Sample_Dataset/Reichel/images_with_faces/584379_319074_image.jpeg,Optimistic,0.9753,0.9753,0.0098,0.0008,0.0141
Sample_Dataset/Reichel/images_with_faces/584385_319080_image.jpeg,Pessimistic,0.6296,0.278,0.6296,0.0091,0.0834
Sample_Dataset/Reichel/images_with_faces/584399_319085_image.jpeg,Optimistic,0.5075,0.5075,0.0111,0.1863,0.2952
Sample_Dataset/Reichel/images_with_faces/584414_319091_image.jpeg,Hostile,0.959,0.0381,0.0003,0.959,0.0026
Sample_Dataset/Reichel/images_with_faces/584426_319100_image.jpeg,Neutral,0.5829,0.4086,0.0077,0.0009,0.5829
Sample_Dataset/Reichel/images_with_faces/584483_319125_image.jpeg,Neutral,0.6227,0.2874,0.0659,0.024,0.6227
Sample_Dataset/Reichel/images_with_faces/584815_319360_image.jpeg,Neutral,0.5407,0.0866,0.1014,0.2713,0.5407
Sample_Dataset/Reichel/images_with_faces/584818_319362_image.jpeg,Optimistic,0.4406,0.4406,0.1875,0.1596,0.2123
Sample_Dataset/Reichel/images_with_faces/584828_319365_image.jpeg,Neutral,0.6114,0.3729,0.0001,0.0155,0.6114
Sample_Dataset/Reichel/images_with_faces/587852_321068_image.jpeg,Hostile,0.9892,0.009,0.0009,0.9892,0.001
Sample_Dataset/Reichel/images_with_faces/588062_321266_image.jpeg,Hostile,0.644,0.0199,0.0481,0.644,0.2879
Sample_Dataset/Reichel/images_with_faces/588075_321279_image.jpeg,Neutral,0.9781,0.0006,0.0037,0.0176,0.9781
Sample_Dataset/Reichel/images_with_faces/588088_321293_image.jpeg,Optimistic,0.6862,0.6862,0.0017,0.019,0.293
Sample_Dataset/Reichel/images_with_faces/588103_321310_image.jpeg,Neutral,0.5508,0.1218,0.1557,0.1717,0.5508
Sample_Dataset/Reichel/images_with_faces/588109_321317_image.jpeg,Pessimistic,0.9865,0.0056,0.9865,0.0047,0.0032
Sample_Dataset/Reichel/images_with_faces/588152_321362_image.jpeg,Optimistic,0.6235,0.6235,0.0029,0.0544,0.3192
Sample_Dataset/Reichel/images_with_faces/588184_321389_image.jpeg,Neutral,0.9081,0.0845,0.002,0.0054,0.9081
Sample_Dataset/Reichel/images_with_faces/588189_321395_image.jpeg,Neutral,0.8209,0.1236,0.0058,0.0496,0.8209
Sample_Dataset/Reichel/images_with_faces/588194_321400_image.jpeg,Optimistic,0.7821,0.7821,0.0011,0.0007,0.216
Sample_Dataset/Reichel/images_with_faces/588221_321429_image.jpeg,Optimistic,0.7883,0.7883,0.0003,0.0001,0.2113
Sample_Dataset/Reichel/images_with_faces/588226_321435_image.jpeg,Neutral,0.605,0.134,0.0631,0.1979,0.605
Sample_Dataset/Reichel/images_with_faces/588241_321451_image.jpeg,Neutral,0.5718,0.4259,0.0004,0.0019,0.5718
Sample_Dataset/Reichel/images_with_faces/588251_321461_image.jpeg,Neutral,0.9608,0.0359,0.0005,0.0028,0.9608
Sample_Dataset/Reichel/images_with_faces/588252_321463_image.jpeg,Optimistic,0.99,0.99,0.0,0.0006,0.0094
Sample_Dataset/Reichel/images_with_faces/588264_321476_image.jpeg,Optimistic,0.6159,0.6159,0.0473,0.0105,0.3263
Sample_Dataset/Reichel/images_with_faces/588288_321499_image.jpeg,Optimistic,0.7123,0.7123,0.0009,0.2504,0.0364
Sample_Dataset/Reichel/images_with_faces/588317_321522_image.jpeg,Neutral,0.6364,0.0569,0.146,0.1607,0.6364
Sample_Dataset/Reichel/images_with_faces/588359_321545_image.jpeg,Optimistic,0.9916,0.9916,0.0004,0.0023,0.0058
Sample_Dataset/Reichel/images_with_faces/588378_321558_image.jpeg,Optimistic,0.8582,0.8582,0.0102,0.0617,0.0699
Sample_Dataset/Reichel/images_with_faces/588446_321599_image.jpeg,Neutral,0.5661,0.2246,0.0068,0.2026,0.5661
Sample_Dataset/Reichel/images_with_faces/588448_321601_image.jpeg,Neutral,0.766,0.2239,0.0035,0.0066,0.766
Sample_Dataset/Reichel/images_with_faces/588456_321606_image.jpeg,Neutral,0.9689,0.0297,0.0008,0.0006,0.9689
Sample_Dataset/Reichel/images_with_faces/588465_321610_image.jpeg,Neutral,0.7132,0.2814,0.0019,0.0036,0.7132
Sample_Dataset/Reichel/images_with_faces/588478_321612_image.jpeg,Neutral,0.9866,0.0124,0.0003,0.0007,0.9866
Sample_Dataset/Reichel/images_with_faces/588494_321620_image.jpeg,Optimistic,0.9877,0.9877,0.0002,0.0054,0.0067
Sample_Dataset/Reichel/images_with_faces/588502_321625_image.jpeg,Neutral,0.6048,0.3631,0.0051,0.027,0.6048
Sample_Dataset/Reichel/images_with_faces/588511_321633_image.jpeg,Neutral,0.6318,0.31,0.0074,0.0508,0.6318
Sample_Dataset/Reichel/images_with_faces/588597_321679_image.jpeg,Neutral,0.9725,0.0127,0.0102,0.0046,0.9725
Sample_Dataset/Reichel/images_with_faces/588603_321683_image.jpeg,Neutral,0.7214,0.1906,0.0387,0.0493,0.7214
Sample_Dataset/Reichel/images_with_faces/588649_321692_image.jpeg,Optimistic,0.7114,0.7114,0.07,0.1671,0.0515
Sample_Dataset/Reichel/images_with_faces/588764_321771_image.jpeg,Neutral,0.985,0.0132,0.0003,0.0015,0.985
Sample_Dataset/Reichel/images_with_faces/588803_321792_image.jpeg,Neutral,0.5153,0.283,0.075,0.1266,0.5153
Sample_Dataset/Reichel/images_with_faces/589122_321920_image.jpeg,Optimistic,0.6402,0.6402,0.002,0.0215,0.3363
Sample_Dataset/Reichel/images_with_faces/589154_321944_image.jpeg,Optimistic,0.9877,0.9877,0.0002,0.0054,0.0067
Sample_Dataset/Reichel/images_with_faces/590735_323273_image.jpeg,Hostile,0.466,0.2365,0.2859,0.466,0.0116
Sample_Dataset/Reichel/images_with_faces/591308_323723_image.jpeg,Neutral,0.9828,0.016,0.0003,0.0009,0.9828
Sample_Dataset/Reichel/images_with_faces/591402_323809_image.jpeg,Neutral,0.6974,0.0891,0.001,0.2126,0.6974
Sample_Dataset/Reichel/images_with_faces/591412_323821_image.jpeg,Neutral,0.4252,0.3479,0.0024,0.2245,0.4252
Sample_Dataset/Reichel/images_with_faces/591421_323829_image.jpeg,Neutral,0.4538,0.2977,0.0275,0.2211,0.4538
Sample_Dataset/Reichel/images_with_faces/591423_323832_image.jpeg,Hostile,0.6476,0.0093,0.0311,0.6476,0.312
Sample_Dataset/Reichel/images_with_faces/591428_323838_image.jpeg,Neutral,0.7576,0.2061,0.0062,0.0301,0.7576
Sample_Dataset/Reichel/images_with_faces/591438_323849_image.jpeg,Optimistic,0.8421,0.8421,0.0303,0.0062,0.1214
Sample_Dataset/Reichel/images_with_faces/591542_323946_image.jpeg,Neutral,0.7187,0.2809,0.0001,0.0004,0.7187
Sample_Dataset/Reichel/images_with_faces/591563_323963_image.jpeg,Neutral,0.7465,0.2413,0.005,0.0071,0.7465
Sample_Dataset/Reichel/images_with_faces/591566_323966_image.jpeg,Optimistic,0.9191,0.9191,0.0062,0.0088,0.0659
Sample_Dataset/Reichel/images_with_faces/591588_323983_image.jpeg,Neutral,0.9514,0.042,0.0062,0.0004,0.9514
Sample_Dataset/Reichel/images_with_faces/591609_324001_image.jpeg,Neutral,0.8622,0.0822,0.0046,0.051,0.8622
Sample_Dataset/Reichel/images_with_faces/591696_324050_image.jpeg,Neutral,0.5194,0.2899,0.0102,0.1805,0.5194
Sample_Dataset/Reichel/images_with_faces/591706_324057_image.jpeg,Optimistic,0.9387,0.9387,0.0017,0.0424,0.0172
Sample_Dataset/Reichel/images_with_faces/591800_324106_image.jpeg,Optimistic,0.8727,0.8727,0.0003,0.0134,0.1136
Sample_Dataset/Reichel/images_with_faces/591803_324108_image.jpeg,Optimistic,0.9372,0.9372,0.0006,0.0134,0.0488
Sample_Dataset/Reichel/images_with_faces/591874_324158_image.jpeg,Neutral,0.6197,0.0627,0.0682,0.2495,0.6197
Sample_Dataset/Reichel/images_with_faces/592194_324338_image.jpeg,Optimistic,0.8594,0.8594,0.0015,0.0005,0.1386
Sample_Dataset/Reichel/images_with_faces/592403_324466_image.jpeg,Pessimistic,0.5845,0.0263,0.5845,0.1801,0.2091
Sample_Dataset/Reichel/images_with_faces/592963_324829_image.jpeg,Neutral,0.8162,0.0857,0.0547,0.0433,0.8162
Sample_Dataset/Reichel/images_with_faces/592964_324830_image.jpeg,Hostile,0.7468,0.1103,0.085,0.7468,0.0578
Sample_Dataset/Reichel/images_with_faces/593104_324925_image.jpeg,Optimistic,0.8885,0.8885,0.0279,0.0385,0.045
Sample_Dataset/Reichel/images_with_faces/594805_326223_image.jpeg,Hostile,0.6892,0.0295,0.0011,0.6892,0.2802
Sample_Dataset/Reichel/images_with_faces/594806_326224_image.jpeg,Neutral,0.9783,0.0132,0.0008,0.0078,0.9783
Sample_Dataset/Reichel/images_with_faces/594808_326225_image.jpeg,Neutral,0.6165,0.2923,0.002,0.0891,0.6165
Sample_Dataset/Reichel/images_with_faces/594812_326231_image.jpeg,Neutral,0.8872,0.0698,0.0056,0.0374,0.8872
Sample_Dataset/Reichel/images_with_faces/594827_326244_image.jpeg,Neutral,0.5732,0.3908,0.0057,0.0303,0.5732
Sample_Dataset/Reichel/images_with_faces/597046_327627_image.jpeg,Neutral,0.9225,0.0757,0.0005,0.0012,0.9225
Sample_Dataset/Reichel/images_with_faces/597079_327652_image.jpeg,Neutral,0.8337,0.1368,0.0259,0.0036,0.8337
Sample_Dataset/Reichel/images_with_faces/597105_327670_image.jpeg,Optimistic,0.9611,0.9611,0.0007,0.0015,0.0368
Sample_Dataset/Reichel/images_with_faces/597201_327721_image.jpeg,Optimistic,0.9565,0.9565,0.0004,0.001,0.042
Sample_Dataset/Reichel/images_with_faces/597216_327732_image.jpeg,Neutral,0.5138,0.2524,0.2215,0.0123,0.5138
Sample_Dataset/Reichel/images_with_faces/597222_327737_image.jpeg,Optimistic,0.5248,0.5248,0.0313,0.0822,0.3618
Sample_Dataset/Reichel/images_with_faces/597232_327744_image.jpeg,Optimistic,0.8774,0.8774,0.0021,0.0303,0.0902
Sample_Dataset/Reichel/images_with_faces/597244_327749_image.jpeg,Neutral,0.5791,0.3883,0.0033,0.0293,0.5791
Sample_Dataset/Reichel/images_with_faces/597274_327776_image.jpeg,Neutral,0.9166,0.0807,0.0011,0.0017,0.9166
Sample_Dataset/Reichel/images_with_faces/597300_327794_image.jpeg,Optimistic,0.9036,0.9036,0.0037,0.0042,0.0885
Sample_Dataset/Reichel/images_with_faces/597320_327817_image.jpeg,Neutral,0.5861,0.4004,0.0045,0.009,0.5861
Sample_Dataset/Reichel/images_with_faces/597388_327872_image.jpeg,Optimistic,0.9691,0.9691,0.003,0.0231,0.0049
Sample_Dataset/Reichel/images_with_faces/597414_327899_image.jpeg,Neutral,0.4781,0.4324,0.0055,0.084,0.4781
Sample_Dataset/Reichel/images_with_faces/597423_327908_image.jpeg,Neutral,0.881,0.118,0.0006,0.0004,0.881
Sample_Dataset/Reichel/images_with_faces/597425_327911_image.jpeg,Hostile,0.6886,0.1298,0.0317,0.6886,0.1499
Sample_Dataset/Reichel/images_with_faces/597462_327938_image.jpeg,Hostile,0.7414,0.0864,0.1556,0.7414,0.0165
Sample_Dataset/Reichel/images_with_faces/597533_327990_image.jpeg,Neutral,0.9796,0.0067,0.0001,0.0136,0.9796
Sample_Dataset/Reichel/images_with_faces/597577_328025_image.jpeg,Neutral,0.9425,0.0315,0.0252,0.0009,0.9425
Sample_Dataset/Reichel/images_with_faces/597591_328041_image.jpeg,Neutral,0.9242,0.0365,0.0108,0.0285,0.9242
Sample_Dataset/Reichel/images_with_faces/598027_328184_image.jpeg,Neutral,0.9896,0.0033,0.0043,0.0027,0.9896
Sample_Dataset/Reichel/images_with_faces/598654_328444_image.jpeg,Neutral,0.8628,0.046,0.0053,0.086,0.8628
Sample_Dataset/Reichel/images_with_faces/598906_328569_image.jpeg,Neutral,0.7379,0.053,0.2003,0.0088,0.7379
Sample_Dataset/Reichel/images_with_faces/599583_328977_image.jpeg,Neutral,0.4609,0.2911,0.1101,0.1379,0.4609
Sample_Dataset/Reichel/images_with_faces/599911_329186_image.jpeg,Optimistic,0.6739,0.6739,0.0182,0.2993,0.0086
Sample_Dataset/Reichel/images_with_faces/599948_329189_image.jpeg,Neutral,0.8898,0.1004,0.0045,0.0052,0.8898
Sample_Dataset/Reichel/images_with_faces/599957_329191_image.jpeg,Unknown,0.3849,0.176,0.072,0.367,0.3849
Sample_Dataset/Reichel/images_with_faces/600055_329260_image.jpeg,Neutral,0.5511,0.1971,0.0782,0.1735,0.5511
Sample_Dataset/Reichel/images_with_faces/600146_329320_image.jpeg,Optimistic,0.7671,0.7671,0.0256,0.0184,0.1889
Sample_Dataset/Reichel/images_with_faces/617763_331648_image.jpeg,Neutral,0.9279,0.0571,0.0015,0.0135,0.9279
Sample_Dataset/Reichel/images_with_faces/617795_331650_image.jpeg,Optimistic,0.9545,0.9545,0.001,0.001,0.0436
Sample_Dataset/Reichel/images_with_faces/639770_334223_image.jpeg,Hostile,0.9417,0.0117,0.0005,0.9417,0.0462
Sample_Dataset/Reichel/images_with_faces/656960_335580_image.jpeg,Neutral,0.5401,0.3819,0.0103,0.0677,0.5401
Sample_Dataset/Reichel/images_with_faces/656996_335609_image.jpeg,Optimistic,0.5464,0.5464,0.0083,0.0088,0.4365
Sample_Dataset/Reichel/images_with_faces/657053_335662_image.jpeg,Neutral,0.7574,0.2119,0.0078,0.0229,0.7574
Sample_Dataset/Reichel/images_with_faces/657056_335665_image.jpeg,Optimistic,0.6689,0.6689,0.0529,0.1349,0.1433
Sample_Dataset/Reichel/images_with_faces/657080_335684_image.jpeg,Neutral,0.7242,0.0982,0.0012,0.1764,0.7242
Sample_Dataset/Reichel/images_with_faces/657095_335700_image.jpeg,Neutral,0.5142,0.1751,0.0014,0.3093,0.5142
Sample_Dataset/Reichel/images_with_faces/657096_335701_image.jpeg,Neutral,0.5734,0.2062,0.002,0.2185,0.5734
Sample_Dataset/Reichel/images_with_faces/657104_335708_image.jpeg,Neutral,0.8893,0.02,0.0776,0.013,0.8893
Sample_Dataset/Reichel/images_with_faces/657174_335726_image.jpeg,Pessimistic,0.9722,0.012,0.9722,0.0035,0.0124
Sample_Dataset/Reichel/images_with_faces/657182_335735_image.jpeg,Pessimistic,0.6437,0.0051,0.6437,0.3402,0.0111
Sample_Dataset/Reichel/images_with_faces/657227_335746_image.jpeg,Hostile,0.5438,0.1078,0.0058,0.5438,0.3426
Sample_Dataset/Reichel/images_with_faces/657250_335767_image.jpeg,Neutral,0.4181,0.331,0.0403,0.2106,0.4181
Sample_Dataset/Reichel/images_with_faces/657257_335774_image.jpeg,Neutral,0.9984,0.0011,0.0002,0.0004,0.9984
Sample_Dataset/Reichel/images_with_faces/657258_335775_image.jpeg,Neutral,0.9432,0.0396,0.002,0.0151,0.9432
Sample_Dataset/Reichel/images_with_faces/657261_335778_image.jpeg,Hostile,0.9334,0.058,0.0075,0.9334,0.001
Sample_Dataset/Reichel/images_with_faces/657267_335785_image.jpeg,Optimistic,0.9779,0.9779,0.0002,0.0071,0.0148
Sample_Dataset/Reichel/images_with_faces/657471_335902_image.jpeg,Neutral,0.4714,0.1114,0.0501,0.3671,0.4714
Sample_Dataset/Reichel/images_with_faces/657545_335964_image.jpeg,Optimistic,0.6394,0.6394,0.0004,0.3533,0.0069
Sample_Dataset/Reichel/images_with_faces/657579_335990_image.jpeg,Hostile,0.507,0.4464,0.002,0.507,0.0446
Sample_Dataset/Reichel/images_with_faces/657605_335998_image.jpeg,Unknown,0.3511,0.3511,0.0014,0.301,0.3464
Sample_Dataset/Reichel/images_with_faces/657641_336014_image.jpeg,Optimistic,0.9286,0.9286,0.0034,0.0411,0.0269
Sample_Dataset/Reichel/images_with_faces/657704_336051_image.jpeg,Unknown,0.3998,0.2723,0.035,0.2928,0.3998
Sample_Dataset/Reichel/images_with_faces/658313_336366_image.jpeg,Hostile,0.7986,0.1807,0.002,0.7986,0.0186
Sample_Dataset/Reichel/images_with_faces/658364_336418_image.jpeg,Neutral,0.9547,0.0449,0.0001,0.0003,0.9547
Sample_Dataset/Reichel/images_with_faces/658442_336459_image.jpeg,Neutral,0.9936,0.0058,0.0001,0.0005,0.9936
Sample_Dataset/Reichel/images_with_faces/658461_336478_image.jpeg,Neutral,0.5041,0.0399,0.4475,0.0085,0.5041
Sample_Dataset/Reichel/images_with_faces/658465_336480_image.jpeg,Hostile,0.8395,0.0494,0.058,0.8395,0.0531
Sample_Dataset/Reichel/images_with_faces/660872_338085_image.jpeg,Optimistic,0.9903,0.9903,0.0001,0.0022,0.0074
Sample_Dataset/Reichel/images_with_faces/663623_340059_image.jpeg,Hostile,0.8988,0.0126,0.0334,0.8988,0.0552
Sample_Dataset/Reichel/images_with_faces/665499_340940_image.jpeg,Optimistic,0.583,0.583,0.1218,0.0672,0.228
Sample_Dataset/Reichel/images_with_faces/665566_340989_image.jpeg,Optimistic,0.6046,0.6046,0.0023,0.0332,0.3599
Sample_Dataset/Reichel/images_with_faces/665567_340990_image.jpeg,Optimistic,0.5756,0.5756,0.0014,0.0188,0.4041
Sample_Dataset/Reichel/images_with_faces/665571_340994_image.jpeg,Optimistic,0.5175,0.5175,0.0568,0.0214,0.4043
Sample_Dataset/Reichel/images_with_faces/665572_340995_image.jpeg,Neutral,0.9405,0.0538,0.0026,0.0031,0.9405
Sample_Dataset/Reichel/images_with_faces/665607_341031_image.jpeg,Neutral,0.9183,0.0462,0.0041,0.0313,0.9183
Sample_Dataset/Reichel/images_with_faces/665611_341035_image.jpeg,Neutral,0.9524,0.0427,0.0001,0.0049,0.9524
Sample_Dataset/Reichel/images_with_faces/665641_341063_image.jpeg,Neutral,0.934,0.0615,0.0016,0.0029,0.934
Sample_Dataset/Reichel/images_with_faces/665644_341066_image.jpeg,Neutral,0.8072,0.157,0.0095,0.0263,0.8072
Sample_Dataset/Reichel/images_with_faces/665647_341069_image.jpeg,Neutral,0.9982,0.001,0.0003,0.0005,0.9982
Sample_Dataset/Reichel/images_with_faces/665693_341086_image.jpeg,Optimistic,0.552,0.552,0.0147,0.0498,0.3836
Sample_Dataset/Reichel/images_with_faces/665694_341087_image.jpeg,Optimistic,0.7367,0.7367,0.0021,0.0023,0.259
Sample_Dataset/Reichel/images_with_faces/665730_341123_image.jpeg,Neutral,0.9672,0.0283,0.0014,0.0032,0.9672
Sample_Dataset/Reichel/images_with_faces/665736_341129_image.jpeg,Neutral,0.9483,0.0457,0.0007,0.0054,0.9483
Sample_Dataset/Reichel/images_with_faces/665749_341130_image.jpeg,Neutral,0.9382,0.0485,0.0006,0.0127,0.9382
Sample_Dataset/Reichel/images_with_faces/665752_341133_image.jpeg,Hostile,0.5631,0.0737,0.0016,0.5631,0.3617
Sample_Dataset/Reichel/images_with_faces/665753_341134_image.jpeg,Neutral,0.5251,0.1219,0.0025,0.3505,0.5251
Sample_Dataset/Reichel/images_with_faces/665759_341140_image.jpeg,Neutral,0.5457,0.0059,0.1732,0.2752,0.5457
Sample_Dataset/Reichel/images_with_faces/665762_341143_image.jpeg,Neutral,0.8363,0.1571,0.0001,0.0066,0.8363
Sample_Dataset/Reichel/images_with_faces/665764_341145_image.jpeg,Neutral,0.9609,0.028,0.0041,0.007,0.9609
Sample_Dataset/Reichel/images_with_faces/665765_341146_image.jpeg,Neutral,0.9446,0.0367,0.0019,0.0168,0.9446
Sample_Dataset/Reichel/images_with_faces/665775_341157_image.jpeg,Neutral,0.8405,0.1131,0.0028,0.0436,0.8405
Sample_Dataset/Reichel/images_with_faces/665776_341158_image.jpeg,Neutral,0.943,0.0533,0.0006,0.0031,0.943
Sample_Dataset/Reichel/images_with_faces/665859_341212_image.jpeg,Optimistic,0.4876,0.4876,0.0012,0.0259,0.4853
Sample_Dataset/Reichel/images_with_faces/665873_341226_image.jpeg,Neutral,0.9364,0.0524,0.0004,0.0108,0.9364
Sample_Dataset/Reichel/images_with_faces/665897_341247_image.jpeg,Neutral,0.9648,0.0202,0.0044,0.0106,0.9648
Sample_Dataset/Reichel/images_with_faces/665898_341248_image.jpeg,Neutral,0.7549,0.0688,0.0584,0.1179,0.7549
Sample_Dataset/Reichel/images_with_faces/665932_341278_image.jpeg,Neutral,0.8107,0.1834,0.003,0.003,0.8107
Sample_Dataset/Reichel/images_with_faces/665934_341280_image.jpeg,Neutral,0.7332,0.2355,0.0111,0.0202,0.7332
Sample_Dataset/Reichel/images_with_faces/665965_341310_image.jpeg,Optimistic,0.6541,0.6541,0.0474,0.1712,0.1273
Sample_Dataset/Reichel/images_with_faces/666040_341377_image.jpeg,Optimistic,0.929,0.929,0.0006,0.0175,0.0529
Sample_Dataset/Reichel/images_with_faces/666067_341396_image.jpeg,Neutral,0.7552,0.0342,0.0071,0.2036,0.7552
Sample_Dataset/Reichel/images_with_faces/666254_341519_image.jpeg,Neutral,0.9997,0.0001,0.0001,0.0001,0.9997
Sample_Dataset/Reichel/images_with_faces/666281_341539_image.jpeg,Neutral,0.5895,0.2469,0.0231,0.1404,0.5895
Sample_Dataset/Reichel/images_with_faces/666286_341542_image.jpeg,Neutral,0.9855,0.014,0.0004,0.0001,0.9855
Sample_Dataset/Reichel/images_with_faces/666353_341597_image.jpeg,Optimistic,0.7598,0.7598,0.0,0.0011,0.239
Sample_Dataset/Reichel/images_with_faces/666409_341637_image.jpeg,Neutral,0.5896,0.3976,0.0084,0.0045,0.5896
Sample_Dataset/Reichel/images_with_faces/666411_341640_image.jpeg,Optimistic,0.5848,0.5848,0.0097,0.0124,0.3931
Sample_Dataset/Reichel/images_with_faces/666420_341643_image.jpeg,Neutral,0.9974,0.0008,0.0005,0.0012,0.9974
Sample_Dataset/Reichel/images_with_faces/666968_341829_image.jpeg,Hostile,0.9927,0.0029,0.0012,0.9927,0.0032
Sample_Dataset/Reichel/images_with_faces/667303_341964_image.jpeg,Neutral,0.4443,0.1384,0.0837,0.3337,0.4443
Sample_Dataset/Reichel/images_with_faces/667306_341965_image.jpeg,Neutral,0.4628,0.026,0.1288,0.3825,0.4628
Sample_Dataset/Reichel/images_with_faces/667312_341967_image.jpeg,Hostile,0.6494,0.1207,0.0005,0.6494,0.2295
Sample_Dataset/Reichel/images_with_faces/667315_341968_image.jpeg,Neutral,0.5301,0.3597,0.0201,0.0901,0.5301
Sample_Dataset/Reichel/images_with_faces/667835_342122_image.jpeg,Neutral,0.5816,0.0568,0.0548,0.3068,0.5816
Sample_Dataset/Reichel/images_with_faces/671022_344874_image.jpeg,Neutral,0.9645,0.0166,0.0015,0.0175,0.9645
Sample_Dataset/Reichel/images_with_faces/671029_344879_image.jpeg,Neutral,0.9531,0.0419,0.0022,0.0028,0.9531
Sample_Dataset/Reichel/images_with_faces/671050_344882_image.jpeg,Neutral,0.7903,0.1737,0.0101,0.0259,0.7903
Sample_Dataset/Reichel/images_with_faces/671055_344888_image.jpeg,Neutral,0.9267,0.0665,0.0014,0.0054,0.9267
Sample_Dataset/Reichel/images_with_faces/676764_348512_image.jpeg,Neutral,0.6664,0.31,0.0048,0.0188,0.6664
Sample_Dataset/Reichel/images_with_faces/676796_348526_image.jpeg,Unknown,0.3581,0.0926,0.3581,0.1961,0.3531
Sample_Dataset/Reichel/images_with_faces/676797_348527_image.jpeg,Optimistic,0.9931,0.9931,0.001,0.0029,0.003
Sample_Dataset/Reichel/images_with_faces/676871_348571_image.jpeg,Neutral,0.856,0.1027,0.0009,0.0403,0.856
Sample_Dataset/Reichel/images_with_faces/676879_348577_image.jpeg,Neutral,0.5473,0.419,0.0152,0.0185,0.5473
Sample_Dataset/Reichel/images_with_faces/676906_348600_image.jpeg,Neutral,0.7606,0.0623,0.0207,0.1564,0.7606
Sample_Dataset/Reichel/images_with_faces/677018_348633_image.jpeg,Neutral,0.8885,0.1105,0.0005,0.0005,0.8885
Sample_Dataset/Reichel/images_with_faces/677026_348639_image.jpeg,Pessimistic,0.6138,0.0174,0.6138,0.0602,0.3086
Sample_Dataset/Reichel/images_with_faces/677049_348662_image.jpeg,Neutral,0.7161,0.1795,0.0012,0.1033,0.7161
Sample_Dataset/Reichel/images_with_faces/677091_348694_image.jpeg,Neutral,0.9553,0.0328,0.0022,0.0097,0.9553
Sample_Dataset/Reichel/images_with_faces/677096_348696_image.jpeg,Neutral,0.9535,0.0452,0.0,0.0013,0.9535
Sample_Dataset/Reichel/images_with_faces/677119_348706_image.jpeg,Optimistic,0.5001,0.5001,0.0081,0.2551,0.2367
Sample_Dataset/Reichel/images_with_faces/677413_348825_image.jpeg,Unknown,0.3877,0.3716,0.1244,0.3877,0.1163
Sample_Dataset/Reichel/images_with_faces/677418_348827_image.jpeg,Optimistic,0.5883,0.5883,0.0814,0.0113,0.319
Sample_Dataset/Reichel/images_with_faces/677594_348885_image.jpeg,Optimistic,0.7488,0.7488,0.0218,0.2047,0.0247
Sample_Dataset/Reichel/images_with_faces/677700_348926_image.jpeg,Optimistic,0.9458,0.9458,0.0002,0.0135,0.0405
Sample_Dataset/Reichel/images_with_faces/677799_348974_image.jpeg,Optimistic,0.5832,0.5832,0.0701,0.3465,0.0002
Sample_Dataset/Reichel/images_with_faces/678007_349111_image.jpeg,Hostile,0.4772,0.4076,0.0079,0.4772,0.1073
Sample_Dataset/Reichel/images_with_faces/678014_349113_image.jpeg,Optimistic,0.4888,0.4888,0.1301,0.1386,0.2425
Sample_Dataset/Reichel/images_with_faces/678129_349194_image.jpeg,Neutral,0.6482,0.2982,0.0053,0.0483,0.6482
Sample_Dataset/Reichel/images_with_faces/678133_349196_image.jpeg,Pessimistic,0.9683,0.0256,0.9683,0.0005,0.0056
Sample_Dataset/Reichel/images_with_faces/681222_351264_image.jpeg,Hostile,0.9066,0.064,0.0093,0.9066,0.0202
Sample_Dataset/Reichel/images_with_faces/684415_353350_image.jpeg,Neutral,0.5404,0.2614,0.0076,0.1906,0.5404
Sample_Dataset/Reichel/images_with_faces/684426_353362_image.jpeg,Optimistic,0.6674,0.6674,0.0063,0.0153,0.311
Sample_Dataset/Reichel/images_with_faces/685092_353826_image.jpeg,Unknown,0.3935,0.3935,0.0856,0.2922,0.2287
Sample_Dataset/Reichel/images_with_faces/685696_354314_image.jpeg,Optimistic,0.9181,0.9181,0.0014,0.0078,0.0728
Sample_Dataset/Reichel/images_with_faces/691417_358055_image.jpeg,Hostile,0.7291,0.0116,0.0081,0.7291,0.2512
Sample_Dataset/Reichel/images_with_faces/691518_358148_image.jpeg,Hostile,0.912,0.0801,0.0027,0.912,0.0052
Sample_Dataset/Reichel/images_with_faces/691656_358254_image.jpeg,Optimistic,0.6859,0.6859,0.0001,0.0026,0.3114
Sample_Dataset/Reichel/images_with_faces/691848_358376_image.jpeg,Optimistic,0.8692,0.8692,0.0002,0.002,0.1287
Sample_Dataset/Reichel/images_with_faces/691993_358500_image.jpeg,Hostile,0.6116,0.0196,0.0125,0.6116,0.3563
Sample_Dataset/Reichel/images_with_faces/696174_361585_image.jpeg,Neutral,0.9051,0.0079,0.0121,0.0749,0.9051
Sample_Dataset/Reichel/images_with_faces/696316_361691_image.jpeg,Optimistic,0.9763,0.9763,0.0007,0.0033,0.0196
Sample_Dataset/Reichel/images_with_faces/696459_361754_image.jpeg,Hostile,0.4553,0.2775,0.2591,0.4553,0.0081
Sample_Dataset/Reichel/images_with_faces/696535_361799_image.jpeg,Neutral,0.8803,0.0933,0.0098,0.0166,0.8803
Sample_Dataset/Reichel/images_with_faces/698446_363050_image.jpeg,Hostile,0.7469,0.2088,0.0047,0.7469,0.0396
Sample_Dataset/Reichel/images_with_faces/698482_363086_image.jpeg,Neutral,0.9793,0.0072,0.0008,0.0127,0.9793
Sample_Dataset/Reichel/images_with_faces/698497_363097_image.jpeg,Pessimistic,0.9972,0.0003,0.9972,0.0016,0.001
Sample_Dataset/Reichel/images_with_faces/698546_363124_image.jpeg,Unknown,0.3638,0.1291,0.3638,0.2387,0.2684
Sample_Dataset/Reichel/images_with_faces/698646_363187_image.jpeg,Hostile,0.5711,0.0628,0.2829,0.5711,0.0832
Sample_Dataset/Reichel/images_with_faces/698671_363205_image.jpeg,Neutral,0.9964,0.0015,0.001,0.0011,0.9964
Sample_Dataset/Reichel/images_with_faces/698681_363213_image.jpeg,Hostile,0.7587,0.2299,0.0079,0.7587,0.0036
Sample_Dataset/Reichel/images_with_faces/698683_363216_image.jpeg,Hostile,0.446,0.1034,0.0363,0.446,0.4143
Sample_Dataset/Reichel/images_with_faces/699870_364023_image.jpeg,Neutral,0.991,0.0,0.0067,0.0022,0.991
Sample_Dataset/Reichel/images_with_faces/701132_364737_image.jpeg,Neutral,0.9975,0.0011,0.0011,0.0003,0.9975
Sample_Dataset/Reichel/images_with_faces/701139_364744_image.jpeg,Neutral,0.4049,0.3085,0.2633,0.0233,0.4049
Sample_Dataset/Reichel/images_with_faces/701183_364788_image.jpeg,Optimistic,0.9952,0.9952,0.0,0.0003,0.0045
Sample_Dataset/Reichel/images_with_faces/701185_364790_image.jpeg,Optimistic,0.4804,0.4804,0.0239,0.4621,0.0336
Sample_Dataset/Reichel/images_with_faces/701199_364797_image.jpeg,Optimistic,0.9723,0.9723,0.0011,0.0005,0.0261
Sample_Dataset/Reichel/images_with_faces/701220_364819_image.jpeg,Pessimistic,0.93,0.0089,0.93,0.039,0.0221
Sample_Dataset/Reichel/images_with_faces/701270_364847_image.jpeg,Optimistic,0.6286,0.6286,0.1049,0.0447,0.2218
Sample_Dataset/Reichel/images_with_faces/701273_364848_image.jpeg,Neutral,0.8676,0.0525,0.0041,0.0757,0.8676
Sample_Dataset/Reichel/images_with_faces/701293_364859_image.jpeg,Optimistic,0.4669,0.4669,0.2277,0.0504,0.255
Sample_Dataset/Reichel/images_with_faces/701350_364894_image.jpeg,Neutral,0.5536,0.1144,0.0825,0.2495,0.5536
Sample_Dataset/Reichel/images_with_faces/703315_366485_image.jpeg,Optimistic,0.9848,0.9848,0.0004,0.0031,0.0117
Sample_Dataset/Reichel/images_with_faces/706788_368847_image.jpeg,Optimistic,0.5562,0.5562,0.0021,0.0338,0.4079
Sample_Dataset/Reichel/images_with_faces/706799_368858_image.jpeg,Neutral,0.9273,0.0674,0.0001,0.0052,0.9273
Sample_Dataset/Reichel/images_with_faces/706804_368863_image.jpeg,Optimistic,0.7655,0.7655,0.0033,0.0062,0.225
Sample_Dataset/Reichel/images_with_faces/706825_368881_image.jpeg,Optimistic,0.9549,0.9549,0.0,0.0006,0.0445
Sample_Dataset/Reichel/images_with_faces/706854_368897_image.jpeg,Neutral,0.8722,0.0835,0.0293,0.015,0.8722
Sample_Dataset/Reichel/images_with_faces/706856_368899_image.jpeg,Neutral,0.8314,0.1663,0.0001,0.0021,0.8314
Sample_Dataset/Reichel/images_with_faces/706865_368903_image.jpeg,Optimistic,0.9638,0.9638,0.0012,0.016,0.019
Sample_Dataset/Reichel/images_with_faces/706904_368940_image.jpeg,Neutral,0.7882,0.0584,0.0888,0.0645,0.7882
Sample_Dataset/Reichel/images_with_faces/706951_368972_image.jpeg,Optimistic,0.9607,0.9607,0.0024,0.0038,0.033
Sample_Dataset/Reichel/images_with_faces/706960_368980_image.jpeg,Neutral,0.9505,0.0165,0.0306,0.0024,0.9505
Sample_Dataset/Reichel/images_with_faces/706973_368993_image.jpeg,Optimistic,0.9997,0.9997,0.0,0.0,0.0003
Sample_Dataset/Reichel/images_with_faces/706978_368998_image.jpeg,Optimistic,0.6586,0.6586,0.0006,0.0005,0.3404
Sample_Dataset/Reichel/images_with_faces/707011_369016_image.jpeg,Optimistic,0.4949,0.4949,0.0245,0.0028,0.4777
Sample_Dataset/Reichel/images_with_faces/707040_369037_image.jpeg,Optimistic,0.5131,0.5131,0.0352,0.2474,0.2043
Sample_Dataset/Reichel/images_with_faces/707056_369048_image.jpeg,Neutral,0.8743,0.0418,0.0208,0.0632,0.8743
Sample_Dataset/Reichel/images_with_faces/707069_369058_image.jpeg,Neutral,0.9453,0.0479,0.0004,0.0063,0.9453
Sample_Dataset/Reichel/images_with_faces/707132_369091_image.jpeg,Neutral,0.9572,0.0282,0.0046,0.01,0.9572
Sample_Dataset/Reichel/images_with_faces/707264_369144_image.jpeg,Optimistic,0.609,0.609,0.0045,0.3596,0.0269
Sample_Dataset/Reichel/images_with_faces/707335_369172_image.jpeg,Neutral,0.943,0.0461,0.0001,0.0109,0.943
Sample_Dataset/Reichel/images_with_faces/707378_369183_image.jpeg,Hostile,0.8396,0.0018,0.005,0.8396,0.1536
Sample_Dataset/Reichel/images_with_faces/707772_369281_image.jpeg,Pessimistic,0.9096,0.0763,0.9096,0.0002,0.0139
Sample_Dataset/Reichel/images_with_faces/707823_369294_image.jpeg,Pessimistic,0.8246,0.0074,0.8246,0.1017,0.0663
Sample_Dataset/Reichel/images_with_faces/707838_369296_image.jpeg,Optimistic,0.5099,0.5099,0.0036,0.189,0.2975
Sample_Dataset/Reichel/images_with_faces/707842_369297_image.jpeg,Hostile,0.9348,0.0054,0.048,0.9348,0.0118
Sample_Dataset/Reichel/images_with_faces/707844_369298_image.jpeg,Hostile,0.9325,0.0012,0.0563,0.9325,0.01
Sample_Dataset/Reichel/images_with_faces/707845_369299_image.jpeg,Hostile,0.9325,0.0012,0.0563,0.9325,0.01
Sample_Dataset/Reichel/images_with_faces/707867_369300_image.jpeg,Hostile,0.434,0.1961,0.1609,0.434,0.209
Sample_Dataset/Reichel/images_with_faces/707869_369302_image.jpeg,Pessimistic,0.4652,0.3927,0.4652,0.0034,0.1387
Sample_Dataset/Reichel/images_with_faces/707877_369306_image.jpeg,Hostile,0.9603,0.0224,0.0092,0.9603,0.0081
Sample_Dataset/Reichel/images_with_faces/708998_370145_image.jpeg,Neutral,0.7099,0.275,0.0013,0.0139,0.7099
Sample_Dataset/Reichel/images_with_faces/709020_370166_image.jpeg,Neutral,0.9659,0.0312,0.0009,0.002,0.9659
Sample_Dataset/Reichel/images_with_faces/709022_370168_image.jpeg,Neutral,0.7722,0.1882,0.008,0.0317,0.7722
Sample_Dataset/Reichel/images_with_faces/709029_370175_image.jpeg,Hostile,0.4905,0.119,0.0042,0.4905,0.3863
Sample_Dataset/Reichel/images_with_faces/709061_370210_image.jpeg,Unknown,0.3521,0.3521,0.0593,0.3171,0.2714
Sample_Dataset/Reichel/images_with_faces/709130_370284_image.jpeg,Neutral,0.7017,0.0018,0.0487,0.2479,0.7017
Sample_Dataset/Reichel/images_with_faces/709146_370302_image.jpeg,Optimistic,0.8648,0.8648,0.0027,0.037,0.0955
Sample_Dataset/Reichel/images_with_faces/709154_370311_image.jpeg,Neutral,0.4718,0.1245,0.0431,0.3606,0.4718
Sample_Dataset/Reichel/images_with_faces/709191_370338_image.jpeg,Neutral,0.5444,0.1066,0.0053,0.3438,0.5444
Sample_Dataset/Reichel/images_with_faces/709268_370409_image.jpeg,Optimistic,0.5214,0.5214,0.0023,0.0154,0.4609
Sample_Dataset/Reichel/images_with_faces/709270_370411_image.jpeg,Neutral,0.9576,0.0419,0.0001,0.0004,0.9576
Sample_Dataset/Reichel/images_with_faces/709274_370417_image.jpeg,Hostile,0.6106,0.3296,0.0066,0.6106,0.0532
Sample_Dataset/Reichel/images_with_faces/709283_370426_image.jpeg,Neutral,0.8217,0.1256,0.0016,0.0512,0.8217
Sample_Dataset/Reichel/images_with_faces/709311_370451_image.jpeg,Optimistic,0.9378,0.9378,0.0026,0.0389,0.0207
Sample_Dataset/Reichel/images_with_faces/709349_370471_image.jpeg,Neutral,0.9483,0.0135,0.0056,0.0327,0.9483
Sample_Dataset/Reichel/images_with_faces/709489_370593_image.jpeg,Optimistic,0.5279,0.5279,0.0077,0.0543,0.41
Sample_Dataset/Reichel/images_with_faces/709552_370618_image.jpeg,Optimistic,0.8309,0.8309,0.0002,0.07,0.0989
Sample_Dataset/Reichel/images_with_faces/709671_370693_image.jpeg,Optimistic,0.5579,0.5579,0.0153,0.0821,0.3447
Sample_Dataset/Reichel/images_with_faces/709704_370706_image.jpeg,Optimistic,0.5965,0.5965,0.0149,0.0007,0.388
Sample_Dataset/Reichel/images_with_faces/709841_370797_image.jpeg,Optimistic,0.7463,0.7463,0.016,0.2258,0.012
Sample_Dataset/Reichel/images_with_faces/710381_371096_image.jpeg,Optimistic,0.659,0.659,0.0593,0.0274,0.2543
Sample_Dataset/Reichel/images_with_faces/710559_371213_image.jpeg,Neutral,0.5293,0.0816,0.0943,0.2949,0.5293
Sample_Dataset/Reichel/images_with_faces/710578_371215_image.jpeg,Optimistic,0.9261,0.9261,0.0008,0.0064,0.0667
Sample_Dataset/Reichel/images_with_faces/710776_371357_image.jpeg,Optimistic,0.9825,0.9825,0.0084,0.0006,0.0085
Sample_Dataset/Reichel/images_with_faces/715187_374247_image.jpeg,Pessimistic,0.4212,0.0705,0.4212,0.2361,0.2721
Sample_Dataset/Reichel/images_with_faces/715198_374260_image.jpeg,Neutral,0.6342,0.3402,0.0093,0.0163,0.6342
Sample_Dataset/Reichel/images_with_faces/715202_374266_image.jpeg,Optimistic,0.8238,0.8238,0.0029,0.0055,0.1679
Sample_Dataset/Reichel/images_with_faces/715208_374274_image.jpeg,Optimistic,0.999,0.999,0.0,0.0001,0.0009
Sample_Dataset/Reichel/images_with_faces/715215_374279_image.jpeg,Hostile,0.9262,0.0517,0.0037,0.9262,0.0184
Sample_Dataset/Reichel/images_with_faces/715216_374280_image.jpeg,Neutral,0.7968,0.193,0.003,0.0073,0.7968
Sample_Dataset/Reichel/images_with_faces/715222_374287_image.jpeg,Optimistic,0.9908,0.9908,0.0,0.008,0.0012
Sample_Dataset/Reichel/images_with_faces/715229_374295_image.jpeg,Optimistic,0.5959,0.5959,0.0025,0.0027,0.399
Sample_Dataset/Reichel/images_with_faces/715232_374298_image.jpeg,Neutral,0.8009,0.1066,0.0791,0.0134,0.8009
Sample_Dataset/Reichel/images_with_faces/715273_374349_image.jpeg,Neutral,0.9182,0.0501,0.0278,0.0039,0.9182
Sample_Dataset/Reichel/images_with_faces/715310_374391_image.jpeg,Neutral,0.9662,0.0229,0.0011,0.0097,0.9662
Sample_Dataset/Reichel/images_with_faces/715315_374397_image.jpeg,Optimistic,0.9724,0.9724,0.0007,0.0018,0.0251
Sample_Dataset/Reichel/images_with_faces/715347_374431_image.jpeg,Neutral,0.9074,0.0624,0.0003,0.0299,0.9074
Sample_Dataset/Reichel/images_with_faces/715361_374446_image.jpeg,Neutral,0.8148,0.1616,0.0132,0.0103,0.8148
Sample_Dataset/Reichel/images_with_faces/715367_374452_image.jpeg,Neutral,0.8512,0.0922,0.0263,0.0303,0.8512
Sample_Dataset/Reichel/images_with_faces/715382_374469_image.jpeg,Optimistic,0.605,0.605,0.0045,0.0688,0.3217
Sample_Dataset/Reichel/images_with_faces/715398_374486_image.jpeg,Neutral,0.8852,0.0972,0.0045,0.0131,0.8852
Sample_Dataset/Reichel/images_with_faces/715403_374491_image.jpeg,Neutral,0.4718,0.427,0.0008,0.1004,0.4718
Sample_Dataset/Reichel/images_with_faces/715407_374493_image.jpeg,Optimistic,0.9997,0.9997,0.0001,0.0002,0.0001
Sample_Dataset/Reichel/images_with_faces/715461_374533_image.jpeg,Neutral,0.4276,0.3467,0.064,0.1616,0.4276
Sample_Dataset/Reichel/images_with_faces/715623_374611_image.jpeg,Neutral,0.5788,0.3626,0.0067,0.052,0.5788
Sample_Dataset/Reichel/images_with_faces/715646_374625_image.jpeg,Neutral,0.9707,0.0215,0.0008,0.007,0.9707
Sample_Dataset/Reichel/images_with_faces/715747_374677_image.jpeg,Optimistic,0.6466,0.6466,0.025,0.0077,0.3207
Sample_Dataset/Reichel/images_with_faces/715748_374679_image.jpeg,Optimistic,0.9929,0.9929,0.0002,0.0001,0.0068
Sample_Dataset/Reichel/images_with_faces/715815_374729_image.jpeg,Neutral,0.8852,0.1099,0.0018,0.0031,0.8852
Sample_Dataset/Reichel/images_with_faces/715892_374758_image.jpeg,Neutral,0.4764,0.0852,0.0618,0.3765,0.4764
Sample_Dataset/Reichel/images_with_faces/716219_375000_image.jpeg,Optimistic,0.9242,0.9242,0.0062,0.0018,0.0678
Sample_Dataset/Reichel/images_with_faces/716266_375048_image.jpeg,Pessimistic,0.4218,0.2626,0.4218,0.0163,0.2993
Sample_Dataset/Reichel/images_with_faces/716269_375050_image.jpeg,Pessimistic,0.9872,0.0054,0.9872,0.0027,0.0047
Sample_Dataset/Reichel/images_with_faces/718592_377027_image.jpeg,Hostile,0.7782,0.0298,0.0016,0.7782,0.1904
Sample_Dataset/Reichel/images_with_faces/718683_377078_image.jpeg,Optimistic,0.9127,0.9127,0.0659,0.0191,0.0022
Sample_Dataset/Reichel/images_with_faces/719540_377781_image.jpeg,Neutral,0.952,0.043,0.0034,0.0016,0.952
Sample_Dataset/Reichel/images_with_faces/719553_377794_image.jpeg,Optimistic,0.988,0.988,0.0004,0.0033,0.0083
Sample_Dataset/Reichel/images_with_faces/719561_377803_image.jpeg,Neutral,0.7639,0.0395,0.0405,0.1562,0.7639
Sample_Dataset/Reichel/images_with_faces/719640_377874_image.jpeg,Neutral,0.9716,0.0243,0.0006,0.0034,0.9716
Sample_Dataset/Reichel/images_with_faces/719724_377942_image.jpeg,Neutral,0.9147,0.0812,0.0022,0.0018,0.9147
Sample_Dataset/Reichel/images_with_faces/719736_377954_image.jpeg,Hostile,0.6344,0.0461,0.1275,0.6344,0.1919
Sample_Dataset/Reichel/images_with_faces/719779_377994_image.jpeg,Neutral,0.8341,0.143,0.0063,0.0166,0.8341
Sample_Dataset/Reichel/images_with_faces/719787_378003_image.jpeg,Neutral,0.61,0.1615,0.0672,0.1614,0.61
Sample_Dataset/Reichel/images_with_faces/719799_378014_image.jpeg,Optimistic,0.6752,0.6752,0.0039,0.0067,0.3142
Sample_Dataset/Reichel/images_with_faces/719899_378122_image.jpeg,Optimistic,0.6003,0.6003,0.0271,0.237,0.1356
Sample_Dataset/Reichel/images_with_faces/719917_378140_image.jpeg,Pessimistic,0.7645,0.0582,0.7645,0.0056,0.1717
Sample_Dataset/Reichel/images_with_faces/720082_378265_image.jpeg,Hostile,0.9958,0.0009,0.0003,0.9958,0.0029
Sample_Dataset/Reichel/images_with_faces/720186_378355_image.jpeg,Optimistic,0.9997,0.9997,0.0001,0.0,0.0003
Sample_Dataset/Reichel/images_with_faces/720227_378374_image.jpeg,Neutral,0.9676,0.0285,0.0005,0.0034,0.9676
Sample_Dataset/Reichel/images_with_faces/720260_378398_image.jpeg,Optimistic,0.6625,0.6625,0.0006,0.0003,0.3366
Sample_Dataset/Reichel/images_with_faces/720269_378404_image.jpeg,Optimistic,0.9884,0.9884,0.0004,0.0045,0.0067
Sample_Dataset/Reichel/images_with_faces/720283_378409_image.jpeg,Optimistic,0.9885,0.9885,0.0002,0.0001,0.0112
Sample_Dataset/Reichel/images_with_faces/720451_378508_image.jpeg,Neutral,0.6482,0.0896,0.1318,0.1304,0.6482
Sample_Dataset/Reichel/images_with_faces/720641_378646_image.jpeg,Optimistic,0.9968,0.9968,0.0,0.0014,0.0018
Sample_Dataset/Reichel/images_with_faces/720752_378718_image.jpeg,Hostile,0.9283,0.0583,0.0008,0.9283,0.0126
Sample_Dataset/Reichel/images_with_faces/720764_378725_image.jpeg,Hostile,0.6218,0.2082,0.0379,0.6218,0.132
Sample_Dataset/Reichel/images_with_faces/720981_378881_image.jpeg,Optimistic,0.9538,0.9538,0.0332,0.0075,0.0055
Sample_Dataset/Reichel/images_with_faces/721006_378908_image.jpeg,Optimistic,0.58,0.58,0.0005,0.408,0.0115
Sample_Dataset/Reichel/images_with_faces/721133_379029_image.jpeg,Hostile,0.9694,0.0172,0.0002,0.9694,0.0132
Sample_Dataset/Reichel/images_with_faces/721195_379097_image.jpeg,Neutral,0.7819,0.2142,0.0027,0.0011,0.7819
Sample_Dataset/Reichel/images_with_faces/721216_379101_image.jpeg,Optimistic,0.4237,0.4237,0.1517,0.1318,0.2928
Sample_Dataset/Reichel/images_with_faces/721471_379309_image.jpeg,Hostile,0.6587,0.2135,0.0455,0.6587,0.0824
Sample_Dataset/Reichel/images_with_faces/735620_381166_image.jpeg,Neutral,0.679,0.1755,0.0937,0.0518,0.679
Sample_Dataset/Reichel/images_with_faces/740946_383047_image.jpeg,Neutral,0.9896,0.0084,0.0006,0.0013,0.9896
Sample_Dataset/Reichel/images_with_faces/740947_383048_image.jpeg,Neutral,0.9807,0.0132,0.0005,0.0056,0.9807
Sample_Dataset/Reichel/images_with_faces/740948_383049_image.jpeg,Neutral,0.7542,0.1203,0.1057,0.0198,0.7542
Sample_Dataset/Reichel/images_with_faces/740949_383050_image.jpeg,Neutral,0.7416,0.1134,0.1116,0.0334,0.7416
Sample_Dataset/Reichel/images_with_faces/740953_383053_image.jpeg,Neutral,0.8923,0.1044,0.0019,0.0014,0.8923
Sample_Dataset/Reichel/images_with_faces/740956_383056_image.jpeg,Neutral,0.8115,0.182,0.0029,0.0037,0.8115
Sample_Dataset/Reichel/images_with_faces/740960_383061_image.jpeg,Hostile,0.5511,0.3114,0.0156,0.5511,0.1219
Sample_Dataset/Reichel/images_with_faces/741019_383067_image.jpeg,Optimistic,0.582,0.582,0.0011,0.1086,0.3084
Sample_Dataset/Reichel/images_with_faces/741022_383070_image.jpeg,Optimistic,0.4454,0.4454,0.0012,0.1954,0.3581
Sample_Dataset/Reichel/images_with_faces/741046_383096_image.jpeg,Optimistic,0.9671,0.9671,0.0,0.0004,0.0324
Sample_Dataset/Reichel/images_with_faces/741047_383097_image.jpeg,Optimistic,0.9896,0.9896,0.0059,0.0034,0.0011
Sample_Dataset/Reichel/images_with_faces/741054_383105_image.jpeg,Hostile,0.9745,0.0163,0.0003,0.9745,0.009
Sample_Dataset/Reichel/images_with_faces/741083_383143_image.jpeg,Neutral,0.6205,0.3556,0.0099,0.014,0.6205
Sample_Dataset/Reichel/images_with_faces/741084_383144_image.jpeg,Neutral,0.5873,0.3345,0.0342,0.044,0.5873
Sample_Dataset/Reichel/images_with_faces/741085_383145_image.jpeg,Neutral,0.9808,0.0177,0.0003,0.0012,0.9808
Sample_Dataset/Reichel/images_with_faces/741088_383148_image.jpeg,Neutral,0.9763,0.0225,0.0006,0.0006,0.9763
Sample_Dataset/Reichel/images_with_faces/741102_383165_image.jpeg,Optimistic,0.7503,0.7503,0.0007,0.001,0.2481
Sample_Dataset/Reichel/images_with_faces/741103_383166_image.jpeg,Optimistic,0.5076,0.5076,0.0003,0.0002,0.4919
Sample_Dataset/Reichel/images_with_faces/741112_383177_image.jpeg,Neutral,0.9333,0.0467,0.0002,0.0197,0.9333
Sample_Dataset/Reichel/images_with_faces/741113_383178_image.jpeg,Neutral,0.8636,0.0684,0.0005,0.0675,0.8636
Sample_Dataset/Reichel/images_with_faces/741118_383184_image.jpeg,Neutral,0.8023,0.1835,0.0019,0.0123,0.8023
Sample_Dataset/Reichel/images_with_faces/741121_383187_image.jpeg,Neutral,0.7961,0.1656,0.0027,0.0356,0.7961
Sample_Dataset/Reichel/images_with_faces/741143_383198_image.jpeg,Neutral,0.5119,0.4757,0.0003,0.0121,0.5119
Sample_Dataset/Reichel/images_with_faces/741151_383205_image.jpeg,Optimistic,0.5706,0.5706,0.0037,0.0342,0.3915
Sample_Dataset/Reichel/images_with_faces/741152_383207_image.jpeg,Optimistic,0.5495,0.5495,0.0045,0.0627,0.3834
Sample_Dataset/Reichel/images_with_faces/741159_383215_image.jpeg,Optimistic,0.9487,0.9487,0.0,0.0003,0.0509
Sample_Dataset/Reichel/images_with_faces/741160_383216_image.jpeg,Optimistic,0.968,0.968,0.0,0.0004,0.0316
Sample_Dataset/Reichel/images_with_faces/741161_383218_image.jpeg,Hostile,0.6216,0.1897,0.0053,0.6216,0.1834
Sample_Dataset/Reichel/images_with_faces/741171_383225_image.jpeg,Neutral,0.4261,0.2649,0.0788,0.2302,0.4261
Sample_Dataset/Reichel/images_with_faces/741188_383243_image.jpeg,Neutral,0.8162,0.1633,0.0146,0.0059,0.8162
Sample_Dataset/Reichel/images_with_faces/741201_383260_image.jpeg,Neutral,0.5117,0.482,0.002,0.0043,0.5117
Sample_Dataset/Reichel/images_with_faces/741214_383272_image.jpeg,Neutral,0.7734,0.1509,0.0054,0.0703,0.7734
Sample_Dataset/Reichel/images_with_faces/741229_383289_image.jpeg,Optimistic,0.943,0.943,0.0013,0.001,0.0547
Sample_Dataset/Reichel/images_with_faces/741233_383292_image.jpeg,Optimistic,0.6411,0.6411,0.0007,0.0004,0.3578
Sample_Dataset/Reichel/images_with_faces/741266_383326_image.jpeg,Optimistic,0.5716,0.5716,0.0168,0.0891,0.3225
Sample_Dataset/Reichel/images_with_faces/741346_383389_image.jpeg,Neutral,0.5486,0.4314,0.001,0.019,0.5486
Sample_Dataset/Reichel/images_with_faces/741374_383416_image.jpeg,Optimistic,0.5755,0.5755,0.0004,0.0088,0.4153
Sample_Dataset/Reichel/images_with_faces/741386_383423_image.jpeg,Pessimistic,0.5267,0.0664,0.5267,0.3028,0.1041
Sample_Dataset/Reichel/images_with_faces/741492_383495_image.jpeg,Hostile,0.4385,0.3748,0.0214,0.4385,0.1653
Sample_Dataset/Reichel/images_with_faces/741500_383499_image.jpeg,Optimistic,0.969,0.969,0.0001,0.0003,0.0306
Sample_Dataset/Reichel/images_with_faces/741527_383505_image.jpeg,Optimistic,0.8212,0.8212,0.0015,0.0028,0.1745
Sample_Dataset/Reichel/images_with_faces/741528_383506_image.jpeg,Optimistic,0.8189,0.8189,0.0031,0.0065,0.1715
Sample_Dataset/Reichel/images_with_faces/741705_383614_image.jpeg,Optimistic,0.4131,0.4131,0.2356,0.0496,0.3017
Sample_Dataset/Reichel/images_with_faces/742142_383857_image.jpeg,Hostile,0.6408,0.3264,0.0299,0.6408,0.0029
Sample_Dataset/Reichel/images_with_faces/742359_384011_image.jpeg,Optimistic,0.9813,0.9813,0.0039,0.0044,0.0104
Sample_Dataset/Reichel/images_with_faces/742391_384026_image.jpeg,Optimistic,0.8741,0.8741,0.1007,0.0026,0.0226
Sample_Dataset/Reichel/images_with_faces/742552_384102_image.jpeg,Hostile,0.5642,0.4278,0.0061,0.5642,0.0019
Sample_Dataset/Reichel/images_with_faces/743877_384779_image.jpeg,Optimistic,0.9086,0.9086,0.001,0.0027,0.0877
Sample_Dataset/Reichel/images_with_faces/743914_384781_image.jpeg,Hostile,0.8179,0.0341,0.0005,0.8179,0.1475
Sample_Dataset/Reichel/images_with_faces/744617_385580_image.jpeg,Optimistic,0.9227,0.9227,0.0005,0.0696,0.0072
Sample_Dataset/Reichel/images_with_faces/744982_385929_image.jpeg,Optimistic,0.8448,0.8448,0.0123,0.0803,0.0626
Sample_Dataset/Reichel/images_with_faces/744996_385945_image.jpeg,Unknown,0.3969,0.3683,0.1349,0.1,0.3969
Sample_Dataset/Reichel/images_with_faces/745005_385952_image.jpeg,Optimistic,0.9655,0.9655,0.0001,0.0015,0.0329
Sample_Dataset/Reichel/images_with_faces/745012_385960_image.jpeg,Hostile,0.9783,0.0189,0.0014,0.9783,0.0015
Sample_Dataset/Reichel/images_with_faces/745021_385969_image.jpeg,Neutral,0.8505,0.1407,0.0026,0.0062,0.8505
Sample_Dataset/Reichel/images_with_faces/745053_385989_image.jpeg,Hostile,0.9804,0.0137,0.0011,0.9804,0.0049
Sample_Dataset/Reichel/images_with_faces/745055_385991_image.jpeg,Neutral,0.9073,0.0465,0.0011,0.0451,0.9073
Sample_Dataset/Reichel/images_with_faces/745067_386004_image.jpeg,Optimistic,0.5337,0.5337,0.0002,0.4535,0.0126
Sample_Dataset/Reichel/images_with_faces/745069_386006_image.jpeg,Neutral,0.9526,0.0008,0.0409,0.0057,0.9526
Sample_Dataset/Reichel/images_with_faces/745145_386053_image.jpeg,Unknown,0.3469,0.2205,0.1599,0.3469,0.2726
Sample_Dataset/Reichel/images_with_faces/745168_386078_image.jpeg,Neutral,0.5109,0.4759,0.0023,0.011,0.5109
Sample_Dataset/Reichel/images_with_faces/745293_386133_image.jpeg,Hostile,0.8359,0.1469,0.0061,0.8359,0.0111
Sample_Dataset/Reichel/images_with_faces/745480_386186_image.jpeg,Neutral,0.617,0.3484,0.0141,0.0204,0.617
Sample_Dataset/Reichel/images_with_faces/745600_386251_image.jpeg,Optimistic,0.9671,0.9671,0.0,0.0004,0.0324
Sample_Dataset/Reichel/images_with_faces/745602_386252_image.jpeg,Hostile,0.9778,0.0086,0.0003,0.9778,0.0133
Sample_Dataset/Reichel/images_with_faces/745622_386271_image.jpeg,Neutral,0.9482,0.0508,0.0003,0.0007,0.9482
Sample_Dataset/Reichel/images_with_faces/745628_386275_image.jpeg,Unknown,0.392,0.3147,0.392,0.0379,0.2554
Sample_Dataset/Reichel/images_with_faces/745630_386277_image.jpeg,Neutral,0.5471,0.4412,0.0038,0.0079,0.5471
Sample_Dataset/Reichel/images_with_faces/745637_386285_image.jpeg,Hostile,0.9768,0.0175,0.0024,0.9768,0.0033
Sample_Dataset/Reichel/images_with_faces/745650_386293_image.jpeg,Optimistic,0.6551,0.6551,0.0003,0.0082,0.3365
Sample_Dataset/Reichel/images_with_faces/745651_386294_image.jpeg,Neutral,0.8652,0.1185,0.0145,0.0019,0.8652
Sample_Dataset/Reichel/images_with_faces/745652_386295_image.jpeg,Neutral,0.9494,0.0477,0.0023,0.0005,0.9494
Sample_Dataset/Reichel/images_with_faces/745655_386298_image.jpeg,Optimistic,0.5779,0.5779,0.0013,0.0045,0.4163
Sample_Dataset/Reichel/images_with_faces/746145_386493_image.jpeg,Hostile,0.8114,0.1115,0.0028,0.8114,0.0743
Sample_Dataset/Reichel/images_with_faces/746287_386564_image.jpeg,Neutral,0.8896,0.0762,0.0085,0.0256,0.8896
Sample_Dataset/Reichel/images_with_faces/746289_386565_image.jpeg,Neutral,0.9481,0.0505,0.0004,0.0009,0.9481
Sample_Dataset/Reichel/images_with_faces/746292_386566_image.jpeg,Optimistic,0.5052,0.5052,0.003,0.0266,0.4652
Sample_Dataset/Reichel/images_with_faces/746295_386567_image.jpeg,Neutral,0.7228,0.0349,0.1425,0.0998,0.7228
Sample_Dataset/Reichel/images_with_faces/746299_386568_image.jpeg,Optimistic,0.6024,0.6024,0.0009,0.0181,0.3786
Sample_Dataset/Reichel/images_with_faces/746301_386569_image.jpeg,Neutral,0.7479,0.1879,0.0531,0.0111,0.7479
Sample_Dataset/Reichel/images_with_faces/746303_386570_image.jpeg,Neutral,0.93,0.0622,0.0033,0.0044,0.93
Sample_Dataset/Reichel/images_with_faces/746305_386571_image.jpeg,Optimistic,0.676,0.676,0.0008,0.0103,0.3129
Sample_Dataset/Reichel/images_with_faces/746397_386608_image.jpeg,Hostile,0.4757,0.3482,0.0392,0.4757,0.1369
Sample_Dataset/Reichel/images_with_faces/746398_386609_image.jpeg,Pessimistic,0.8916,0.1016,0.8916,0.0044,0.0023
Sample_Dataset/Reichel/images_with_faces/750709_390411_image.jpeg,Hostile,0.4631,0.2725,0.0037,0.4631,0.2608
Sample_Dataset/Reichel/images_with_faces/751236_390609_image.jpeg,Neutral,0.8356,0.1493,0.0048,0.0103,0.8356
Sample_Dataset/Reichel/images_with_faces/751248_390622_image.jpeg,Neutral,0.9491,0.0466,0.0033,0.0011,0.9491
Sample_Dataset/Reichel/images_with_faces/751254_390628_image.jpeg,Hostile,0.9865,0.0106,0.0001,0.9865,0.0029
Sample_Dataset/Reichel/images_with_faces/751259_390634_image.jpeg,Hostile,0.651,0.3478,0.0003,0.651,0.001
Sample_Dataset/Reichel/images_with_faces/751336_390687_image.jpeg,Hostile,0.665,0.2911,0.0003,0.665,0.0436
Sample_Dataset/Reichel/images_with_faces/751388_390704_image.jpeg,Optimistic,0.9995,0.9995,0.0,0.0004,0.0001
Sample_Dataset/Reichel/images_with_faces/751391_390708_image.jpeg,Optimistic,0.5326,0.5326,0.0275,0.17,0.2699
Sample_Dataset/Reichel/images_with_faces/751392_390710_image.jpeg,Optimistic,0.546,0.546,0.0106,0.031,0.4124
Sample_Dataset/Reichel/images_with_faces/751409_390728_image.jpeg,Optimistic,0.9809,0.9809,0.0014,0.0012,0.0164
Sample_Dataset/Reichel/images_with_faces/751477_390779_image.jpeg,Optimistic,0.788,0.788,0.0347,0.0074,0.1699
Sample_Dataset/Reichel/images_with_faces/751490_390791_image.jpeg,Unknown,0.3884,0.2063,0.3884,0.0625,0.3428
Sample_Dataset/Reichel/images_with_faces/751835_391016_image.jpeg,Neutral,0.8172,0.0404,0.0493,0.0931,0.8172
Sample_Dataset/Reichel/images_with_faces/751919_391069_image.jpeg,Neutral,0.9263,0.0081,0.0146,0.051,0.9263
Sample_Dataset/Reichel/images_with_faces/751920_391072_image.jpeg,Hostile,0.583,0.1047,0.2339,0.583,0.0783
Sample_Dataset/Reichel/images_with_faces/752119_391208_image.jpeg,Neutral,0.5561,0.1491,0.1954,0.0994,0.5561
Sample_Dataset/Reichel/images_with_faces/752120_391210_image.jpeg,Neutral,0.8565,0.0381,0.0499,0.0554,0.8565
Sample_Dataset/Reichel/images_with_faces/752121_391211_image.jpeg,Neutral,0.8162,0.1723,0.0015,0.01,0.8162
Sample_Dataset/Reichel/images_with_faces/752122_391212_image.jpeg,Neutral,0.942,0.0535,0.0038,0.0007,0.942
Sample_Dataset/Reichel/images_with_faces/752123_391213_image.jpeg,Neutral,0.8285,0.1702,0.0001,0.0013,0.8285
Sample_Dataset/Reichel/images_with_faces/752136_391215_image.jpeg,Optimistic,0.9875,0.9875,0.0005,0.0051,0.0069
Sample_Dataset/Reichel/images_with_faces/752244_391234_image.jpeg,Optimistic,0.72,0.72,0.0949,0.0007,0.1844
Sample_Dataset/Reichel/images_with_faces/752245_391235_image.jpeg,Neutral,0.871,0.0112,0.104,0.0137,0.871
Sample_Dataset/Reichel/images_with_faces/759296_396356_image.jpeg,Neutral,0.7579,0.1161,0.0164,0.1096,0.7579
Sample_Dataset/Reichel/images_with_faces/759299_396359_image.jpeg,Optimistic,0.8223,0.8223,0.0309,0.0578,0.089
Sample_Dataset/Reichel/images_with_faces/759332_396383_image.jpeg,Optimistic,0.8797,0.8797,0.0016,0.0321,0.0865
Sample_Dataset/Reichel/images_with_faces/759336_396387_image.jpeg,Optimistic,0.9867,0.9867,0.0006,0.0004,0.0124
Sample_Dataset/Reichel/images_with_faces/759376_396422_image.jpeg,Optimistic,0.9387,0.9387,0.0457,0.0142,0.0014
Sample_Dataset/Reichel/images_with_faces/759503_396493_image.jpeg,Hostile,0.9155,0.0071,0.0719,0.9155,0.0055
Sample_Dataset/Reichel/images_with_faces/759508_396496_image.jpeg,Optimistic,0.9728,0.9728,0.0008,0.0035,0.0228
Sample_Dataset/Reichel/images_with_faces/759785_396660_image.jpeg,Hostile,0.5251,0.3467,0.0813,0.5251,0.0469
Sample_Dataset/Reichel/images_with_faces/759864_396699_image.jpeg,Hostile,0.7347,0.0092,0.0033,0.7347,0.2528
Sample_Dataset/Reichel/images_with_faces/762710_399107_image.jpeg,Pessimistic,0.8572,0.0062,0.8572,0.093,0.0436
Sample_Dataset/Reichel/images_with_faces/763088_399462_image.jpeg,Optimistic,0.982,0.982,0.0043,0.0133,0.0004
Sample_Dataset/Reichel/images_with_faces/765779_401842_image.jpeg,Pessimistic,0.6366,0.0125,0.6366,0.0635,0.2874
Sample_Dataset/Reichel/images_with_faces/765781_401844_image.jpeg,Optimistic,0.8367,0.8367,0.001,0.0016,0.1607
Sample_Dataset/Reichel/images_with_faces/766205_402201_image.jpeg,Optimistic,0.825,0.825,0.041,0.0498,0.0843
Sample_Dataset/Reichel/images_with_faces/766656_402535_image.jpeg,Optimistic,0.7837,0.7837,0.003,0.0103,0.203
Sample_Dataset/Reichel/images_with_faces/766657_402536_image.jpeg,Optimistic,0.9299,0.9299,0.0001,0.0024,0.0676
Sample_Dataset/Reichel/images_with_faces/766716_402591_image.jpeg,Optimistic,0.8782,0.8782,0.0116,0.0673,0.043
Sample_Dataset/Reichel/images_with_faces/769073_404165_image.jpeg,Hostile,0.9971,0.0022,0.0004,0.9971,0.0004
Sample_Dataset/Reichel/images_with_faces/769077_404167_image.jpeg,Neutral,0.6089,0.1437,0.2372,0.0102,0.6089
Sample_Dataset/Reichel/images_with_faces/769125_404216_image.jpeg,Optimistic,0.5889,0.5889,0.0254,0.2022,0.1835
Sample_Dataset/Reichel/images_with_faces/769127_404218_image.jpeg,Hostile,0.8144,0.1356,0.0003,0.8144,0.0497
Sample_Dataset/Reichel/images_with_faces/769160_404239_image.jpeg,Neutral,0.742,0.1886,0.0196,0.0498,0.742
Sample_Dataset/Reichel/images_with_faces/769303_404316_image.jpeg,Neutral,0.482,0.0044,0.1103,0.4033,0.482
Sample_Dataset/Reichel/images_with_faces/769310_404320_image.jpeg,Optimistic,0.6002,0.6002,0.0002,0.0031,0.3964
Sample_Dataset/Reichel/images_with_faces/769322_404324_image.jpeg,Optimistic,0.8105,0.8105,0.001,0.0587,0.1298
Sample_Dataset/Reichel/images_with_faces/771786_406052_image.jpeg,Neutral,0.9174,0.078,0.0038,0.0008,0.9174
Sample_Dataset/Reichel/images_with_faces/771798_406064_image.jpeg,Neutral,0.9449,0.0389,0.0042,0.012,0.9449
Sample_Dataset/Reichel/images_with_faces/771801_406067_image.jpeg,Neutral,0.9981,0.0014,0.0,0.0005,0.9981
Sample_Dataset/Reichel/images_with_faces/771802_406068_image.jpeg,Neutral,0.8344,0.1512,0.0003,0.0142,0.8344
Sample_Dataset/Reichel/images_with_faces/771806_406073_image.jpeg,Neutral,0.8337,0.1583,0.0013,0.0067,0.8337
Sample_Dataset/Reichel/images_with_faces/771810_406077_image.jpeg,Neutral,0.9036,0.0827,0.0124,0.0014,0.9036
Sample_Dataset/Reichel/images_with_faces/771823_406084_image.jpeg,Neutral,0.9273,0.0417,0.0034,0.0277,0.9273
Sample_Dataset/Reichel/images_with_faces/771829_406089_image.jpeg,Neutral,0.9884,0.004,0.0021,0.0055,0.9884
Sample_Dataset/Reichel/images_with_faces/771835_406095_image.jpeg,Optimistic,0.6327,0.6327,0.0008,0.3164,0.0501
Sample_Dataset/Reichel/images_with_faces/771839_406099_image.jpeg,Pessimistic,0.4636,0.2366,0.4636,0.0731,0.2267
Sample_Dataset/Reichel/images_with_faces/771866_406126_image.jpeg,Neutral,0.5805,0.1525,0.0413,0.2256,0.5805
Sample_Dataset/Reichel/images_with_faces/771879_406138_image.jpeg,Neutral,0.9857,0.0117,0.0006,0.0021,0.9857
Sample_Dataset/Reichel/images_with_faces/771909_406158_image.jpeg,Hostile,0.6282,0.3552,0.0005,0.6282,0.0161
Sample_Dataset/Reichel/images_with_faces/771966_406192_image.jpeg,Hostile,0.4946,0.2354,0.0568,0.4946,0.2132
Sample_Dataset/Reichel/images_with_faces/772203_406334_image.jpeg,Unknown,0.3399,0.0846,0.3399,0.2713,0.3042
Sample_Dataset/Reichel/images_with_faces/772242_406352_image.jpeg,Neutral,0.7634,0.1201,0.0064,0.1102,0.7634
Sample_Dataset/Reichel/images_with_faces/772536_406497_image.jpeg,Neutral,0.5787,0.2891,0.0534,0.0788,0.5787
Sample_Dataset/Reichel/images_with_faces/772541_406499_image.jpeg,Neutral,0.5044,0.1784,0.0714,0.2459,0.5044
Sample_Dataset/Reichel/images_with_faces/772611_406531_image.jpeg,Optimistic,0.7518,0.7518,0.0977,0.0034,0.147
Sample_Dataset/Reichel/images_with_faces/778751_411654_image.jpeg,Neutral,0.5001,0.4162,0.0012,0.0824,0.5001
Sample_Dataset/Reichel/images_with_faces/778753_411656_image.jpeg,Neutral,0.4477,0.3477,0.0134,0.1911,0.4477
Sample_Dataset/Reichel/images_with_faces/778796_411696_image.jpeg,Neutral,0.5335,0.448,0.0002,0.0183,0.5335
Sample_Dataset/Reichel/images_with_faces/778821_411721_image.jpeg,Neutral,0.9707,0.027,0.0005,0.0017,0.9707
Sample_Dataset/Reichel/images_with_faces/778860_411754_image.jpeg,Optimistic,0.8481,0.8481,0.0078,0.063,0.0811
Sample_Dataset/Reichel/images_with_faces/778863_411758_image.jpeg,Neutral,0.737,0.2608,0.0003,0.0019,0.737
Sample_Dataset/Reichel/images_with_faces/778870_411766_image.jpeg,Neutral,0.7562,0.2401,0.0001,0.0037,0.7562
Sample_Dataset/Reichel/images_with_faces/778872_411768_image.jpeg,Neutral,0.5434,0.4467,0.0011,0.0088,0.5434
Sample_Dataset/Reichel/images_with_faces/778892_411788_image.jpeg,Neutral,0.6518,0.2314,0.001,0.1158,0.6518
Sample_Dataset/Reichel/images_with_faces/778913_411810_image.jpeg,Neutral,0.9477,0.0388,0.0052,0.0083,0.9477
Sample_Dataset/Reichel/images_with_faces/778961_411855_image.jpeg,Optimistic,0.9911,0.9911,0.0041,0.0045,0.0003
Sample_Dataset/Reichel/images_with_faces/778990_411880_image.jpeg,Pessimistic,0.6122,0.2365,0.6122,0.0441,0.1072
Sample_Dataset/Reichel/images_with_faces/779010_411899_image.jpeg,Optimistic,0.965,0.965,0.0002,0.0055,0.0293
Sample_Dataset/Reichel/images_with_faces/779016_411902_image.jpeg,Pessimistic,0.563,0.193,0.563,0.0768,0.1673
Sample_Dataset/Reichel/images_with_faces/779023_411907_image.jpeg,Optimistic,0.8466,0.8466,0.0021,0.0091,0.1422
Sample_Dataset/Reichel/images_with_faces/779052_411919_image.jpeg,Neutral,0.7826,0.1132,0.005,0.0992,0.7826
Sample_Dataset/Reichel/images_with_faces/779107_411954_image.jpeg,Neutral,0.8237,0.1514,0.0086,0.0163,0.8237
Sample_Dataset/Reichel/images_with_faces/779111_411959_image.jpeg,Neutral,0.903,0.0798,0.0002,0.0169,0.903
Sample_Dataset/Reichel/images_with_faces/779152_411987_image.jpeg,Hostile,0.8235,0.0879,0.0209,0.8235,0.0677
Sample_Dataset/Reichel/images_with_faces/779173_411995_image.jpeg,Neutral,0.8077,0.0109,0.1786,0.0028,0.8077
Sample_Dataset/Reichel/images_with_faces/779193_412012_image.jpeg,Optimistic,0.9956,0.9956,0.0004,0.0005,0.0035
Sample_Dataset/Reichel/images_with_faces/779352_412112_image.jpeg,Neutral,0.5105,0.4802,0.0015,0.0078,0.5105
Sample_Dataset/Reichel/images_with_faces/779891_412554_image.jpeg,Optimistic,0.864,0.864,0.0449,0.0144,0.0767
Sample_Dataset/Reichel/images_with_faces/780368_412854_image.jpeg,Optimistic,0.65,0.65,0.0142,0.2114,0.1244
Sample_Dataset/Reichel/images_with_faces/780536_412954_image.jpeg,Optimistic,0.4768,0.4768,0.0223,0.2236,0.2773
Sample_Dataset/Reichel/images_with_faces/780538_412955_image.jpeg,Optimistic,0.7535,0.7535,0.0008,0.0109,0.2348
Sample_Dataset/Reichel/images_with_faces/780547_412958_image.jpeg,Neutral,0.9281,0.04,0.0102,0.0217,0.9281
Sample_Dataset/Reichel/images_with_faces/780585_412969_image.jpeg,Optimistic,0.7879,0.7879,0.0006,0.0127,0.1988
Sample_Dataset/Reichel/images_with_faces/780588_412972_image.jpeg,Optimistic,0.7675,0.7675,0.0003,0.2092,0.0229
Sample_Dataset/Reichel/images_with_faces/780589_412973_image.jpeg,Neutral,0.5298,0.1005,0.0789,0.2908,0.5298
Sample_Dataset/Reichel/images_with_faces/780610_412994_image.jpeg,Hostile,0.6761,0.1206,0.0142,0.6761,0.1891
Sample_Dataset/Reichel/images_with_faces/784630_415900_image.jpeg,Neutral,0.6668,0.0167,0.1097,0.2069,0.6668
Sample_Dataset/Reichel/images_with_faces/784663_415937_image.jpeg,Optimistic,0.5629,0.5629,0.0013,0.0355,0.4003
Sample_Dataset/Reichel/images_with_faces/784674_415948_image.jpeg,Hostile,0.8886,0.0365,0.0285,0.8886,0.0464
Sample_Dataset/Reichel/images_with_faces/784689_415967_image.jpeg,Neutral,0.625,0.0956,0.0066,0.2727,0.625
Sample_Dataset/Reichel/images_with_faces/784699_415976_image.jpeg,Optimistic,0.5193,0.5193,0.0149,0.0972,0.3686
Sample_Dataset/Reichel/images_with_faces/784744_416024_image.jpeg,Pessimistic,0.8571,0.0477,0.8571,0.024,0.0712
Sample_Dataset/Reichel/images_with_faces/784924_416172_image.jpeg,Pessimistic,0.854,0.0072,0.854,0.1027,0.0361
Sample_Dataset/Reichel/images_with_faces/784994_416210_image.jpeg,Optimistic,0.5306,0.5306,0.0015,0.0071,0.4609
Sample_Dataset/Reichel/images_with_faces/784996_416212_image.jpeg,Optimistic,0.7925,0.7925,0.0221,0.0165,0.1689
Sample_Dataset/Reichel/images_with_faces/785078_416239_image.jpeg,Optimistic,0.9476,0.9476,0.0199,0.0003,0.0322
Sample_Dataset/Reichel/images_with_faces/785180_416307_image.jpeg,Hostile,0.968,0.0196,0.0018,0.968,0.0106
Sample_Dataset/Reichel/images_with_faces/785225_416335_image.jpeg,Optimistic,0.8953,0.8953,0.0279,0.0167,0.0601
Sample_Dataset/Reichel/images_with_faces/785365_416397_image.jpeg,Hostile,0.4009,0.2886,0.2447,0.4009,0.0658
Sample_Dataset/Reichel/images_with_faces/785535_416474_image.jpeg,Optimistic,0.6433,0.6433,0.0059,0.2679,0.0829
Sample_Dataset/Reichel/images_with_faces/785710_416594_image.jpeg,Neutral,0.7026,0.0904,0.1264,0.0806,0.7026
Sample_Dataset/Reichel/images_with_faces/786192_416886_image.jpeg,Neutral,0.9434,0.048,0.005,0.0036,0.9434
Sample_Dataset/Reichel/images_with_faces/791606_420197_image.jpeg,Hostile,0.8766,0.1182,0.0004,0.8766,0.0047
Sample_Dataset/Reichel/images_with_faces/792046_420576_image.jpeg,Neutral,0.8209,0.0335,0.0007,0.145,0.8209
Sample_Dataset/Reichel/images_with_faces/792058_420588_image.jpeg,Neutral,0.9614,0.03,0.0042,0.0044,0.9614
Sample_Dataset/Reichel/images_with_faces/792101_420634_image.jpeg,Optimistic,0.9176,0.9176,0.001,0.0009,0.0805
Sample_Dataset/Reichel/images_with_faces/792126_420658_image.jpeg,Neutral,0.8632,0.1275,0.0023,0.0069,0.8632
Sample_Dataset/Reichel/images_with_faces/792127_420659_image.jpeg,Neutral,0.8768,0.1124,0.0026,0.0081,0.8768
Sample_Dataset/Reichel/images_with_faces/792137_420669_image.jpeg,Neutral,0.8444,0.1504,0.0003,0.0049,0.8444
Sample_Dataset/Reichel/images_with_faces/792151_420686_image.jpeg,Neutral,0.7121,0.2796,0.0056,0.0026,0.7121
Sample_Dataset/Reichel/images_with_faces/792156_420691_image.jpeg,Optimistic,0.7395,0.7395,0.0003,0.0062,0.254
Sample_Dataset/Reichel/images_with_faces/792167_420703_image.jpeg,Optimistic,0.6188,0.6188,0.0107,0.0907,0.2798
Sample_Dataset/Reichel/images_with_faces/792184_420719_image.jpeg,Optimistic,0.5308,0.5308,0.0035,0.0835,0.3823
Sample_Dataset/Reichel/images_with_faces/792192_420727_image.jpeg,Optimistic,0.8181,0.8181,0.0014,0.0126,0.1679
Sample_Dataset/Reichel/images_with_faces/792203_420741_image.jpeg,Hostile,0.6073,0.1806,0.0079,0.6073,0.2042
Sample_Dataset/Reichel/images_with_faces/792216_420754_image.jpeg,Neutral,0.5255,0.0721,0.0067,0.3957,0.5255
Sample_Dataset/Reichel/images_with_faces/792321_420783_image.jpeg,Optimistic,0.5983,0.5983,0.0014,0.3826,0.0177
Sample_Dataset/Reichel/images_with_faces/792356_420821_image.jpeg,Optimistic,0.5078,0.5078,0.2761,0.081,0.1351
Sample_Dataset/Reichel/images_with_faces/792368_420833_image.jpeg,Optimistic,0.9627,0.9627,0.0,0.019,0.0182
Sample_Dataset/Reichel/images_with_faces/792478_420886_image.jpeg,Neutral,0.7487,0.2493,0.0002,0.0018,0.7487
Sample_Dataset/Reichel/images_with_faces/792508_420914_image.jpeg,Neutral,0.6242,0.3061,0.0262,0.0435,0.6242
Sample_Dataset/Reichel/images_with_faces/792561_420959_image.jpeg,Neutral,0.815,0.1785,0.0017,0.0049,0.815
Sample_Dataset/Reichel/images_with_faces/792563_420961_image.jpeg,Neutral,0.9675,0.032,0.0,0.0005,0.9675
Sample_Dataset/Reichel/images_with_faces/792599_420984_image.jpeg,Optimistic,0.6728,0.6728,0.0017,0.0285,0.297
Sample_Dataset/Reichel/images_with_faces/792618_421003_image.jpeg,Neutral,0.8467,0.1322,0.014,0.0072,0.8467
Sample_Dataset/Reichel/images_with_faces/792621_421006_image.jpeg,Hostile,0.6072,0.292,0.0135,0.6072,0.0873
Sample_Dataset/Reichel/images_with_faces/792628_421014_image.jpeg,Pessimistic,0.6715,0.0515,0.6715,0.1248,0.1522
Sample_Dataset/Reichel/images_with_faces/792666_421039_image.jpeg,Hostile,0.9898,0.0096,0.0,0.9898,0.0006
Sample_Dataset/Reichel/images_with_faces/792704_421074_image.jpeg,Neutral,0.9738,0.0212,0.0027,0.0024,0.9738
Sample_Dataset/Reichel/images_with_faces/792724_421086_image.jpeg,Optimistic,0.5267,0.5267,0.0007,0.0076,0.465
Sample_Dataset/Reichel/images_with_faces/792727_421090_image.jpeg,Optimistic,0.7773,0.7773,0.0002,0.1005,0.122
Sample_Dataset/Reichel/images_with_faces/792730_421093_image.jpeg,Neutral,0.9443,0.0358,0.0062,0.0137,0.9443
Sample_Dataset/Reichel/images_with_faces/792792_421128_image.jpeg,Neutral,0.6613,0.1001,0.1274,0.1112,0.6613
Sample_Dataset/Reichel/images_with_faces/792794_421129_image.jpeg,Optimistic,0.5087,0.5087,0.0001,0.064,0.4271
Sample_Dataset/Reichel/images_with_faces/792836_421145_image.jpeg,Neutral,0.9638,0.0338,0.0014,0.0009,0.9638
Sample_Dataset/Reichel/images_with_faces/792838_421147_image.jpeg,Neutral,0.9643,0.0322,0.0028,0.0007,0.9643
Sample_Dataset/Reichel/images_with_faces/792900_421170_image.jpeg,Neutral,0.9846,0.0144,0.0004,0.0006,0.9846
Sample_Dataset/Reichel/images_with_faces/792993_421233_image.jpeg,Pessimistic,0.8899,0.0291,0.8899,0.0205,0.0605
Sample_Dataset/Reichel/images_with_faces/792996_421236_image.jpeg,Optimistic,0.8673,0.8673,0.0325,0.0154,0.0848
Sample_Dataset/Reichel/images_with_faces/793195_421367_image.jpeg,Pessimistic,0.994,0.0026,0.994,0.0003,0.0032
Sample_Dataset/Reichel/images_with_faces/793287_421416_image.jpeg,Pessimistic,0.5886,0.3159,0.5886,0.0006,0.0948
Sample_Dataset/Reichel/images_with_faces/793868_421746_image.jpeg,Hostile,0.4598,0.4331,0.0063,0.4598,0.1008
Sample_Dataset/Reichel/images_with_faces/793921_421781_image.jpeg,Neutral,0.509,0.3928,0.018,0.0802,0.509
Sample_Dataset/Reichel/images_with_faces/793932_421788_image.jpeg,Optimistic,0.9063,0.9063,0.0002,0.0018,0.0918
Sample_Dataset/Reichel/images_with_faces/793935_421791_image.jpeg,Neutral,0.4936,0.1556,0.0493,0.3015,0.4936
Sample_Dataset/Reichel/images_with_faces/793938_421794_image.jpeg,Optimistic,0.9518,0.9518,0.0004,0.022,0.0258
Sample_Dataset/Reichel/images_with_faces/794016_421837_image.jpeg,Neutral,0.775,0.0175,0.0767,0.1308,0.775
Sample_Dataset/Reichel/images_with_faces/794018_421838_image.jpeg,Optimistic,0.4886,0.4886,0.009,0.02,0.4824
Sample_Dataset/Reichel/images_with_faces/794020_421840_image.jpeg,Optimistic,0.9772,0.9772,0.0003,0.0102,0.0124
Sample_Dataset/Reichel/images_with_faces/794088_421891_image.jpeg,Unknown,0.3788,0.3788,0.1384,0.3023,0.1805
Sample_Dataset/Reichel/images_with_faces/794270_422008_image.jpeg,Neutral,0.8453,0.061,0.0137,0.08,0.8453
Sample_Dataset/Reichel/images_with_faces/798867_425250_image.jpeg,Optimistic,0.5241,0.5241,0.0904,0.215,0.1705
Sample_Dataset/Reichel/images_with_faces/798966_425328_image.jpeg,Neutral,0.6917,0.2081,0.0228,0.0774,0.6917
Sample_Dataset/Reichel/images_with_faces/798978_425339_image.jpeg,Hostile,0.9994,0.0004,0.0,0.9994,0.0002
Sample_Dataset/Reichel/images_with_faces/799295_425716_image.jpeg,Optimistic,0.6511,0.6511,0.0079,0.1581,0.1829
Sample_Dataset/Reichel/images_with_faces/799311_425729_image.jpeg,Neutral,0.6705,0.3133,0.004,0.0122,0.6705
Sample_Dataset/Reichel/images_with_faces/799316_425733_image.jpeg,Neutral,0.9943,0.0032,0.0016,0.0009,0.9943
Sample_Dataset/Reichel/images_with_faces/799383_425808_image.jpeg,Neutral,0.9965,0.0009,0.0012,0.0014,0.9965
Sample_Dataset/Reichel/images_with_faces/799405_425833_image.jpeg,Neutral,0.9478,0.0445,0.0013,0.0063,0.9478
Sample_Dataset/Reichel/images_with_faces/799447_425883_image.jpeg,Neutral,0.9346,0.0546,0.0005,0.0103,0.9346
Sample_Dataset/Reichel/images_with_faces/799493_425930_image.jpeg,Neutral,0.7666,0.126,0.0873,0.0201,0.7666
Sample_Dataset/Reichel/images_with_faces/799727_426190_image.jpeg,Optimistic,0.9938,0.9938,0.0001,0.002,0.0042
Sample_Dataset/Reichel/images_with_faces/799756_426215_image.jpeg,Hostile,0.9109,0.007,0.025,0.9109,0.0572
Sample_Dataset/Reichel/images_with_faces/799765_426228_image.jpeg,Optimistic,0.9973,0.9973,0.0001,0.0007,0.0019
Sample_Dataset/Reichel/images_with_faces/799772_426234_image.jpeg,Optimistic,0.5347,0.5347,0.2107,0.1571,0.0975
Sample_Dataset/Reichel/images_with_faces/799821_426293_image.jpeg,Neutral,0.6756,0.2024,0.0129,0.1092,0.6756
Sample_Dataset/Reichel/images_with_faces/799910_426387_image.jpeg,Pessimistic,0.7714,0.0017,0.7714,0.195,0.032
Sample_Dataset/Reichel/images_with_faces/799927_426405_image.jpeg,Neutral,0.8468,0.149,0.0014,0.0028,0.8468
Sample_Dataset/Reichel/images_with_faces/800036_426503_image.jpeg,Hostile,0.8045,0.0067,0.002,0.8045,0.1868
Sample_Dataset/Reichel/images_with_faces/800087_426545_image.jpeg,Optimistic,0.9931,0.9931,0.0004,0.0003,0.0062
Sample_Dataset/Reichel/images_with_faces/800090_426548_image.jpeg,Optimistic,0.9942,0.9942,0.0003,0.0003,0.0052
Sample_Dataset/Reichel/images_with_faces/800154_426599_image.jpeg,Optimistic,0.6232,0.6232,0.003,0.0047,0.3691
Sample_Dataset/Reichel/images_with_faces/800159_426604_image.jpeg,Optimistic,0.6742,0.6742,0.1059,0.1623,0.0576
Sample_Dataset/Reichel/images_with_faces/800212_426659_image.jpeg,Neutral,0.812,0.1835,0.0002,0.0043,0.812
Sample_Dataset/Reichel/images_with_faces/800295_426722_image.jpeg,Optimistic,0.6571,0.6571,0.0002,0.0006,0.3421
Sample_Dataset/Reichel/images_with_faces/800414_426809_image.jpeg,Neutral,0.7225,0.1725,0.0179,0.0871,0.7225
Sample_Dataset/Reichel/images_with_faces/800563_426918_image.jpeg,Optimistic,0.7975,0.7975,0.0011,0.176,0.0255
Sample_Dataset/Reichel/images_with_faces/800852_427128_image.jpeg,Optimistic,0.5633,0.5633,0.0069,0.4218,0.008
Sample_Dataset/Reichel/images_with_faces/800873_427143_image.jpeg,Optimistic,0.9527,0.9527,0.0045,0.0192,0.0237
Sample_Dataset/Reichel/images_with_faces/800955_427191_image.jpeg,Hostile,0.8874,0.029,0.0098,0.8874,0.0738
Sample_Dataset/Reichel/images_with_faces/801473_427466_image.jpeg,Hostile,0.9941,0.0048,0.0001,0.9941,0.001
Sample_Dataset/Reichel/images_with_faces/801486_427471_image.jpeg,Optimistic,0.953,0.953,0.0002,0.0008,0.0461
Sample_Dataset/Reichel/images_with_faces/801499_427475_image.jpeg,Neutral,0.449,0.0379,0.1619,0.3513,0.449
Sample_Dataset/Reichel/images_with_faces/801550_427510_image.jpeg,Hostile,0.8206,0.1775,0.0003,0.8206,0.0016
Sample_Dataset/Reichel/images_with_faces/801555_427514_image.jpeg,Optimistic,0.9362,0.9362,0.0021,0.0053,0.0565
Sample_Dataset/Reichel/images_with_faces/801941_427763_image.jpeg,Neutral,0.9206,0.0626,0.0012,0.0155,0.9206
Sample_Dataset/Reichel/images_with_faces/801949_427764_image.jpeg,Optimistic,0.5905,0.5905,0.0003,0.2975,0.1117
Sample_Dataset/Reichel/images_with_faces/802149_427905_image.jpeg,Optimistic,0.5052,0.5052,0.032,0.1706,0.2922
Sample_Dataset/Reichel/images_with_faces/802170_427925_image.jpeg,Neutral,0.953,0.0349,0.0109,0.0012,0.953
Sample_Dataset/Reichel/images_with_faces/802239_427973_image.jpeg,Optimistic,0.4569,0.4569,0.1733,0.0063,0.3635
Sample_Dataset/Reichel/images_with_faces/851775_433715_image.jpeg,Neutral,0.9694,0.0244,0.003,0.0032,0.9694
Sample_Dataset/Reichel/images_with_faces/851778_433717_image.jpeg,Neutral,0.9752,0.0194,0.0036,0.0018,0.9752
Sample_Dataset/Reichel/images_with_faces/851861_433758_image.jpeg,Optimistic,0.4209,0.4209,0.0085,0.2124,0.3582
Sample_Dataset/Reichel/images_with_faces/851876_433774_image.jpeg,Optimistic,0.9923,0.9923,0.0001,0.0001,0.0075
Sample_Dataset/Reichel/images_with_faces/851904_433808_image.jpeg,Pessimistic,0.9971,0.0007,0.9971,0.0001,0.0021
Sample_Dataset/Reichel/images_with_faces/851906_433811_image.jpeg,Hostile,0.5836,0.0467,0.0424,0.5836,0.3274
Sample_Dataset/Reichel/images_with_faces/851908_433813_image.jpeg,Optimistic,0.6145,0.6145,0.0247,0.0368,0.324
Sample_Dataset/Reichel/images_with_faces/851975_433865_image.jpeg,Neutral,0.6479,0.3386,0.0008,0.0127,0.6479
Sample_Dataset/Reichel/images_with_faces/852120_433986_image.jpeg,Neutral,0.8864,0.0553,0.0137,0.0446,0.8864
Sample_Dataset/Reichel/images_with_faces/852129_433997_image.jpeg,Neutral,0.7475,0.2207,0.0053,0.0265,0.7475
Sample_Dataset/Reichel/images_with_faces/852171_434043_image.jpeg,Hostile,0.6364,0.1814,0.1367,0.6364,0.0455
Sample_Dataset/Reichel/images_with_faces/852203_434077_image.jpeg,Neutral,0.6054,0.3764,0.0002,0.018,0.6054
Sample_Dataset/Reichel/images_with_faces/852206_434080_image.jpeg,Neutral,0.7965,0.1946,0.0003,0.0087,0.7965
Sample_Dataset/Reichel/images_with_faces/852209_434083_image.jpeg,Optimistic,0.586,0.586,0.008,0.0752,0.3307
Sample_Dataset/Reichel/images_with_faces/852216_434091_image.jpeg,Neutral,0.6666,0.162,0.1522,0.0193,0.6666
Sample_Dataset/Reichel/images_with_faces/852217_434092_image.jpeg,Neutral,0.4412,0.2764,0.2447,0.0378,0.4412
Sample_Dataset/Reichel/images_with_faces/852218_434093_image.jpeg,Optimistic,0.8416,0.8416,0.0002,0.0045,0.1537
Sample_Dataset/Reichel/images_with_faces/852384_434223_image.jpeg,Neutral,0.7832,0.1713,0.0014,0.0441,0.7832
Sample_Dataset/Reichel/images_with_faces/852389_434227_image.jpeg,Optimistic,0.8385,0.8385,0.0006,0.0908,0.0701
Sample_Dataset/Reichel/images_with_faces/852417_434257_image.jpeg,Optimistic,0.6287,0.6287,0.0089,0.1767,0.1857
Sample_Dataset/Reichel/images_with_faces/852428_434266_image.jpeg,Neutral,0.6559,0.2426,0.0002,0.1013,0.6559
Sample_Dataset/Reichel/images_with_faces/852449_434291_image.jpeg,Optimistic,0.8953,0.8953,0.0279,0.0167,0.0601
Sample_Dataset/Reichel/images_with_faces/852459_434303_image.jpeg,Optimistic,0.8675,0.8675,0.0,0.0001,0.1324
Sample_Dataset/Reichel/images_with_faces/852473_434307_image.jpeg,Unknown,0.3034,0.1845,0.2415,0.2707,0.3034
Sample_Dataset/Reichel/images_with_faces/852707_434478_image.jpeg,Neutral,0.6906,0.0324,0.032,0.245,0.6906
Sample_Dataset/Reichel/images_with_faces/852794_434552_image.jpeg,Neutral,0.6137,0.3694,0.0017,0.0152,0.6137
Sample_Dataset/Reichel/images_with_faces/852812_434562_image.jpeg,Optimistic,0.5803,0.5803,0.0091,0.0626,0.3479
Sample_Dataset/Reichel/images_with_faces/852839_434568_image.jpeg,Optimistic,0.5109,0.5109,0.0059,0.0362,0.447
Sample_Dataset/Reichel/images_with_faces/852934_434641_image.jpeg,Optimistic,0.9715,0.9715,0.0012,0.0255,0.0018
Sample_Dataset/Reichel/images_with_faces/852951_434648_image.jpeg,Optimistic,0.885,0.885,0.0077,0.0805,0.0267
Sample_Dataset/Reichel/images_with_faces/853241_434876_image.jpeg,Neutral,0.9227,0.0392,0.006,0.0321,0.9227
Sample_Dataset/Reichel/images_with_faces/853242_434877_image.jpeg,Neutral,0.8184,0.1396,0.0001,0.0418,0.8184
Sample_Dataset/Reichel/images_with_faces/853390_434967_image.jpeg,Hostile,0.4626,0.1877,0.1746,0.4626,0.1751
Sample_Dataset/Reichel/images_with_faces/853409_434975_image.jpeg,Optimistic,0.9932,0.9932,0.0001,0.0001,0.0066
Sample_Dataset/Reichel/images_with_faces/853413_434978_image.jpeg,Neutral,0.7023,0.097,0.0623,0.1383,0.7023
Sample_Dataset/Reichel/images_with_faces/853427_434987_image.jpeg,Optimistic,0.9981,0.9981,0.0004,0.0004,0.0011
Sample_Dataset/Reichel/images_with_faces/853704_435091_image.jpeg,Pessimistic,0.4066,0.1866,0.4066,0.2751,0.1317
Sample_Dataset/Reichel/images_with_faces/854013_435275_image.jpeg,Optimistic,0.9994,0.9994,0.0,0.0005,0.0001
Sample_Dataset/Reichel/images_with_faces/854015_435277_image.jpeg,Neutral,0.9109,0.0837,0.0008,0.0046,0.9109
Sample_Dataset/Reichel/images_with_faces/854018_435278_image.jpeg,Pessimistic,0.4868,0.0843,0.4868,0.0064,0.4224
Sample_Dataset/Reichel/images_with_faces/854020_435279_image.jpeg,Pessimistic,0.6858,0.0207,0.6858,0.0886,0.2049
Sample_Dataset/Reichel/images_with_faces/854021_435280_image.jpeg,Pessimistic,0.9896,0.0006,0.9896,0.0052,0.0046
Sample_Dataset/Reichel/images_with_faces/854025_435288_image.jpeg,Hostile,0.4369,0.1071,0.1068,0.4369,0.3492
Sample_Dataset/Reichel/images_with_faces/854036_435297_image.jpeg,Pessimistic,0.6873,0.0275,0.6873,0.2281,0.0571
Sample_Dataset/Reichel/images_with_faces/854037_435299_image.jpeg,Neutral,0.4993,0.0466,0.3224,0.1316,0.4993
Sample_Dataset/Reichel/images_with_faces/860044_439484_image.jpeg,Optimistic,0.8262,0.8262,0.0003,0.0006,0.1729
Sample_Dataset/Reichel/images_with_faces/860051_439491_image.jpeg,Neutral,0.6495,0.3501,0.0001,0.0003,0.6495
Sample_Dataset/Reichel/images_with_faces/860053_439493_image.jpeg,Neutral,0.9187,0.0691,0.0037,0.0085,0.9187
Sample_Dataset/Reichel/images_with_faces/860055_439495_image.jpeg,Optimistic,0.6069,0.6069,0.0166,0.3749,0.0016
Sample_Dataset/Reichel/images_with_faces/860061_439500_image.jpeg,Pessimistic,0.8269,0.1373,0.8269,0.0045,0.0313
Sample_Dataset/Reichel/images_with_faces/860068_439506_image.jpeg,Optimistic,0.7987,0.7987,0.0002,0.004,0.1971
Sample_Dataset/Reichel/images_with_faces/860083_439512_image.jpeg,Optimistic,0.8827,0.8827,0.0002,0.0105,0.1066
Sample_Dataset/Reichel/images_with_faces/860114_439531_image.jpeg,Neutral,0.8555,0.1021,0.0044,0.038,0.8555
Sample_Dataset/Reichel/images_with_faces/860116_439533_image.jpeg,Neutral,0.8412,0.0915,0.004,0.0633,0.8412
Sample_Dataset/Reichel/images_with_faces/860121_439538_image.jpeg,Neutral,0.9525,0.0363,0.0021,0.0091,0.9525
Sample_Dataset/Reichel/images_with_faces/860122_439539_image.jpeg,Neutral,0.9315,0.0602,0.0017,0.0066,0.9315
Sample_Dataset/Reichel/images_with_faces/860129_439546_image.jpeg,Hostile,0.8202,0.1743,0.0002,0.8202,0.0052
Sample_Dataset/Reichel/images_with_faces/860131_439548_image.jpeg,Optimistic,0.7356,0.7356,0.0003,0.0021,0.2619
Sample_Dataset/Reichel/images_with_faces/860221_439621_image.jpeg,Hostile,0.6197,0.0498,0.0014,0.6197,0.3291
Sample_Dataset/Reichel/images_with_faces/860222_439622_image.jpeg,Neutral,0.7845,0.2126,0.0018,0.0011,0.7845
Sample_Dataset/Reichel/images_with_faces/860244_439640_image.jpeg,Unknown,0.3806,0.3144,0.3806,0.2554,0.0495
Sample_Dataset/Reichel/images_with_faces/860250_439646_image.jpeg,Hostile,0.8042,0.1692,0.0001,0.8042,0.0265
Sample_Dataset/Reichel/images_with_faces/860303_439700_image.jpeg,Optimistic,0.9184,0.9184,0.0007,0.0015,0.0793
Sample_Dataset/Reichel/images_with_faces/860374_439756_image.jpeg,Neutral,0.7995,0.1872,0.0024,0.0109,0.7995
Sample_Dataset/Reichel/images_with_faces/860390_439768_image.jpeg,Neutral,0.9741,0.019,0.0019,0.005,0.9741
Sample_Dataset/Reichel/images_with_faces/860398_439775_image.jpeg,Optimistic,0.7329,0.7329,0.0012,0.0121,0.2538
Sample_Dataset/Reichel/images_with_faces/860489_439837_image.jpeg,Neutral,0.8194,0.1543,0.0235,0.0028,0.8194
Sample_Dataset/Reichel/images_with_faces/860772_439994_image.jpeg,Neutral,0.9863,0.0096,0.0008,0.0033,0.9863
Sample_Dataset/Reichel/images_with_faces/860773_439995_image.jpeg,Neutral,0.9831,0.0132,0.0019,0.0017,0.9831
Sample_Dataset/Reichel/images_with_faces/860789_440004_image.jpeg,Neutral,0.8525,0.1221,0.0026,0.0229,0.8525
Sample_Dataset/Reichel/images_with_faces/860857_440024_image.jpeg,Neutral,0.8863,0.1072,0.0033,0.0033,0.8863
Sample_Dataset/Reichel/images_with_faces/860983_440072_image.jpeg,Pessimistic,0.4066,0.1866,0.4066,0.2751,0.1317
Sample_Dataset/Reichel/images_with_faces/861008_440082_image.jpeg,Neutral,0.7038,0.2754,0.0082,0.0126,0.7038
Sample_Dataset/Reichel/images_with_faces/861026_440089_image.jpeg,Optimistic,0.4907,0.4907,0.1689,0.0253,0.3151
Sample_Dataset/Reichel/images_with_faces/861047_440101_image.jpeg,Optimistic,0.7989,0.7989,0.0226,0.0398,0.1387
Sample_Dataset/Reichel/images_with_faces/861497_440357_image.jpeg,Pessimistic,0.9666,0.0041,0.9666,0.0155,0.0138
Sample_Dataset/Reichel/images_with_faces/861886_440588_image.jpeg,Neutral,0.5159,0.1992,0.1107,0.1742,0.5159
Sample_Dataset/Reichel/images_with_faces/862077_440675_image.jpeg,Optimistic,0.9273,0.9273,0.0,0.0723,0.0004
Sample_Dataset/Reichel/images_with_faces/862083_440679_image.jpeg,Optimistic,0.6181,0.6181,0.0069,0.3718,0.0032
Sample_Dataset/Reichel/images_with_faces/862560_440985_image.jpeg,Optimistic,0.6445,0.6445,0.1166,0.0116,0.2273
Sample_Dataset/Reichel/images_with_faces/862623_440995_image.jpeg,Hostile,0.652,0.2255,0.0648,0.652,0.0577
Sample_Dataset/Reichel/images_with_faces/862696_441062_image.jpeg,Neutral,0.4937,0.4925,0.0012,0.0127,0.4937
Sample_Dataset/Reichel/images_with_faces/862699_441064_image.jpeg,Neutral,0.5207,0.4676,0.0026,0.0091,0.5207
Sample_Dataset/Reichel/images_with_faces/862703_441068_image.jpeg,Optimistic,0.688,0.688,0.0021,0.0228,0.2871
Sample_Dataset/Reichel/images_with_faces/862706_441070_image.jpeg,Neutral,0.5055,0.4681,0.007,0.0195,0.5055
Sample_Dataset/Reichel/images_with_faces/862709_441072_image.jpeg,Hostile,0.7066,0.2087,0.0012,0.7066,0.0835
Sample_Dataset/Reichel/images_with_faces/862818_441142_image.jpeg,Neutral,0.7103,0.1246,0.1443,0.0208,0.7103
Sample_Dataset/Reichel/images_with_faces/862823_441144_image.jpeg,Hostile,0.827,0.1627,0.0036,0.827,0.0067
Sample_Dataset/Reichel/images_with_faces/862935_441185_image.jpeg,Unknown,0.3872,0.3872,0.2504,0.0527,0.3097
Sample_Dataset/Reichel/images_with_faces/866483_443460_image.jpeg,Hostile,0.9234,0.0749,0.0001,0.9234,0.0015
Sample_Dataset/Reichel/images_with_faces/873265_447634_image.jpeg,Optimistic,0.6396,0.6396,0.0001,0.0009,0.3594
Sample_Dataset/Reichel/images_with_faces/873296_447663_image.jpeg,Neutral,0.9616,0.0376,0.0002,0.0006,0.9616
Sample_Dataset/Reichel/images_with_faces/873306_447673_image.jpeg,Optimistic,0.6633,0.6633,0.024,0.0433,0.2694
Sample_Dataset/Reichel/images_with_faces/873317_447684_image.jpeg,Optimistic,0.9853,0.9853,0.0063,0.0028,0.0056
Sample_Dataset/Reichel/images_with_faces/873332_447698_image.jpeg,Optimistic,0.6932,0.6932,0.0012,0.0067,0.299
Sample_Dataset/Reichel/images_with_faces/873351_447718_image.jpeg,Hostile,0.5202,0.4744,0.0018,0.5202,0.0036
Sample_Dataset/Reichel/images_with_faces/873390_447762_image.jpeg,Optimistic,0.4299,0.4299,0.0003,0.262,0.3079
Sample_Dataset/Reichel/images_with_faces/873437_447799_image.jpeg,Optimistic,0.9712,0.9712,0.0056,0.0126,0.0106
Sample_Dataset/Reichel/images_with_faces/873452_447815_image.jpeg,Neutral,0.881,0.1157,0.0014,0.0019,0.881
Sample_Dataset/Reichel/images_with_faces/873515_447873_image.jpeg,Hostile,0.4835,0.3601,0.1422,0.4835,0.0142
Sample_Dataset/Reichel/images_with_faces/873593_447935_image.jpeg,Hostile,0.7063,0.0037,0.0469,0.7063,0.2431
Sample_Dataset/Reichel/images_with_faces/873637_447965_image.jpeg,Neutral,0.6428,0.2847,0.0052,0.0672,0.6428
Sample_Dataset/Reichel/images_with_faces/873672_447986_image.jpeg,Neutral,0.8707,0.1289,0.0,0.0004,0.8707
Sample_Dataset/Reichel/images_with_faces/873779_448058_image.jpeg,Optimistic,0.9995,0.9995,0.0,0.0004,0.0
Sample_Dataset/Reichel/images_with_faces/873827_448067_image.jpeg,Neutral,0.8154,0.1781,0.0018,0.0047,0.8154
Sample_Dataset/Reichel/images_with_faces/873897_448103_image.jpeg,Neutral,0.5422,0.201,0.0037,0.2531,0.5422
Sample_Dataset/Reichel/images_with_faces/874154_448206_image.jpeg,Pessimistic,0.4928,0.0636,0.4928,0.3858,0.0578
Sample_Dataset/Reichel/images_with_faces/874392_448346_image.jpeg,Neutral,0.9906,0.009,0.0003,0.0001,0.9906
Sample_Dataset/Reichel/images_with_faces/874451_448388_image.jpeg,Hostile,0.4781,0.2643,0.0002,0.4781,0.2574
Sample_Dataset/Reichel/images_with_faces/875178_448875_image.jpeg,Hostile,0.7076,0.0876,0.026,0.7076,0.1788
Sample_Dataset/Reichel/images_with_faces/875295_448952_image.jpeg,Optimistic,0.9343,0.9343,0.0034,0.0087,0.0536
Sample_Dataset/Reichel/images_with_faces/875312_448956_image.jpeg,Optimistic,0.5579,0.5579,0.2688,0.1384,0.0349
Sample_Dataset/Reichel/images_with_faces/875403_449011_image.jpeg,Neutral,0.5686,0.0974,0.0049,0.3291,0.5686
Sample_Dataset/Reichel/images_with_faces/875481_449072_image.jpeg,Pessimistic,0.4926,0.0742,0.4926,0.3403,0.093
Sample_Dataset/Reichel/images_with_faces/875493_449081_image.jpeg,Neutral,0.8077,0.0192,0.1317,0.0414,0.8077
Sample_Dataset/Reichel/images_with_faces/875575_449148_image.jpeg,Optimistic,0.9364,0.9364,0.0035,0.0048,0.0553
Sample_Dataset/Reichel/images_with_faces/881958_452712_image.jpeg,Optimistic,0.8436,0.8436,0.0012,0.0485,0.1067
Sample_Dataset/Reichel/images_with_faces/882047_452727_image.jpeg,Optimistic,0.9421,0.9421,0.0067,0.0452,0.006
Sample_Dataset/Reichel/images_with_faces/882072_452732_image.jpeg,Neutral,0.7946,0.0439,0.1231,0.0384,0.7946
Sample_Dataset/Reichel/images_with_faces/882195_452776_image.jpeg,Neutral,0.9805,0.0191,0.0001,0.0003,0.9805
Sample_Dataset/Reichel/images_with_faces/882214_452798_image.jpeg,Neutral,0.5641,0.1342,0.0604,0.2412,0.5641
Sample_Dataset/Reichel/images_with_faces/882233_452821_image.jpeg,Neutral,0.5298,0.115,0.2701,0.0851,0.5298
Sample_Dataset/Reichel/images_with_faces/882427_452972_image.jpeg,Optimistic,0.9856,0.9856,0.0001,0.0006,0.0136
Sample_Dataset/Reichel/images_with_faces/882447_452986_image.jpeg,Pessimistic,0.6927,0.0033,0.6927,0.293,0.011
Sample_Dataset/Reichel/images_with_faces/882583_453061_image.jpeg,Hostile,0.8366,0.0898,0.0439,0.8366,0.0297
Sample_Dataset/Reichel/images_with_faces/884056_453757_image.jpeg,Hostile,0.7186,0.0725,0.1282,0.7186,0.0808
Sample_Dataset/Reichel/images_with_faces/884152_453819_image.jpeg,Neutral,0.6965,0.2922,0.0081,0.0032,0.6965
Sample_Dataset/Reichel/images_with_faces/884156_453822_image.jpeg,Hostile,0.5898,0.3402,0.0445,0.5898,0.0254
Sample_Dataset/Reichel/images_with_faces/887677_455503_image.jpeg,Optimistic,0.9372,0.9372,0.0,0.0004,0.0623
Sample_Dataset/Reichel/images_with_faces/887691_455515_image.jpeg,Hostile,0.5323,0.0304,0.0014,0.5323,0.4358
Sample_Dataset/Reichel/images_with_faces/887821_455586_image.jpeg,Neutral,0.9395,0.053,0.0047,0.0029,0.9395
Sample_Dataset/Reichel/images_with_faces/887932_455638_image.jpeg,Optimistic,0.942,0.942,0.0004,0.0271,0.0305
Sample_Dataset/Reichel/images_with_faces/887935_455639_image.jpeg,Optimistic,0.9134,0.9134,0.0076,0.0006,0.0783
Sample_Dataset/Reichel/images_with_faces/887938_455640_image.jpeg,Optimistic,0.9633,0.9633,0.0003,0.0036,0.0328
Sample_Dataset/Reichel/images_with_faces/887947_455646_image.jpeg,Pessimistic,0.6015,0.3557,0.6015,0.031,0.0118
Sample_Dataset/Reichel/images_with_faces/888050_455700_image.jpeg,Neutral,0.7658,0.1489,0.0273,0.0581,0.7658
Sample_Dataset/Reichel/images_with_faces/888051_455701_image.jpeg,Neutral,0.7658,0.1489,0.0273,0.0581,0.7658
Sample_Dataset/Reichel/images_with_faces/888171_455754_image.jpeg,Optimistic,0.4133,0.4133,0.2798,0.3015,0.0054
Sample_Dataset/Reichel/images_with_faces/888189_455760_image.jpeg,Neutral,0.6449,0.0125,0.2006,0.142,0.6449
Sample_Dataset/Reichel/images_with_faces/888191_455762_image.jpeg,Unknown,0.347,0.347,0.253,0.3352,0.0648
Sample_Dataset/Reichel/images_with_faces/891013_457466_image.jpeg,Optimistic,0.9871,0.9871,0.0006,0.0096,0.0027
Sample_Dataset/Reichel/images_with_faces/891014_457467_image.jpeg,Optimistic,0.5271,0.5271,0.0004,0.0192,0.4533
Sample_Dataset/Reichel/images_with_faces/891099_457519_image.jpeg,Optimistic,0.5109,0.5109,0.3501,0.1073,0.0317
Sample_Dataset/Reichel/images_with_faces/893265_459126_image.jpeg,Optimistic,0.5411,0.5411,0.0004,0.0004,0.4581
Sample_Dataset/Reichel/images_with_faces/893299_459140_image.jpeg,Neutral,0.8704,0.0092,0.0275,0.0929,0.8704
Sample_Dataset/Reichel/images_with_faces/893317_459160_image.jpeg,Optimistic,0.9889,0.9889,0.0001,0.0015,0.0094
Sample_Dataset/Reichel/images_with_faces/893321_459164_image.jpeg,Hostile,0.4262,0.2749,0.0197,0.4262,0.2791
Sample_Dataset/Reichel/images_with_faces/893407_459236_image.jpeg,Unknown,0.3056,0.2971,0.2098,0.3056,0.1875
Sample_Dataset/Reichel/images_with_faces/893683_459387_image.jpeg,Optimistic,0.9916,0.9916,0.0,0.0001,0.0083
Sample_Dataset/Reichel/images_with_faces/893698_459396_image.jpeg,Optimistic,0.9989,0.9989,0.0003,0.0008,0.0
Sample_Dataset/Reichel/images_with_faces/893709_459405_image.jpeg,Hostile,0.6579,0.1251,0.0885,0.6579,0.1284
Sample_Dataset/Reichel/images_with_faces/894152_459528_image.jpeg,Optimistic,0.7509,0.7509,0.0016,0.1537,0.0938
Sample_Dataset/Reichel/images_with_faces/894224_459559_image.jpeg,Hostile,0.496,0.2209,0.002,0.496,0.2811
Sample_Dataset/Reichel/images_with_faces/896916_460938_image.jpeg,Optimistic,0.6724,0.6724,0.1164,0.0086,0.2025
Sample_Dataset/Reichel/images_with_faces/897011_461023_image.jpeg,Optimistic,0.9373,0.9373,0.0005,0.0549,0.0073
Sample_Dataset/Reichel/images_with_faces/897139_461129_image.jpeg,Neutral,0.9565,0.0421,0.0001,0.0013,0.9565
Sample_Dataset/Reichel/images_with_faces/897147_461136_image.jpeg,Optimistic,0.9496,0.9496,0.0075,0.016,0.0269
Sample_Dataset/Reichel/images_with_faces/897156_461144_image.jpeg,Neutral,0.7933,0.2035,0.0,0.0032,0.7933
Sample_Dataset/Reichel/images_with_faces/897170_461158_image.jpeg,Optimistic,0.5987,0.5987,0.0071,0.0071,0.3872
Sample_Dataset/Reichel/images_with_faces/897195_461183_image.jpeg,Neutral,0.8214,0.152,0.0092,0.0174,0.8214
Sample_Dataset/Reichel/images_with_faces/897200_461188_image.jpeg,Neutral,0.8287,0.1634,0.0029,0.0051,0.8287
Sample_Dataset/Reichel/images_with_faces/897204_461192_image.jpeg,Neutral,0.9608,0.0307,0.0032,0.0053,0.9608
Sample_Dataset/Reichel/images_with_faces/897214_461202_image.jpeg,Optimistic,0.8852,0.8852,0.0007,0.0796,0.0345
Sample_Dataset/Reichel/images_with_faces/897230_461214_image.jpeg,Optimistic,0.992,0.992,0.0004,0.0015,0.0061
Sample_Dataset/Reichel/images_with_faces/897234_461217_image.jpeg,Optimistic,0.5079,0.5079,0.0483,0.0487,0.3952
Sample_Dataset/Reichel/images_with_faces/897266_461232_image.jpeg,Optimistic,0.4712,0.4712,0.0002,0.0732,0.4554
Sample_Dataset/Reichel/images_with_faces/897267_461233_image.jpeg,Optimistic,0.8037,0.8037,0.0001,0.0267,0.1696
Sample_Dataset/Reichel/images_with_faces/897275_461235_image.jpeg,Neutral,0.9859,0.0092,0.0027,0.0023,0.9859
Sample_Dataset/Reichel/images_with_faces/897352_461271_image.jpeg,Hostile,0.8284,0.083,0.0177,0.8284,0.0708
Sample_Dataset/Reichel/images_with_faces/897538_461392_image.jpeg,Optimistic,0.7385,0.7385,0.0011,0.2129,0.0476
Sample_Dataset/Reichel/images_with_faces/897707_461539_image.jpeg,Pessimistic,0.4342,0.1058,0.4342,0.0862,0.3739
Sample_Dataset/Reichel/images_with_faces/897715_461541_image.jpeg,Pessimistic,0.7482,0.0307,0.7482,0.0057,0.2154
Sample_Dataset/Reichel/images_with_faces/897791_461593_image.jpeg,Neutral,0.9581,0.0166,0.0021,0.0231,0.9581
Sample_Dataset/Reichel/images_with_faces/897824_461609_image.jpeg,Optimistic,0.9901,0.9901,0.0011,0.0081,0.0007
Sample_Dataset/Reichel/images_with_faces/899648_463313_image.jpeg,Hostile,0.5651,0.1196,0.0467,0.5651,0.2686
Sample_Dataset/Reichel/images_with_faces/902963_465505_image.jpeg,Neutral,0.9799,0.0196,0.0,0.0006,0.9799
Sample_Dataset/Reichel/images_with_faces/902977_465516_image.jpeg,Pessimistic,0.9186,0.0483,0.9186,0.0145,0.0187
Sample_Dataset/Reichel/images_with_faces/903011_465551_image.jpeg,Unknown,0.3293,0.1316,0.2444,0.2947,0.3293
Sample_Dataset/Reichel/images_with_faces/903057_465595_image.jpeg,Neutral,0.8585,0.0544,0.0349,0.0522,0.8585
Sample_Dataset/Reichel/images_with_faces/903108_465634_image.jpeg,Optimistic,0.5893,0.5893,0.0009,0.3899,0.0199
Sample_Dataset/Reichel/images_with_faces/903131_465659_image.jpeg,Optimistic,0.7655,0.7655,0.0,0.0001,0.2344
Sample_Dataset/Reichel/images_with_faces/903166_465669_image.jpeg,Hostile,0.5711,0.2071,0.0115,0.5711,0.2103
Sample_Dataset/Reichel/images_with_faces/903173_465676_image.jpeg,Neutral,0.962,0.0097,0.0048,0.0235,0.962
Sample_Dataset/Reichel/images_with_faces/903177_465680_image.jpeg,Neutral,0.9947,0.0053,0.0,0.0001,0.9947
Sample_Dataset/Reichel/images_with_faces/903192_465691_image.jpeg,Optimistic,0.9561,0.9561,0.0177,0.0037,0.0225
Sample_Dataset/Reichel/images_with_faces/903483_465834_image.jpeg,Neutral,0.6702,0.0844,0.2453,0.0001,0.6702
Sample_Dataset/Reichel/images_with_faces/903593_465890_image.jpeg,Optimistic,0.7869,0.7869,0.0063,0.0114,0.1954
Sample_Dataset/Reichel/images_with_faces/903607_465897_image.jpeg,Optimistic,0.9799,0.9799,0.0004,0.0014,0.0183
Sample_Dataset/Reichel/images_with_faces/904031_466014_image.jpeg,Neutral,0.5955,0.3842,0.004,0.0164,0.5955
Sample_Dataset/Reichel/images_with_faces/904058_466016_image.jpeg,Hostile,0.6654,0.1304,0.1697,0.6654,0.0345
Sample_Dataset/Reichel/images_with_faces/904073_466025_image.jpeg,Optimistic,0.75,0.75,0.0017,0.0006,0.2477
Sample_Dataset/Reichel/images_with_faces/904078_466030_image.jpeg,Optimistic,0.7494,0.7494,0.0004,0.067,0.1831
Sample_Dataset/Reichel/images_with_faces/904081_466032_image.jpeg,Optimistic,0.8707,0.8707,0.0067,0.0834,0.0392
Sample_Dataset/Reichel/images_with_faces/904459_466450_image.jpeg,Optimistic,0.9042,0.9042,0.0037,0.0059,0.0862
Sample_Dataset/Reichel/images_with_faces/905894_467652_image.jpeg,Optimistic,0.5404,0.5404,0.0025,0.0018,0.4553
Sample_Dataset/Reichel/images_with_faces/905896_467654_image.jpeg,Optimistic,0.6862,0.6862,0.0177,0.0264,0.2697
Sample_Dataset/Reichel/images_with_faces/905900_467659_image.jpeg,Neutral,0.8099,0.0171,0.0099,0.1631,0.8099
Sample_Dataset/Reichel/images_with_faces/905943_467708_image.jpeg,Optimistic,0.8539,0.8539,0.0156,0.0526,0.0779
Sample_Dataset/Reichel/images_with_faces/905947_467712_image.jpeg,Optimistic,0.4438,0.4438,0.0016,0.156,0.3987
Sample_Dataset/Reichel/images_with_faces/905954_467721_image.jpeg,Optimistic,0.8918,0.8918,0.0009,0.0003,0.1069
Sample_Dataset/Reichel/images_with_faces/906007_467771_image.jpeg,Hostile,0.9354,0.049,0.0,0.9354,0.0156
Sample_Dataset/Reichel/images_with_faces/906029_467794_image.jpeg,Neutral,0.6599,0.3289,0.0034,0.0078,0.6599
Sample_Dataset/Reichel/images_with_faces/906079_467834_image.jpeg,Neutral,0.5673,0.2999,0.0098,0.1231,0.5673
Sample_Dataset/Reichel/images_with_faces/906104_467858_image.jpeg,Neutral,0.8141,0.1475,0.0192,0.0191,0.8141
Sample_Dataset/Reichel/images_with_faces/906115_467869_image.jpeg,Optimistic,0.6215,0.6215,0.0172,0.005,0.3563
Sample_Dataset/Reichel/images_with_faces/906146_467894_image.jpeg,Pessimistic,0.6902,0.0231,0.6902,0.2667,0.0201
Sample_Dataset/Reichel/images_with_faces/906201_467939_image.jpeg,Hostile,0.9785,0.0194,0.0001,0.9785,0.0019
Sample_Dataset/Reichel/images_with_faces/907061_468564_image.jpeg,Hostile,0.8562,0.106,0.0075,0.8562,0.0303
Sample_Dataset/Reichel/images_with_faces/907103_468609_image.jpeg,Optimistic,0.9019,0.9019,0.0239,0.004,0.0702
Sample_Dataset/Reichel/images_with_faces/907110_468610_image.jpeg,Neutral,0.7073,0.1661,0.1049,0.0216,0.7073
Sample_Dataset/Reichel/images_with_faces/907115_468611_image.jpeg,Pessimistic,0.6166,0.0779,0.6166,0.2243,0.0811
Sample_Dataset/Reichel/images_with_faces/907121_468612_image.jpeg,Optimistic,0.9163,0.9163,0.0215,0.0446,0.0177
Sample_Dataset/Reichel/images_with_faces/907122_468613_image.jpeg,Neutral,0.862,0.1373,0.0001,0.0007,0.862
Sample_Dataset/Reichel/images_with_faces/907216_468675_image.jpeg,Neutral,0.8774,0.0334,0.0864,0.0028,0.8774
Sample_Dataset/Reichel/images_with_faces/907255_468709_image.jpeg,Pessimistic,0.7254,0.0786,0.7254,0.0037,0.1923
Sample_Dataset/Reichel/images_with_faces/907260_468716_image.jpeg,Pessimistic,0.8008,0.1153,0.8008,0.0189,0.065
Sample_Dataset/Reichel/images_with_faces/909051_470403_image.jpeg,Hostile,0.9769,0.0089,0.0003,0.9769,0.0138
Sample_Dataset/Reichel/images_with_faces/909054_470406_image.jpeg,Optimistic,0.8139,0.8139,0.0001,0.0004,0.1856
Sample_Dataset/Reichel/images_with_faces/909077_470433_image.jpeg,Hostile,0.5445,0.4467,0.0048,0.5445,0.004
Sample_Dataset/Reichel/images_with_faces/909115_470479_image.jpeg,Optimistic,0.9388,0.9388,0.0,0.0001,0.0611
Sample_Dataset/Reichel/images_with_faces/909120_470485_image.jpeg,Optimistic,0.9913,0.9913,0.0006,0.0004,0.0076
Sample_Dataset/Reichel/images_with_faces/909131_470496_image.jpeg,Neutral,0.8773,0.07,0.0195,0.0332,0.8773
Sample_Dataset/Reichel/images_with_faces/909134_470499_image.jpeg,Hostile,0.8286,0.0703,0.0061,0.8286,0.0951
Sample_Dataset/Reichel/images_with_faces/909140_470506_image.jpeg,Neutral,0.6126,0.3757,0.0001,0.0116,0.6126
Sample_Dataset/Reichel/images_with_faces/909192_470559_image.jpeg,Neutral,0.9313,0.0624,0.0005,0.0058,0.9313
Sample_Dataset/Reichel/images_with_faces/909204_470573_image.jpeg,Optimistic,0.9927,0.9927,0.0001,0.0012,0.006
Sample_Dataset/Reichel/images_with_faces/909205_470574_image.jpeg,Optimistic,0.5925,0.5925,0.0073,0.0197,0.3805
Sample_Dataset/Reichel/images_with_faces/909250_470624_image.jpeg,Neutral,0.7948,0.2037,0.0,0.0015,0.7948
Sample_Dataset/Reichel/images_with_faces/909256_470631_image.jpeg,Neutral,0.9481,0.0289,0.0002,0.0228,0.9481
Sample_Dataset/Reichel/images_with_faces/909264_470639_image.jpeg,Neutral,0.7877,0.2069,0.0006,0.0048,0.7877
Sample_Dataset/Reichel/images_with_faces/909304_470679_image.jpeg,Optimistic,0.7093,0.7093,0.0002,0.132,0.1584
Sample_Dataset/Reichel/images_with_faces/909334_470703_image.jpeg,Optimistic,0.9679,0.9679,0.0012,0.0089,0.0221
Sample_Dataset/Reichel/images_with_faces/909336_470704_image.jpeg,Optimistic,0.9566,0.9566,0.0001,0.0344,0.009
Sample_Dataset/Reichel/images_with_faces/909341_470707_image.jpeg,Neutral,0.7389,0.2559,0.0008,0.0044,0.7389
Sample_Dataset/Reichel/images_with_faces/909345_470712_image.jpeg,Neutral,0.7403,0.1848,0.0042,0.0707,0.7403
Sample_Dataset/Reichel/images_with_faces/909364_470727_image.jpeg,Optimistic,0.5674,0.5674,0.0009,0.3839,0.0477
Sample_Dataset/Reichel/images_with_faces/909386_470739_image.jpeg,Optimistic,0.6128,0.6128,0.0075,0.0117,0.368
Sample_Dataset/Reichel/images_with_faces/909397_470744_image.jpeg,Optimistic,0.8088,0.8088,0.002,0.0388,0.1504
Sample_Dataset/Reichel/images_with_faces/909420_470764_image.jpeg,Neutral,0.6449,0.2358,0.0033,0.116,0.6449
Sample_Dataset/Reichel/images_with_faces/909422_470766_image.jpeg,Neutral,0.9853,0.0129,0.0,0.0018,0.9853
Sample_Dataset/Reichel/images_with_faces/909473_470796_image.jpeg,Neutral,0.9467,0.0509,0.0001,0.0024,0.9467
Sample_Dataset/Reichel/images_with_faces/909491_470805_image.jpeg,Hostile,0.4782,0.1155,0.2687,0.4782,0.1376
Sample_Dataset/Reichel/images_with_faces/909507_470821_image.jpeg,Optimistic,0.7162,0.7162,0.0002,0.0005,0.2832
Sample_Dataset/Reichel/images_with_faces/909644_470886_image.jpeg,Optimistic,0.9959,0.9959,0.0007,0.0009,0.0025
Sample_Dataset/Reichel/images_with_faces/909648_470888_image.jpeg,Unknown,0.3986,0.3986,0.0117,0.2638,0.3259
Sample_Dataset/Reichel/images_with_faces/909716_470928_image.jpeg,Hostile,0.4095,0.3877,0.0018,0.4095,0.201
Sample_Dataset/Reichel/images_with_faces/909744_470942_image.jpeg,Hostile,0.8151,0.1629,0.0008,0.8151,0.0211
Sample_Dataset/Reichel/images_with_faces/910092_471156_image.jpeg,Neutral,0.6625,0.0297,0.3014,0.0064,0.6625
Sample_Dataset/Reichel/images_with_faces/910249_471264_image.jpeg,Neutral,0.6466,0.0414,0.2834,0.0286,0.6466
Sample_Dataset/Reichel/images_with_faces/910279_471266_image.jpeg,Unknown,0.3049,0.2468,0.2507,0.1975,0.3049
Sample_Dataset/Reichel/images_with_faces/910281_471267_image.jpeg,Pessimistic,0.4597,0.1457,0.4597,0.0725,0.3221
Sample_Dataset/Reichel/images_with_faces/910292_471283_image.jpeg,Neutral,0.9651,0.0316,0.0008,0.0024,0.9651
Sample_Dataset/Reichel/images_with_faces/910294_471285_image.jpeg,Pessimistic,0.4462,0.1542,0.4462,0.0704,0.3293
Sample_Dataset/Reichel/images_with_faces/910295_471287_image.jpeg,Unknown,0.3861,0.1442,0.381,0.0886,0.3861
Sample_Dataset/Reichel/images_with_faces/910371_471333_image.jpeg,Neutral,0.5638,0.01,0.0573,0.369,0.5638
Sample_Dataset/Reichel/images_with_faces/910374_471336_image.jpeg,Optimistic,0.9867,0.9867,0.0013,0.001,0.0111
Sample_Dataset/Reichel/images_with_faces/910397_471362_image.jpeg,Hostile,0.5385,0.0347,0.0166,0.5385,0.4102
Sample_Dataset/Reichel/images_with_faces/911628_472358_image.jpeg,Unknown,0.3831,0.1108,0.3552,0.1509,0.3831
Sample_Dataset/Reichel/images_with_faces/914028_474188_image.jpeg,Neutral,0.9003,0.0953,0.0005,0.0038,0.9003
Sample_Dataset/Reichel/images_with_faces/914064_474219_image.jpeg,Optimistic,0.9894,0.9894,0.0005,0.0097,0.0004
Sample_Dataset/Reichel/images_with_faces/914069_474226_image.jpeg,Neutral,0.9679,0.0067,0.0055,0.0199,0.9679
Sample_Dataset/Reichel/images_with_faces/914071_474228_image.jpeg,Optimistic,0.6268,0.6268,0.0001,0.0006,0.3725
Sample_Dataset/Reichel/images_with_faces/914072_474229_image.jpeg,Optimistic,0.5856,0.5856,0.0001,0.0005,0.4138
Sample_Dataset/Reichel/images_with_faces/914089_474241_image.jpeg,Hostile,0.981,0.0023,0.0001,0.981,0.0166
Sample_Dataset/Reichel/images_with_faces/914107_474252_image.jpeg,Optimistic,0.9445,0.9445,0.0061,0.01,0.0394
Sample_Dataset/Reichel/images_with_faces/914142_474288_image.jpeg,Neutral,0.7017,0.2842,0.003,0.011,0.7017
Sample_Dataset/Reichel/images_with_faces/914144_474290_image.jpeg,Optimistic,0.6956,0.6956,0.0015,0.0051,0.2978
Sample_Dataset/Reichel/images_with_faces/914149_474295_image.jpeg,Optimistic,0.7361,0.7361,0.0006,0.0091,0.2542
Sample_Dataset/Reichel/images_with_faces/914163_474308_image.jpeg,Optimistic,0.9546,0.9546,0.0021,0.0003,0.043
Sample_Dataset/Reichel/images_with_faces/914199_474331_image.jpeg,Hostile,0.9267,0.0008,0.0,0.9267,0.0725
Sample_Dataset/Reichel/images_with_faces/914304_474423_image.jpeg,Optimistic,0.5725,0.5725,0.0251,0.0047,0.3978
Sample_Dataset/Reichel/images_with_faces/914369_474472_image.jpeg,Optimistic,0.7131,0.7131,0.0666,0.0171,0.2032
Sample_Dataset/Reichel/images_with_faces/914408_474509_image.jpeg,Neutral,0.7501,0.2495,0.0,0.0003,0.7501
Sample_Dataset/Reichel/images_with_faces/914475_474556_image.jpeg,Hostile,0.6379,0.0255,0.3308,0.6379,0.0058
Sample_Dataset/Reichel/images_with_faces/914488_474569_image.jpeg,Neutral,0.8523,0.1223,0.0042,0.0212,0.8523
Sample_Dataset/Reichel/images_with_faces/914548_474616_image.jpeg,Unknown,0.3496,0.2806,0.3286,0.0412,0.3496
Sample_Dataset/Reichel/images_with_faces/914577_474630_image.jpeg,Neutral,0.7072,0.2891,0.0006,0.0031,0.7072
Sample_Dataset/Reichel/images_with_faces/914831_474768_image.jpeg,Neutral,0.6181,0.3816,0.0001,0.0003,0.6181
Sample_Dataset/Reichel/images_with_faces/914932_474813_image.jpeg,Pessimistic,0.5012,0.1531,0.5012,0.1061,0.2396
Sample_Dataset/Reichel/images_with_faces/915191_474977_image.jpeg,Optimistic,0.89,0.89,0.0019,0.0111,0.097
Sample_Dataset/Reichel/images_with_faces/915338_475057_image.jpeg,Optimistic,0.7514,0.7514,0.0282,0.2078,0.0126
Sample_Dataset/Reichel/images_with_faces/915600_475192_image.jpeg,Neutral,0.9783,0.0155,0.0001,0.0061,0.9783
Sample_Dataset/Reichel/images_with_faces/915610_475195_image.jpeg,Neutral,0.4406,0.1331,0.0169,0.4094,0.4406
Sample_Dataset/Reichel/images_with_faces/915895_475327_image.jpeg,Optimistic,0.9865,0.9865,0.0,0.0006,0.0129
Sample_Dataset/Reichel/images_with_faces/915897_475328_image.jpeg,Optimistic,0.9597,0.9597,0.0001,0.0002,0.0401
Sample_Dataset/Reichel/images_with_faces/915906_475330_image.jpeg,Unknown,0.3763,0.3763,0.0048,0.3291,0.2898
Sample_Dataset/Reichel/images_with_faces/915924_475334_image.jpeg,Neutral,0.6976,0.136,0.0861,0.0803,0.6976
Sample_Dataset/Reichel/images_with_faces/915941_475336_image.jpeg,Hostile,0.5181,0.4077,0.0077,0.5181,0.0665
Sample_Dataset/Reichel/images_with_faces/915942_475337_image.jpeg,Hostile,0.5758,0.3504,0.0061,0.5758,0.0677
Sample_Dataset/Reichel/images_with_faces/923037_477384_image.jpeg,Optimistic,0.9987,0.9987,0.0001,0.0003,0.0009
Sample_Dataset/Reichel/images_with_faces/923116_477451_image.jpeg,Neutral,0.9718,0.0281,0.0,0.0001,0.9718
Sample_Dataset/Reichel/images_with_faces/924431_478479_image.jpeg,Optimistic,0.6995,0.6995,0.0008,0.0025,0.2972
Sample_Dataset/Reichel/images_with_faces/924435_478483_image.jpeg,Neutral,0.9693,0.0301,0.0001,0.0004,0.9693
Sample_Dataset/Reichel/images_with_faces/924441_478489_image.jpeg,Neutral,0.7783,0.2181,0.0025,0.0011,0.7783
Sample_Dataset/Reichel/images_with_faces/924451_478500_image.jpeg,Optimistic,0.9985,0.9985,0.0003,0.0005,0.0007
Sample_Dataset/Reichel/images_with_faces/924482_478527_image.jpeg,Neutral,0.9908,0.0078,0.0007,0.0008,0.9908
Sample_Dataset/Reichel/images_with_faces/924501_478539_image.jpeg,Neutral,0.8143,0.0389,0.0838,0.063,0.8143
Sample_Dataset/Reichel/images_with_faces/924550_478580_image.jpeg,Neutral,0.8995,0.0868,0.0002,0.0135,0.8995
Sample_Dataset/Reichel/images_with_faces/924602_478621_image.jpeg,Hostile,0.9691,0.0034,0.0001,0.9691,0.0275
Sample_Dataset/Reichel/images_with_faces/924648_478666_image.jpeg,Neutral,0.8487,0.1271,0.0043,0.02,0.8487
Sample_Dataset/Reichel/images_with_faces/924654_478672_image.jpeg,Neutral,0.8471,0.1272,0.0196,0.0062,0.8471
Sample_Dataset/Reichel/images_with_faces/924712_478719_image.jpeg,Neutral,0.991,0.0067,0.0007,0.0016,0.991
Sample_Dataset/Reichel/images_with_faces/924764_478767_image.jpeg,Hostile,0.9917,0.0049,0.0015,0.9917,0.0019
Sample_Dataset/Reichel/images_with_faces/924779_478784_image.jpeg,Pessimistic,0.9761,0.0045,0.9761,0.0069,0.0124
Sample_Dataset/Reichel/images_with_faces/924792_478792_image.jpeg,Neutral,0.7217,0.2671,0.0068,0.0044,0.7217
Sample_Dataset/Reichel/images_with_faces/924812_478813_image.jpeg,Optimistic,0.5979,0.5979,0.0001,0.0004,0.4016
Sample_Dataset/Reichel/images_with_faces/924818_478819_image.jpeg,Neutral,0.8063,0.0615,0.0185,0.1137,0.8063
Sample_Dataset/Reichel/images_with_faces/924831_478833_image.jpeg,Optimistic,0.698,0.698,0.0009,0.0007,0.3004
Sample_Dataset/Reichel/images_with_faces/924853_478853_image.jpeg,Neutral,0.7362,0.2294,0.0047,0.0298,0.7362
Sample_Dataset/Reichel/images_with_faces/924883_478886_image.jpeg,Pessimistic,0.951,0.0119,0.951,0.0304,0.0067
Sample_Dataset/Reichel/images_with_faces/924888_478890_image.jpeg,Pessimistic,0.951,0.0119,0.951,0.0304,0.0067
Sample_Dataset/Reichel/images_with_faces/924917_478912_image.jpeg,Neutral,0.8079,0.1816,0.0015,0.009,0.8079
Sample_Dataset/Reichel/images_with_faces/925015_479004_image.jpeg,Optimistic,0.7929,0.7929,0.0007,0.0044,0.2021
Sample_Dataset/Reichel/images_with_faces/925059_479042_image.jpeg,Optimistic,0.405,0.405,0.0675,0.1942,0.3333
Sample_Dataset/Reichel/images_with_faces/925081_479051_image.jpeg,Optimistic,0.7756,0.7756,0.0049,0.0019,0.2176
Sample_Dataset/Reichel/images_with_faces/925083_479053_image.jpeg,Neutral,0.5979,0.3933,0.0032,0.0057,0.5979
Sample_Dataset/Reichel/images_with_faces/925258_479198_image.jpeg,Neutral,0.7432,0.0539,0.079,0.1238,0.7432
Sample_Dataset/Reichel/images_with_faces/925359_479269_image.jpeg,Neutral,0.9724,0.018,0.0032,0.0064,0.9724
Sample_Dataset/Reichel/images_with_faces/925361_479271_image.jpeg,Neutral,0.9724,0.018,0.0032,0.0064,0.9724
Sample_Dataset/Reichel/images_with_faces/925380_479282_image.jpeg,Neutral,0.9927,0.0052,0.0009,0.0012,0.9927
Sample_Dataset/Reichel/images_with_faces/925382_479284_image.jpeg,Neutral,0.9944,0.0035,0.0009,0.0011,0.9944
Sample_Dataset/Reichel/images_with_faces/925617_479435_image.jpeg,Pessimistic,0.9481,0.0274,0.9481,0.0065,0.0179
Sample_Dataset/Reichel/images_with_faces/925632_479442_image.jpeg,Hostile,0.9575,0.0281,0.0019,0.9575,0.0126
Sample_Dataset/Reichel/images_with_faces/925636_479444_image.jpeg,Optimistic,0.8953,0.8953,0.0279,0.0167,0.0601
Sample_Dataset/Reichel/images_with_faces/925648_479456_image.jpeg,Neutral,0.7346,0.131,0.0881,0.0464,0.7346
Sample_Dataset/Reichel/images_with_faces/925675_479472_image.jpeg,Optimistic,0.819,0.819,0.0045,0.166,0.0104
Sample_Dataset/Reichel/images_with_faces/926021_479686_image.jpeg,Neutral,0.5754,0.0015,0.3417,0.0814,0.5754
Sample_Dataset/Reichel/images_with_faces/926104_479720_image.jpeg,Optimistic,0.6254,0.6254,0.0,0.3196,0.055
Sample_Dataset/Reichel/images_with_faces/926114_479726_image.jpeg,Neutral,0.404,0.1749,0.025,0.3961,0.404
Sample_Dataset/Reichel/images_with_faces/926159_479760_image.jpeg,Pessimistic,0.9725,0.0078,0.9725,0.0067,0.013
Sample_Dataset/Reichel/images_with_faces/926178_479775_image.jpeg,Hostile,0.6211,0.0305,0.011,0.6211,0.3375
Sample_Dataset/Reichel/images_with_faces/926182_479777_image.jpeg,Optimistic,0.9435,0.9435,0.0006,0.0003,0.0556
Sample_Dataset/Reichel/images_with_faces/926980_480277_image.jpeg,Pessimistic,0.798,0.0517,0.798,0.006,0.1443
Sample_Dataset/Reichel/images_with_faces/927111_480335_image.jpeg,Neutral,0.5673,0.1995,0.0559,0.1773,0.5673
Sample_Dataset/Reichel/images_with_faces/927114_480338_image.jpeg,Optimistic,0.8708,0.8708,0.0006,0.1221,0.0065
Sample_Dataset/Reichel/images_with_faces/927276_480458_image.jpeg,Neutral,0.6267,0.1879,0.0657,0.1198,0.6267
Sample_Dataset/Reichel/images_with_faces/932272_484493_image.jpeg,Hostile,0.567,0.389,0.0294,0.567,0.0146
Sample_Dataset/Reichel/images_with_faces/932814_484939_image.jpeg,Neutral,0.6471,0.1684,0.0492,0.1353,0.6471
Sample_Dataset/Reichel/images_with_faces/932817_484942_image.jpeg,Optimistic,0.6041,0.6041,0.1657,0.1411,0.0891
Sample_Dataset/Reichel/images_with_faces/932822_484948_image.jpeg,Optimistic,0.9998,0.9998,0.0,0.0001,0.0
Sample_Dataset/Reichel/images_with_faces/932829_484955_image.jpeg,Optimistic,0.772,0.772,0.0174,0.0018,0.2088
Sample_Dataset/Reichel/images_with_faces/932849_484977_image.jpeg,Optimistic,0.9958,0.9958,0.0002,0.0014,0.0027
Sample_Dataset/Reichel/images_with_faces/932860_484989_image.jpeg,Optimistic,0.7119,0.7119,0.0189,0.021,0.2482
Sample_Dataset/Reichel/images_with_faces/932866_484996_image.jpeg,Optimistic,0.9554,0.9554,0.031,0.0004,0.0132
Sample_Dataset/Reichel/images_with_faces/932881_485011_image.jpeg,Optimistic,0.9963,0.9963,0.0001,0.0011,0.0025
Sample_Dataset/Reichel/images_with_faces/932882_485012_image.jpeg,Hostile,0.9742,0.0163,0.0029,0.9742,0.0066
Sample_Dataset/Reichel/images_with_faces/932909_485041_image.jpeg,Hostile,0.7925,0.0213,0.0627,0.7925,0.1235
Sample_Dataset/Reichel/images_with_faces/932970_485065_image.jpeg,Pessimistic,0.9975,0.0009,0.9975,0.0008,0.0008
Sample_Dataset/Reichel/images_with_faces/933002_485099_image.jpeg,Neutral,0.6456,0.0928,0.0207,0.2409,0.6456
Sample_Dataset/Reichel/images_with_faces/933012_485101_image.jpeg,Neutral,0.8719,0.1211,0.0005,0.0065,0.8719
Sample_Dataset/Reichel/images_with_faces/933069_485123_image.jpeg,Optimistic,0.7037,0.7037,0.0003,0.0004,0.2956
Sample_Dataset/Reichel/images_with_faces/933078_485132_image.jpeg,Neutral,0.8049,0.1913,0.0007,0.0031,0.8049
Sample_Dataset/Reichel/images_with_faces/933155_485148_image.jpeg,Neutral,0.7837,0.0469,0.0109,0.1585,0.7837
Sample_Dataset/Reichel/images_with_faces/933197_485158_image.jpeg,Neutral,0.8708,0.0937,0.013,0.0224,0.8708
Sample_Dataset/Reichel/images_with_faces/933349_485291_image.jpeg,Optimistic,0.5735,0.5735,0.0177,0.0069,0.4018
Sample_Dataset/Reichel/images_with_faces/933428_485355_image.jpeg,Optimistic,0.9693,0.9693,0.0067,0.0011,0.0229
Sample_Dataset/Reichel/images_with_faces/933437_485363_image.jpeg,Hostile,0.9933,0.0047,0.0009,0.9933,0.0012
Sample_Dataset/Reichel/images_with_faces/933447_485372_image.jpeg,Neutral,0.7894,0.0901,0.0692,0.0513,0.7894
Sample_Dataset/Reichel/images_with_faces/933608_485478_image.jpeg,Optimistic,0.8595,0.8595,0.0001,0.0008,0.1396
Sample_Dataset/Reichel/images_with_faces/933638_485510_image.jpeg,Optimistic,0.5784,0.5784,0.002,0.0052,0.4144
Sample_Dataset/Reichel/images_with_faces/933644_485512_image.jpeg,Pessimistic,0.8059,0.1744,0.8059,0.0028,0.0169
Sample_Dataset/Reichel/images_with_faces/933648_485515_image.jpeg,Optimistic,0.6222,0.6222,0.0007,0.0009,0.3762
Sample_Dataset/Reichel/images_with_faces/933650_485517_image.jpeg,Neutral,0.8525,0.1349,0.0003,0.0123,0.8525
Sample_Dataset/Reichel/images_with_faces/933653_485518_image.jpeg,Optimistic,0.6072,0.6072,0.0039,0.0054,0.3835
Sample_Dataset/Reichel/images_with_faces/933658_485521_image.jpeg,Neutral,0.9157,0.0722,0.0105,0.0016,0.9157
Sample_Dataset/Reichel/images_with_faces/933659_485522_image.jpeg,Neutral,0.9683,0.0274,0.0015,0.0027,0.9683
Sample_Dataset/Reichel/images_with_faces/933661_485523_image.jpeg,Neutral,0.8754,0.1063,0.004,0.0142,0.8754
Sample_Dataset/Reichel/images_with_faces/933673_485527_image.jpeg,Neutral,0.8575,0.1358,0.0005,0.0063,0.8575
Sample_Dataset/Reichel/images_with_faces/933678_485530_image.jpeg,Optimistic,0.7507,0.7507,0.0005,0.0004,0.2484
Sample_Dataset/Reichel/images_with_faces/933682_485532_image.jpeg,Neutral,0.7966,0.0501,0.0162,0.137,0.7966
Sample_Dataset/Reichel/images_with_faces/933820_485634_image.jpeg,Neutral,0.9311,0.0356,0.0002,0.0331,0.9311
Sample_Dataset/Reichel/images_with_faces/933881_485662_image.jpeg,Neutral,0.6076,0.1789,0.0708,0.1427,0.6076
Sample_Dataset/Reichel/images_with_faces/934076_485787_image.jpeg,Hostile,0.9915,0.0067,0.0004,0.9915,0.0014
Sample_Dataset/Reichel/images_with_faces/934097_485799_image.jpeg,Optimistic,0.9956,0.9956,0.0001,0.0005,0.0037
Sample_Dataset/Reichel/images_with_faces/934105_485806_image.jpeg,Neutral,0.6858,0.1882,0.1008,0.0252,0.6858
Sample_Dataset/Reichel/images_with_faces/934120_485820_image.jpeg,Optimistic,0.9363,0.9363,0.0103,0.0039,0.0494
Sample_Dataset/Reichel/images_with_faces/934150_485845_image.jpeg,Neutral,0.909,0.0397,0.0016,0.0497,0.909
Sample_Dataset/Reichel/images_with_faces/934311_485936_image.jpeg,Hostile,0.6104,0.193,0.0008,0.6104,0.1958
Sample_Dataset/Reichel/images_with_faces/934504_486061_image.jpeg,Hostile,0.7391,0.2224,0.0005,0.7391,0.0379
Sample_Dataset/Reichel/images_with_faces/934539_486087_image.jpeg,Optimistic,0.963,0.963,0.0011,0.0293,0.0066
Sample_Dataset/Reichel/images_with_faces/934604_486159_image.jpeg,Neutral,0.9533,0.0445,0.0008,0.0014,0.9533
Sample_Dataset/Reichel/images_with_faces/934696_486219_image.jpeg,Optimistic,0.9687,0.9687,0.0052,0.0248,0.0013
Sample_Dataset/Reichel/images_with_faces/934698_486220_image.jpeg,Optimistic,0.63,0.63,0.004,0.0111,0.3549
Sample_Dataset/Reichel/images_with_faces/934703_486221_image.jpeg,Neutral,0.9302,0.0359,0.0002,0.0336,0.9302
Sample_Dataset/Reichel/images_with_faces/934708_486222_image.jpeg,Optimistic,0.7459,0.7459,0.0007,0.002,0.2513
Sample_Dataset/Reichel/images_with_faces/934709_486223_image.jpeg,Optimistic,0.5914,0.5914,0.0058,0.0048,0.398
Sample_Dataset/Reichel/images_with_faces/934710_486224_image.jpeg,Neutral,0.8249,0.1399,0.0003,0.035,0.8249
Sample_Dataset/Reichel/images_with_faces/934715_486225_image.jpeg,Optimistic,0.5629,0.5629,0.0033,0.0036,0.4302
Sample_Dataset/Reichel/images_with_faces/934717_486226_image.jpeg,Neutral,0.8503,0.0791,0.0213,0.0492,0.8503
Sample_Dataset/Reichel/images_with_faces/934720_486227_image.jpeg,Neutral,0.77,0.212,0.0104,0.0076,0.77
Sample_Dataset/Reichel/images_with_faces/934723_486228_image.jpeg,Neutral,0.9531,0.0353,0.0029,0.0087,0.9531
Sample_Dataset/Reichel/images_with_faces/934726_486229_image.jpeg,Neutral,0.8511,0.1318,0.003,0.0142,0.8511
Sample_Dataset/Reichel/images_with_faces/934728_486230_image.jpeg,Optimistic,0.6068,0.6068,0.0001,0.0006,0.3925
Sample_Dataset/Reichel/images_with_faces/934729_486231_image.jpeg,Optimistic,0.8506,0.8506,0.0005,0.0021,0.1468
Sample_Dataset/Reichel/images_with_faces/934734_486233_image.jpeg,Neutral,0.6528,0.343,0.0016,0.0026,0.6528
Sample_Dataset/Reichel/images_with_faces/934735_486234_image.jpeg,Optimistic,0.5006,0.5006,0.0014,0.0038,0.4942
Sample_Dataset/Reichel/images_with_faces/934738_486235_image.jpeg,Pessimistic,0.6855,0.0157,0.6855,0.0331,0.2657
Sample_Dataset/Reichel/images_with_faces/934744_486236_image.jpeg,Hostile,0.4744,0.076,0.267,0.4744,0.1826
Sample_Dataset/Reichel/images_with_faces/934746_486237_image.jpeg,Neutral,0.9358,0.0635,0.0002,0.0005,0.9358
Sample_Dataset/Reichel/images_with_faces/934766_486238_image.jpeg,Optimistic,0.4049,0.4049,0.0799,0.1563,0.359
Sample_Dataset/Reichel/images_with_faces/934795_486246_image.jpeg,Optimistic,0.8651,0.8651,0.0046,0.0642,0.0661
Sample_Dataset/Reichel/images_with_faces/934797_486247_image.jpeg,Optimistic,0.9898,0.9898,0.0072,0.002,0.001
Sample_Dataset/Reichel/images_with_faces/934798_486249_image.jpeg,Neutral,0.7114,0.0199,0.1417,0.127,0.7114
Sample_Dataset/Reichel/images_with_faces/934805_486250_image.jpeg,Optimistic,0.5263,0.5263,0.0137,0.0472,0.4129
Sample_Dataset/Reichel/images_with_faces/934817_486261_image.jpeg,Neutral,0.7044,0.1365,0.1363,0.0228,0.7044
Sample_Dataset/Reichel/images_with_faces/934843_486281_image.jpeg,Optimistic,0.6643,0.6643,0.1872,0.1279,0.0206
Sample_Dataset/Reichel/images_with_faces/941537_491768_image.jpeg,Optimistic,0.8226,0.8226,0.0014,0.0022,0.1738
Sample_Dataset/Reichel/images_with_faces/941571_491794_image.jpeg,Neutral,0.9832,0.0154,0.0004,0.0011,0.9832
Sample_Dataset/Reichel/images_with_faces/941743_491897_image.jpeg,Optimistic,0.957,0.957,0.0001,0.0001,0.0428
Sample_Dataset/Reichel/images_with_faces/941779_491935_image.jpeg,Optimistic,0.9753,0.9753,0.0001,0.0025,0.0221
Sample_Dataset/Reichel/images_with_faces/941786_491942_image.jpeg,Optimistic,0.9482,0.9482,0.0463,0.0003,0.0052
Sample_Dataset/Reichel/images_with_faces/941819_491964_image.jpeg,Neutral,0.7699,0.1636,0.0275,0.039,0.7699
Sample_Dataset/Reichel/images_with_faces/941844_491990_image.jpeg,Neutral,0.9361,0.0597,0.0019,0.0023,0.9361
Sample_Dataset/Reichel/images_with_faces/941866_492007_image.jpeg,Neutral,0.9397,0.0554,0.0007,0.0042,0.9397
Sample_Dataset/Reichel/images_with_faces/941917_492036_image.jpeg,Neutral,0.6657,0.248,0.0636,0.0228,0.6657
Sample_Dataset/Reichel/images_with_faces/942145_492226_image.jpeg,Neutral,0.6247,0.3683,0.002,0.0051,0.6247
Sample_Dataset/Reichel/images_with_faces/942182_492251_image.jpeg,Neutral,0.8801,0.1041,0.0076,0.0082,0.8801
Sample_Dataset/Reichel/images_with_faces/942810_492664_image.jpeg,Neutral,0.4813,0.328,0.0897,0.101,0.4813
Sample_Dataset/Reichel/images_with_faces/943071_492809_image.jpeg,Hostile,0.8992,0.0078,0.0917,0.8992,0.0013
Sample_Dataset/Reichel/images_with_faces/943338_493003_image.jpeg,Neutral,0.8605,0.0567,0.0453,0.0375,0.8605
Sample_Dataset/Reichel/images_with_faces/943341_493004_image.jpeg,Neutral,0.5428,0.2823,0.0034,0.1715,0.5428
Sample_Dataset/Reichel/images_with_faces/943345_493008_image.jpeg,Optimistic,0.9626,0.9626,0.0002,0.0234,0.0138
Sample_Dataset/Reichel/images_with_faces/943346_493009_image.jpeg,Neutral,0.5536,0.4448,0.0004,0.0013,0.5536
Sample_Dataset/Reichel/images_with_faces/943347_493010_image.jpeg,Neutral,0.5668,0.431,0.0004,0.0018,0.5668
Sample_Dataset/Reichel/images_with_faces/943443_493064_image.jpeg,Neutral,0.4866,0.2177,0.1427,0.1529,0.4866
Sample_Dataset/Reichel/images_with_faces/943562_493141_image.jpeg,Optimistic,0.9814,0.9814,0.0144,0.0014,0.0028
Sample_Dataset/Reichel/images_with_faces/943563_493142_image.jpeg,Neutral,0.8579,0.1307,0.0025,0.0089,0.8579
Sample_Dataset/Reichel/images_with_faces/949442_496619_image.jpeg,Optimistic,0.9877,0.9877,0.0022,0.0097,0.0004
Sample_Dataset/Reichel/images_with_faces/950373_497139_image.jpeg,Optimistic,0.5364,0.5364,0.0112,0.0452,0.4072
Sample_Dataset/Reichel/images_with_faces/950473_497221_image.jpeg,Optimistic,0.9706,0.9706,0.0023,0.0154,0.0116
Sample_Dataset/Reichel/images_with_faces/950592_497309_image.jpeg,Unknown,0.3233,0.2894,0.3233,0.0738,0.3135
Sample_Dataset/Reichel/images_with_faces/951001_497397_image.jpeg,Neutral,0.5211,0.4323,0.0344,0.0123,0.5211
Sample_Dataset/Reichel/images_with_faces/951229_497485_image.jpeg,Optimistic,0.9364,0.9364,0.0036,0.0286,0.0314
Sample_Dataset/Reichel/images_with_faces/951415_497582_image.jpeg,Optimistic,0.7216,0.7216,0.1196,0.0033,0.1555
Sample_Dataset/Reichel/images_with_faces/951877_497843_image.jpeg,Neutral,0.9388,0.0593,0.0002,0.0017,0.9388
Sample_Dataset/Reichel/images_with_faces/952018_497943_image.jpeg,Optimistic,0.4969,0.4969,0.0034,0.0853,0.4144
Sample_Dataset/Reichel/images_with_faces/955999_500994_image.jpeg,Optimistic,0.9877,0.9877,0.0022,0.0097,0.0004
Sample_Dataset/Reichel/images_with_faces/957065_501566_image.jpeg,Optimistic,0.8578,0.8578,0.0027,0.0198,0.1197
Sample_Dataset/Reichel/images_with_faces/957170_501649_image.jpeg,Neutral,0.7474,0.0249,0.1522,0.0754,0.7474
Sample_Dataset/Reichel/images_with_faces/957531_501831_image.jpeg,Optimistic,0.9903,0.9903,0.0,0.0026,0.007
Sample_Dataset/Reichel/images_with_faces/957534_501832_image.jpeg,Pessimistic,0.8723,0.1013,0.8723,0.0034,0.023
Sample_Dataset/Reichel/images_with_faces/957579_501871_image.jpeg,Optimistic,0.9729,0.9729,0.0002,0.0105,0.0165
Sample_Dataset/Reichel/images_with_faces/958286_502277_image.jpeg,Optimistic,0.5223,0.5223,0.0028,0.0014,0.4735
Sample_Dataset/Reichel/images_with_faces/959367_502794_image.jpeg,Neutral,0.9972,0.0018,0.0,0.001,0.9972
Sample_Dataset/Reichel/images_with_faces/959389_502815_image.jpeg,Neutral,0.862,0.0023,0.0003,0.1354,0.862
Sample_Dataset/Reichel/images_with_faces/959395_502820_image.jpeg,Optimistic,0.9933,0.9933,0.0,0.0,0.0067
Sample_Dataset/Reichel/images_with_faces/959421_502839_image.jpeg,Hostile,0.6311,0.3441,0.007,0.6311,0.0178
Sample_Dataset/Reichel/images_with_faces/959435_502847_image.jpeg,Pessimistic,0.4736,0.3013,0.4736,0.0128,0.2123
Sample_Dataset/Reichel/images_with_faces/959454_502853_image.jpeg,Hostile,0.8121,0.1865,0.0006,0.8121,0.0009
Sample_Dataset/Reichel/images_with_faces/959497_502882_image.jpeg,Optimistic,0.7226,0.7226,0.0042,0.2615,0.0117
Sample_Dataset/Reichel/images_with_faces/959502_502886_image.jpeg,Optimistic,0.6398,0.6398,0.042,0.0764,0.2418
Sample_Dataset/Reichel/images_with_faces/959529_502898_image.jpeg,Optimistic,0.8013,0.8013,0.0193,0.1106,0.0688
Sample_Dataset/Reichel/images_with_faces/959628_502996_image.jpeg,Neutral,0.7332,0.0331,0.0663,0.1674,0.7332
Sample_Dataset/Reichel/images_with_faces/959651_503014_image.jpeg,Neutral,0.8669,0.1129,0.0158,0.0044,0.8669
Sample_Dataset/Reichel/images_with_faces/961972_504600_image.jpeg,Hostile,0.906,0.0907,0.0004,0.906,0.0029
Sample_Dataset/Reichel/images_with_faces/962495_504890_image.jpeg,Optimistic,0.9877,0.9877,0.0001,0.0002,0.0121
Sample_Dataset/Reichel/images_with_faces/962500_504895_image.jpeg,Neutral,0.4324,0.4191,0.028,0.1205,0.4324
Sample_Dataset/Reichel/images_with_faces/962526_504912_image.jpeg,Hostile,0.592,0.186,0.0005,0.592,0.2215
Sample_Dataset/Reichel/images_with_faces/962575_504936_image.jpeg,Unknown,0.3955,0.0231,0.3116,0.3955,0.2698
Sample_Dataset/Reichel/images_with_faces/962706_505026_image.jpeg,Optimistic,0.9838,0.9838,0.0007,0.0132,0.0023
Sample_Dataset/Reichel/images_with_faces/962711_505028_image.jpeg,Neutral,0.7739,0.2158,0.0099,0.0004,0.7739
Sample_Dataset/Reichel/images_with_faces/962748_505046_image.jpeg,Neutral,0.9186,0.0369,0.0004,0.0441,0.9186
Sample_Dataset/Reichel/images_with_faces/964657_506204_image.jpeg,Hostile,0.6497,0.0932,0.0145,0.6497,0.2426
Sample_Dataset/Reichel/images_with_faces/964965_506425_image.jpeg,Optimistic,0.8859,0.8859,0.0026,0.0082,0.1033
Sample_Dataset/Reichel/images_with_faces/964971_506431_image.jpeg,Optimistic,0.5512,0.5512,0.0219,0.3367,0.0902
Sample_Dataset/Reichel/images_with_faces/964988_506445_image.jpeg,Hostile,0.9478,0.0516,0.0001,0.9478,0.0005
Sample_Dataset/Reichel/images_with_faces/964989_506446_image.jpeg,Neutral,0.9925,0.0066,0.0,0.0009,0.9925
Sample_Dataset/Reichel/images_with_faces/965015_506470_image.jpeg,Neutral,0.5606,0.3516,0.0011,0.0867,0.5606
Sample_Dataset/Reichel/images_with_faces/965016_506471_image.jpeg,Optimistic,0.8949,0.8949,0.0017,0.1006,0.0029
Sample_Dataset/Reichel/images_with_faces/965025_506480_image.jpeg,Optimistic,0.9064,0.9064,0.0002,0.0107,0.0826
Sample_Dataset/Reichel/images_with_faces/965037_506492_image.jpeg,Optimistic,0.5593,0.5593,0.0646,0.1853,0.1907
Sample_Dataset/Reichel/images_with_faces/965209_506621_image.jpeg,Optimistic,0.9786,0.9786,0.0001,0.0209,0.0005
Sample_Dataset/Reichel/images_with_faces/965303_506682_image.jpeg,Hostile,0.7453,0.1859,0.0481,0.7453,0.0207
Sample_Dataset/Reichel/images_with_faces/965346_506705_image.jpeg,Optimistic,0.9698,0.9698,0.0002,0.0005,0.0295
Sample_Dataset/Reichel/images_with_faces/965588_506866_image.jpeg,Neutral,0.9903,0.0029,0.0063,0.0004,0.9903
Sample_Dataset/Reichel/images_with_faces/965795_507042_image.jpeg,Neutral,0.5787,0.2891,0.0534,0.0788,0.5787
Sample_Dataset/Reichel/images_with_faces/965797_507044_image.jpeg,Optimistic,0.976,0.976,0.0011,0.003,0.02
Sample_Dataset/Reichel/images_with_faces/967015_508225_image.jpeg,Hostile,0.9432,0.0038,0.0499,0.9432,0.0031
Sample_Dataset/Reichel/images_with_faces/970144_510936_image.jpeg,Neutral,0.7867,0.2128,0.0001,0.0004,0.7867
Sample_Dataset/Reichel/images_with_faces/970150_510941_image.jpeg,Neutral,0.9631,0.0104,0.0012,0.0253,0.9631
Sample_Dataset/Reichel/images_with_faces/970191_510967_image.jpeg,Pessimistic,0.6556,0.053,0.6556,0.0089,0.2826
Sample_Dataset/Reichel/images_with_faces/970255_511005_image.jpeg,Optimistic,0.5614,0.5614,0.1368,0.0163,0.2855
Sample_Dataset/Reichel/images_with_faces/970257_511007_image.jpeg,Optimistic,0.9875,0.9875,0.0004,0.0018,0.0103
Sample_Dataset/Reichel/images_with_faces/970264_511011_image.jpeg,Neutral,0.9969,0.0031,0.0,0.0,0.9969
Sample_Dataset/Reichel/images_with_faces/970279_511020_image.jpeg,Optimistic,0.5671,0.5671,0.0568,0.0126,0.3636
Sample_Dataset/Reichel/images_with_faces/970284_511023_image.jpeg,Neutral,0.9155,0.0733,0.0031,0.0082,0.9155
Sample_Dataset/Reichel/images_with_faces/970319_511043_image.jpeg,Neutral,0.9177,0.0813,0.0001,0.0008,0.9177
Sample_Dataset/Reichel/images_with_faces/970331_511055_image.jpeg,Neutral,0.9522,0.0189,0.0198,0.0092,0.9522
Sample_Dataset/Reichel/images_with_faces/970354_511075_image.jpeg,Optimistic,0.9386,0.9386,0.0001,0.0001,0.0612
Sample_Dataset/Reichel/images_with_faces/970376_511096_image.jpeg,Neutral,0.5235,0.3507,0.0054,0.1203,0.5235
Sample_Dataset/Reichel/images_with_faces/970387_511104_image.jpeg,Neutral,0.9436,0.0199,0.0003,0.0362,0.9436
Sample_Dataset/Reichel/images_with_faces/970405_511117_image.jpeg,Neutral,0.9779,0.0204,0.0012,0.0005,0.9779
Sample_Dataset/Reichel/images_with_faces/970443_511139_image.jpeg,Neutral,0.7078,0.2319,0.0385,0.0218,0.7078
Sample_Dataset/Reichel/images_with_faces/970457_511153_image.jpeg,Neutral,0.8934,0.1007,0.0002,0.0057,0.8934
Sample_Dataset/Reichel/images_with_faces/970472_511170_image.jpeg,Optimistic,0.6938,0.6938,0.044,0.0513,0.2108
Sample_Dataset/Reichel/images_with_faces/970486_511185_image.jpeg,Optimistic,0.467,0.467,0.077,0.0089,0.4471
Sample_Dataset/Reichel/images_with_faces/970489_511188_image.jpeg,Neutral,0.903,0.0957,0.0008,0.0005,0.903
Sample_Dataset/Reichel/images_with_faces/970514_511212_image.jpeg,Neutral,0.49,0.2186,0.09,0.2014,0.49
Sample_Dataset/Reichel/images_with_faces/970517_511214_image.jpeg,Optimistic,0.7503,0.7503,0.0012,0.1093,0.1392
Sample_Dataset/Reichel/images_with_faces/970521_511218_image.jpeg,Neutral,0.634,0.0235,0.0105,0.332,0.634
Sample_Dataset/Reichel/images_with_faces/970537_511233_image.jpeg,Neutral,0.6387,0.3122,0.0212,0.0279,0.6387
Sample_Dataset/Reichel/images_with_faces/970549_511240_image.jpeg,Neutral,0.9402,0.0598,0.0,0.0,0.9402
Sample_Dataset/Reichel/images_with_faces/970568_511250_image.jpeg,Optimistic,0.8818,0.8818,0.0251,0.0055,0.0877
Sample_Dataset/Reichel/images_with_faces/970613_511271_image.jpeg,Neutral,0.6114,0.2705,0.1082,0.0099,0.6114
Sample_Dataset/Reichel/images_with_faces/970634_511277_image.jpeg,Optimistic,0.8548,0.8548,0.0013,0.1105,0.0334
Sample_Dataset/Reichel/images_with_faces/970639_511279_image.jpeg,Optimistic,0.9705,0.9705,0.0,0.0239,0.0056
Sample_Dataset/Reichel/images_with_faces/970649_511286_image.jpeg,Neutral,0.5177,0.4819,0.0003,0.0002,0.5177
Sample_Dataset/Reichel/images_with_faces/970701_511318_image.jpeg,Optimistic,0.9593,0.9593,0.0002,0.0006,0.0399
Sample_Dataset/Reichel/images_with_faces/970741_511348_image.jpeg,Hostile,0.6781,0.1168,0.0461,0.6781,0.1591
Sample_Dataset/Reichel/images_with_faces/970815_511389_image.jpeg,Optimistic,0.4575,0.4575,0.0227,0.1046,0.4153
Sample_Dataset/Reichel/images_with_faces/971006_511453_image.jpeg,Optimistic,0.4188,0.4188,0.0193,0.2867,0.2751
Sample_Dataset/Reichel/images_with_faces/971016_511456_image.jpeg,Neutral,0.6413,0.129,0.008,0.2217,0.6413
Sample_Dataset/Reichel/images_with_faces/971023_511459_image.jpeg,Neutral,0.8987,0.0886,0.0013,0.0114,0.8987
Sample_Dataset/Reichel/images_with_faces/971033_511475_image.jpeg,Neutral,0.6171,0.3807,0.0001,0.0021,0.6171
Sample_Dataset/Reichel/images_with_faces/971035_511477_image.jpeg,Unknown,0.3872,0.2879,0.2,0.3872,0.1249
Sample_Dataset/Reichel/images_with_faces/971041_511481_image.jpeg,Neutral,0.9777,0.0213,0.0004,0.0006,0.9777
Sample_Dataset/Reichel/images_with_faces/971053_511482_image.jpeg,Optimistic,0.8555,0.8555,0.1429,0.0006,0.0011
Sample_Dataset/Reichel/images_with_faces/971071_511486_image.jpeg,Pessimistic,0.6987,0.0506,0.6987,0.1022,0.1484
Sample_Dataset/Reichel/images_with_faces/971084_511500_image.jpeg,Neutral,0.9464,0.0291,0.0068,0.0176,0.9464
Sample_Dataset/Reichel/images_with_faces/971086_511507_image.jpeg,Neutral,0.5781,0.2009,0.0433,0.1777,0.5781
Sample_Dataset/Reichel/images_with_faces/972342_512575_image.jpeg,Optimistic,0.9383,0.9383,0.0141,0.0117,0.0359
Sample_Dataset/Reichel/images_with_faces/972859_512872_image.jpeg,Hostile,0.9941,0.0036,0.0002,0.9941,0.0021
Sample_Dataset/Reichel/images_with_faces/973196_513160_image.jpeg,Unknown,0.3965,0.144,0.1675,0.3965,0.292
Sample_Dataset/Reichel/images_with_faces/973249_513210_image.jpeg,Optimistic,0.9792,0.9792,0.0002,0.0021,0.0185
Sample_Dataset/Reichel/images_with_faces/973255_513216_image.jpeg,Hostile,0.9044,0.0664,0.0077,0.9044,0.0215
Sample_Dataset/Reichel/images_with_faces/973270_513231_image.jpeg,Neutral,0.9753,0.0141,0.0064,0.0042,0.9753
Sample_Dataset/Reichel/images_with_faces/973272_513233_image.jpeg,Neutral,0.8014,0.0562,0.1276,0.0147,0.8014
Sample_Dataset/Reichel/images_with_faces/973300_513253_image.jpeg,Neutral,0.9853,0.0141,0.0,0.0006,0.9853
Sample_Dataset/Reichel/images_with_faces/973316_513267_image.jpeg,Neutral,0.9822,0.0158,0.0003,0.0017,0.9822
Sample_Dataset/Reichel/images_with_faces/973320_513270_image.jpeg,Optimistic,0.8421,0.8421,0.048,0.0429,0.0671
Sample_Dataset/Reichel/images_with_faces/973417_513303_image.jpeg,Neutral,0.659,0.2463,0.0903,0.0044,0.659
Sample_Dataset/Reichel/images_with_faces/973533_513373_image.jpeg,Hostile,0.9503,0.0216,0.0106,0.9503,0.0175
Sample_Dataset/Reichel/images_with_faces/973537_513378_image.jpeg,Optimistic,0.5178,0.5178,0.3624,0.0527,0.0671
Sample_Dataset/Reichel/images_with_faces/973609_513426_image.jpeg,Neutral,0.6799,0.1201,0.1289,0.0711,0.6799
Sample_Dataset/Reichel/images_with_faces/973748_513488_image.jpeg,Optimistic,0.6278,0.6278,0.1051,0.1302,0.1369
Sample_Dataset/Reichel/images_with_faces/974060_513699_image.jpeg,Neutral,0.5995,0.2383,0.0178,0.1444,0.5995
Sample_Dataset/Reichel/images_with_faces/974066_513701_image.jpeg,Neutral,0.7345,0.156,0.0952,0.0144,0.7345
Sample_Dataset/Reichel/images_with_faces/974067_513702_image.jpeg,Neutral,0.9356,0.0519,0.0004,0.0121,0.9356
Sample_Dataset/Reichel/images_with_faces/976454_514374_image.jpeg,Neutral,0.7296,0.0709,0.0243,0.1751,0.7296
Sample_Dataset/Reichel/images_with_faces/976455_514375_image.jpeg,Neutral,0.868,0.0576,0.0133,0.0611,0.868
Sample_Dataset/Reichel/images_with_faces/976475_514381_image.jpeg,Pessimistic,0.9605,0.0359,0.9605,0.0001,0.0035
Sample_Dataset/Reichel/images_with_faces/976482_514384_image.jpeg,Optimistic,0.8588,0.8588,0.0008,0.002,0.1383
Sample_Dataset/Reichel/images_with_faces/977357_514988_image.jpeg,Hostile,0.9523,0.033,0.0001,0.9523,0.0146
Sample_Dataset/Reichel/images_with_faces/977898_515281_image.jpeg,Neutral,0.9753,0.0218,0.0009,0.0019,0.9753
Sample_Dataset/Reichel/images_with_faces/977983_515357_image.jpeg,Neutral,0.6471,0.2666,0.0037,0.0826,0.6471
Sample_Dataset/Reichel/images_with_faces/977997_515373_image.jpeg,Neutral,0.7317,0.1958,0.0566,0.0159,0.7317
Sample_Dataset/Reichel/images_with_faces/978012_515389_image.jpeg,Neutral,0.5775,0.4054,0.0047,0.0123,0.5775
Sample_Dataset/Reichel/images_with_faces/978015_515392_image.jpeg,Neutral,0.8029,0.0685,0.0717,0.0569,0.8029
Sample_Dataset/Reichel/images_with_faces/978020_515398_image.jpeg,Optimistic,0.4858,0.4858,0.0159,0.0127,0.4856
Sample_Dataset/Reichel/images_with_faces/978030_515408_image.jpeg,Pessimistic,0.8411,0.1174,0.8411,0.0185,0.023
Sample_Dataset/Reichel/images_with_faces/978034_515413_image.jpeg,Hostile,0.8282,0.0512,0.0095,0.8282,0.111
Sample_Dataset/Reichel/images_with_faces/978079_515457_image.jpeg,Optimistic,0.6042,0.6042,0.0017,0.064,0.3301
Sample_Dataset/Reichel/images_with_faces/978114_515490_image.jpeg,Neutral,0.9479,0.0474,0.0028,0.0019,0.9479
Sample_Dataset/Reichel/images_with_faces/978118_515495_image.jpeg,Neutral,0.5562,0.4357,0.0026,0.0055,0.5562
Sample_Dataset/Reichel/images_with_faces/978141_515514_image.jpeg,Hostile,0.8946,0.0025,0.0779,0.8946,0.025
Sample_Dataset/Reichel/images_with_faces/978202_515568_image.jpeg,Hostile,0.9175,0.0233,0.0245,0.9175,0.0347
Sample_Dataset/Reichel/images_with_faces/978211_515577_image.jpeg,Hostile,0.6474,0.0353,0.2866,0.6474,0.0306
Sample_Dataset/Reichel/images_with_faces/978243_515602_image.jpeg,Pessimistic,0.5182,0.0021,0.5182,0.4672,0.0124
Sample_Dataset/Reichel/images_with_faces/978355_515665_image.jpeg,Neutral,0.9487,0.0481,0.0013,0.0018,0.9487
Sample_Dataset/Reichel/images_with_faces/978638_515835_image.jpeg,Neutral,0.7585,0.1506,0.0808,0.0102,0.7585
Sample_Dataset/Reichel/images_with_faces/978646_515840_image.jpeg,Neutral,0.7035,0.1217,0.1692,0.0057,0.7035
Sample_Dataset/Reichel/images_with_faces/978654_515847_image.jpeg,Optimistic,0.9674,0.9674,0.0069,0.0058,0.02
Sample_Dataset/Reichel/images_with_faces/978805_515950_image.jpeg,Optimistic,0.8604,0.8604,0.0024,0.016,0.1213
Sample_Dataset/Reichel/images_with_faces/979256_516209_image.jpeg,Neutral,0.7493,0.2385,0.002,0.0103,0.7493
Sample_Dataset/Reichel/images_with_faces/979279_516216_image.jpeg,Neutral,0.7489,0.1523,0.0547,0.0441,0.7489
Sample_Dataset/Reichel/images_with_faces/979284_516218_image.jpeg,Neutral,0.9786,0.0208,0.0005,0.0,0.9786
Sample_Dataset/Reichel/images_with_faces/979301_516220_image.jpeg,Neutral,0.5913,0.1008,0.1316,0.1762,0.5913
Sample_Dataset/Reichel/images_with_faces/979314_516222_image.jpeg,Pessimistic,0.9664,0.0084,0.9664,0.0124,0.0129
Sample_Dataset/Reichel/images_with_faces/979338_516231_image.jpeg,Neutral,0.6403,0.0637,0.0007,0.2953,0.6403
Sample_Dataset/Reichel/images_with_faces/979339_516232_image.jpeg,Optimistic,0.9886,0.9886,0.0001,0.0099,0.0014
Sample_Dataset/Reichel/images_with_faces/979364_516250_image.jpeg,Hostile,0.4227,0.2075,0.1118,0.4227,0.2581
Sample_Dataset/Reichel/images_with_faces/980468_517040_image.jpeg,Neutral,0.9291,0.0643,0.0029,0.0038,0.9291
Sample_Dataset/Reichel/images_with_faces/981268_517716_image.jpeg,Neutral,0.9527,0.0145,0.0309,0.0019,0.9527
Sample_Dataset/Reichel/images_with_faces/981869_518066_image.jpeg,Optimistic,0.9987,0.9987,0.0,0.0,0.0012
Sample_Dataset/Reichel/images_with_faces/981955_518089_image.jpeg,Optimistic,0.8158,0.8158,0.0002,0.0004,0.1836
Sample_Dataset/Reichel/images_with_faces/981997_518105_image.jpeg,Neutral,0.9554,0.0434,0.0006,0.0006,0.9554
Sample_Dataset/Reichel/images_with_faces/982000_518108_image.jpeg,Neutral,0.9478,0.0388,0.0011,0.0123,0.9478
Sample_Dataset/Reichel/images_with_faces/982045_518144_image.jpeg,Neutral,0.7732,0.2217,0.0007,0.0044,0.7732
Sample_Dataset/Reichel/images_with_faces/982046_518145_image.jpeg,Neutral,0.9697,0.0285,0.0,0.0017,0.9697
Sample_Dataset/Reichel/images_with_faces/982119_518209_image.jpeg,Neutral,0.5218,0.4266,0.0031,0.0486,0.5218
Sample_Dataset/Reichel/images_with_faces/982126_518215_image.jpeg,Unknown,0.3971,0.3971,0.0143,0.3596,0.229
Sample_Dataset/Reichel/images_with_faces/982134_518221_image.jpeg,Optimistic,0.9922,0.9922,0.0001,0.0012,0.0065
Sample_Dataset/Reichel/images_with_faces/982136_518223_image.jpeg,Neutral,0.5238,0.469,0.0006,0.0066,0.5238
Sample_Dataset/Reichel/images_with_faces/982165_518238_image.jpeg,Optimistic,0.9997,0.9997,0.0,0.0001,0.0002
Sample_Dataset/Reichel/images_with_faces/982232_518269_image.jpeg,Neutral,0.9784,0.0205,0.0005,0.0007,0.9784
Sample_Dataset/Reichel/images_with_faces/982233_518270_image.jpeg,Neutral,0.9879,0.0111,0.0003,0.0007,0.9879
Sample_Dataset/Reichel/images_with_faces/982392_518339_image.jpeg,Optimistic,0.8611,0.8611,0.0002,0.0455,0.0932
Sample_Dataset/Reichel/images_with_faces/982407_518347_image.jpeg,Optimistic,0.6417,0.6417,0.0237,0.0055,0.3291
Sample_Dataset/Reichel/images_with_faces/982411_518350_image.jpeg,Neutral,0.7672,0.123,0.087,0.0228,0.7672
Sample_Dataset/Reichel/images_with_faces/982417_518353_image.jpeg,Optimistic,0.6185,0.6185,0.0032,0.0571,0.3211
Sample_Dataset/Reichel/images_with_faces/982422_518354_image.jpeg,Neutral,0.7749,0.2018,0.0004,0.0229,0.7749
Sample_Dataset/Reichel/images_with_faces/982480_518377_image.jpeg,Neutral,0.994,0.0031,0.0021,0.0008,0.994
Sample_Dataset/Reichel/images_with_faces/982510_518396_image.jpeg,Neutral,0.9933,0.0049,0.0002,0.0016,0.9933
Sample_Dataset/Reichel/images_with_faces/982532_518410_image.jpeg,Neutral,0.9951,0.0048,0.0,0.0001,0.9951
Sample_Dataset/Reichel/images_with_faces/983246_518792_image.jpeg,Neutral,0.5033,0.2785,0.0679,0.1502,0.5033
Sample_Dataset/Reichel/images_with_faces/983260_518800_image.jpeg,Optimistic,0.9286,0.9286,0.0133,0.0004,0.0577
Sample_Dataset/Reichel/images_with_faces/983262_518802_image.jpeg,Hostile,0.6638,0.2198,0.014,0.6638,0.1024
Sample_Dataset/Reichel/images_with_faces/983272_518810_image.jpeg,Optimistic,0.716,0.716,0.1811,0.069,0.034
Sample_Dataset/Reichel/images_with_faces/983347_518862_image.jpeg,Neutral,0.7938,0.196,0.0075,0.0027,0.7938
Sample_Dataset/Reichel/images_with_faces/996683_521512_image.jpeg,Neutral,0.7452,0.2504,0.0004,0.004,0.7452
Sample_Dataset/Reichel/images_with_faces/996685_521515_image.jpeg,Neutral,0.817,0.1785,0.0004,0.0041,0.817
Sample_Dataset/Reichel/images_with_faces/996714_521518_image.jpeg,Neutral,0.6944,0.297,0.0004,0.0081,0.6944
Sample_Dataset/Reichel/images_with_faces/996763_521520_image.jpeg,Neutral,0.7025,0.2852,0.0005,0.0118,0.7025
Sample_Dataset/Reichel/images_with_faces/996770_521522_image.jpeg,Neutral,0.506,0.4824,0.0034,0.0081,0.506
Sample_Dataset/Reichel/images_with_faces/996773_521525_image.jpeg,Neutral,0.6448,0.3522,0.0015,0.0014,0.6448
Sample_Dataset/Reichel/images_with_faces/996858_521532_image.jpeg,Neutral,0.9416,0.0521,0.0042,0.0021,0.9416
Sample_Dataset/Reichel/images_with_faces/996860_521534_image.jpeg,Neutral,0.9489,0.045,0.004,0.0021,0.9489
